date,comparison_name,rolling_window_days,rolling_correlation
2022-09-30,ETF_BuyHold_pair,63,
2022-10-10,ETF_BuyHold_pair,63,
2022-10-11,ETF_BuyHold_pair,63,
2022-10-12,ETF_BuyHold_pair,63,
2022-10-13,ETF_BuyHold_pair,63,
2022-10-14,ETF_BuyHold_pair,63,
2022-10-17,ETF_BuyHold_pair,63,
2022-10-18,ETF_BuyHold_pair,63,
2022-10-19,ETF_BuyHold_pair,63,
2022-10-20,ETF_BuyHold_pair,63,
2022-10-21,ETF_BuyHold_pair,63,
2022-10-24,ETF_BuyHold_pair,63,
2022-10-25,ETF_BuyHold_pair,63,
2022-10-26,ETF_BuyHold_pair,63,
2022-10-27,ETF_BuyHold_pair,63,
2022-10-28,ETF_BuyHold_pair,63,
2022-10-31,ETF_BuyHold_pair,63,
2022-11-01,ETF_BuyHold_pair,63,
2022-11-02,ETF_BuyHold_pair,63,
2022-11-03,ETF_BuyHold_pair,63,
2022-11-04,ETF_BuyHold_pair,63,
2022-11-07,ETF_BuyHold_pair,63,
2022-11-08,ETF_BuyHold_pair,63,
2022-11-09,ETF_BuyHold_pair,63,
2022-11-10,ETF_BuyHold_pair,63,
2022-11-11,ETF_BuyHold_pair,63,
2022-11-14,ETF_BuyHold_pair,63,
2022-11-15,ETF_BuyHold_pair,63,
2022-11-16,ETF_BuyHold_pair,63,
2022-11-17,ETF_BuyHold_pair,63,
2022-11-18,ETF_BuyHold_pair,63,
2022-11-21,ETF_BuyHold_pair,63,
2022-11-22,ETF_BuyHold_pair,63,
2022-11-23,ETF_BuyHold_pair,63,
2022-11-24,ETF_BuyHold_pair,63,
2022-11-25,ETF_BuyHold_pair,63,
2022-11-28,ETF_BuyHold_pair,63,
2022-11-29,ETF_BuyHold_pair,63,
2022-11-30,ETF_BuyHold_pair,63,
2022-12-01,ETF_BuyHold_pair,63,
2022-12-02,ETF_BuyHold_pair,63,
2022-12-05,ETF_BuyHold_pair,63,
2022-12-06,ETF_BuyHold_pair,63,
2022-12-07,ETF_BuyHold_pair,63,
2022-12-08,ETF_BuyHold_pair,63,
2022-12-09,ETF_BuyHold_pair,63,
2022-12-12,ETF_BuyHold_pair,63,
2022-12-13,ETF_BuyHold_pair,63,
2022-12-14,ETF_BuyHold_pair,63,
2022-12-15,ETF_BuyHold_pair,63,
2022-12-16,ETF_BuyHold_pair,63,
2022-12-19,ETF_BuyHold_pair,63,
2022-12-20,ETF_BuyHold_pair,63,
2022-12-21,ETF_BuyHold_pair,63,
2022-12-22,ETF_BuyHold_pair,63,
2022-12-23,ETF_BuyHold_pair,63,
2022-12-26,ETF_BuyHold_pair,63,
2022-12-27,ETF_BuyHold_pair,63,
2022-12-28,ETF_BuyHold_pair,63,
2022-12-29,ETF_BuyHold_pair,63,
2022-12-30,ETF_BuyHold_pair,63,
2023-01-03,ETF_BuyHold_pair,63,
2023-01-04,ETF_BuyHold_pair,63,0.9532669704853034
2023-01-05,ETF_BuyHold_pair,63,0.9544026204324694
2023-01-06,ETF_BuyHold_pair,63,0.952210109969634
2023-01-09,ETF_BuyHold_pair,63,0.9522653508737896
2023-01-10,ETF_BuyHold_pair,63,0.9570350092978066
2023-01-11,ETF_BuyHold_pair,63,0.9564261693470106
2023-01-12,ETF_BuyHold_pair,63,0.9546220256920372
2023-01-13,ETF_BuyHold_pair,63,0.9555035540829564
2023-01-16,ETF_BuyHold_pair,63,0.9442637817867348
2023-01-17,ETF_BuyHold_pair,63,0.9424097701400865
2023-01-18,ETF_BuyHold_pair,63,0.9417572602398705
2023-01-19,ETF_BuyHold_pair,63,0.9406480738061871
2023-01-20,ETF_BuyHold_pair,63,0.9353602076542493
2023-01-30,ETF_BuyHold_pair,63,0.9332975129376608
2023-01-31,ETF_BuyHold_pair,63,0.9356990822391401
2023-02-01,ETF_BuyHold_pair,63,0.9340479826378619
2023-02-02,ETF_BuyHold_pair,63,0.9302341550123945
2023-02-03,ETF_BuyHold_pair,63,0.9299903120812182
2023-02-06,ETF_BuyHold_pair,63,0.9182699005971335
2023-02-07,ETF_BuyHold_pair,63,0.9181100567148616
2023-02-08,ETF_BuyHold_pair,63,0.9172072747556276
2023-02-09,ETF_BuyHold_pair,63,0.9063628200067725
2023-02-10,ETF_BuyHold_pair,63,0.9073574716746067
2023-02-13,ETF_BuyHold_pair,63,0.9063896357552667
2023-02-14,ETF_BuyHold_pair,63,0.9060126796530948
2023-02-15,ETF_BuyHold_pair,63,0.9114533001511361
2023-02-16,ETF_BuyHold_pair,63,0.8997995078027533
2023-02-17,ETF_BuyHold_pair,63,0.9039474878932663
2023-02-20,ETF_BuyHold_pair,63,0.9101065994292858
2023-02-21,ETF_BuyHold_pair,63,0.9102730545826506
2023-02-22,ETF_BuyHold_pair,63,0.9118030957737723
2023-02-23,ETF_BuyHold_pair,63,0.9115124209057839
2023-02-24,ETF_BuyHold_pair,63,0.9119131218059647
2023-02-27,ETF_BuyHold_pair,63,0.9134723287193057
2023-02-28,ETF_BuyHold_pair,63,0.9133338014978515
2023-03-01,ETF_BuyHold_pair,63,0.913756102284981
2023-03-02,ETF_BuyHold_pair,63,0.9142561167136843
2023-03-03,ETF_BuyHold_pair,63,0.9114393504330902
2023-03-06,ETF_BuyHold_pair,63,0.8942213191437371
2023-03-07,ETF_BuyHold_pair,63,0.8965280494408948
2023-03-08,ETF_BuyHold_pair,63,0.9230154585890048
2023-03-09,ETF_BuyHold_pair,63,0.9213180862632543
2023-03-10,ETF_BuyHold_pair,63,0.9182260252543023
2023-03-13,ETF_BuyHold_pair,63,0.9204846069779932
2023-03-14,ETF_BuyHold_pair,63,0.9216531642804282
2023-03-15,ETF_BuyHold_pair,63,0.9215371394771936
2023-03-16,ETF_BuyHold_pair,63,0.9210536598298805
2023-03-17,ETF_BuyHold_pair,63,0.9191727082510651
2023-03-20,ETF_BuyHold_pair,63,0.9212640485634149
2023-03-21,ETF_BuyHold_pair,63,0.9238750735803587
2023-03-22,ETF_BuyHold_pair,63,0.9257503867846123
2023-03-23,ETF_BuyHold_pair,63,0.9262751201122366
2023-03-24,ETF_BuyHold_pair,63,0.9220565508149888
2023-03-27,ETF_BuyHold_pair,63,0.9177045837470251
2023-03-28,ETF_BuyHold_pair,63,0.9178555882987509
2023-03-29,ETF_BuyHold_pair,63,0.9195626286258256
2023-03-30,ETF_BuyHold_pair,63,0.9214884748737264
2023-03-31,ETF_BuyHold_pair,63,0.9237927283386868
2023-04-03,ETF_BuyHold_pair,63,0.917766531280895
2023-04-04,ETF_BuyHold_pair,63,0.9223106174944178
2023-04-06,ETF_BuyHold_pair,63,0.9224021399395436
2023-04-07,ETF_BuyHold_pair,63,0.9230661691240607
2023-04-10,ETF_BuyHold_pair,63,0.9211957876002853
2023-04-11,ETF_BuyHold_pair,63,0.9218138296934623
2023-04-12,ETF_BuyHold_pair,63,0.9138025374526678
2023-04-13,ETF_BuyHold_pair,63,0.9060635975642136
2023-04-14,ETF_BuyHold_pair,63,0.9061006476923258
2023-04-17,ETF_BuyHold_pair,63,0.912172187002422
2023-04-18,ETF_BuyHold_pair,63,0.9124424020632498
2023-04-19,ETF_BuyHold_pair,63,0.9138497712536933
2023-04-20,ETF_BuyHold_pair,63,0.9088427427799094
2023-04-21,ETF_BuyHold_pair,63,0.9456353418713733
2023-04-24,ETF_BuyHold_pair,63,0.9476562291820537
2023-04-25,ETF_BuyHold_pair,63,0.9464726326532228
2023-04-26,ETF_BuyHold_pair,63,0.9467136531559067
2023-04-27,ETF_BuyHold_pair,63,0.945270090352095
2023-04-28,ETF_BuyHold_pair,63,0.9490781298895484
2023-05-04,ETF_BuyHold_pair,63,0.9448682704853187
2023-05-05,ETF_BuyHold_pair,63,0.9457803233627402
2023-05-08,ETF_BuyHold_pair,63,0.9473637831731292
2023-05-09,ETF_BuyHold_pair,63,0.9470139879735892
2023-05-10,ETF_BuyHold_pair,63,0.9443918282226925
2023-05-11,ETF_BuyHold_pair,63,0.9442282330112447
2023-05-12,ETF_BuyHold_pair,63,0.9464180447975014
2023-05-15,ETF_BuyHold_pair,63,0.9491345330996239
2023-05-16,ETF_BuyHold_pair,63,0.9488288216850195
2023-05-17,ETF_BuyHold_pair,63,0.9487142276351734
2023-05-18,ETF_BuyHold_pair,63,0.948653062152222
2023-05-19,ETF_BuyHold_pair,63,0.9479265290671782
2023-05-22,ETF_BuyHold_pair,63,0.9483224796546197
2023-05-23,ETF_BuyHold_pair,63,0.951350668663363
2023-05-24,ETF_BuyHold_pair,63,0.9445443106901249
2023-05-25,ETF_BuyHold_pair,63,0.9454623521789608
2023-05-26,ETF_BuyHold_pair,63,0.9443045171593585
2023-05-29,ETF_BuyHold_pair,63,0.944406286345289
2023-05-30,ETF_BuyHold_pair,63,0.940967149411894
2023-05-31,ETF_BuyHold_pair,63,0.9405868925443941
2023-06-01,ETF_BuyHold_pair,63,0.9405102588432209
2023-06-02,ETF_BuyHold_pair,63,0.9420342430403532
2023-06-05,ETF_BuyHold_pair,63,0.9422946428225417
2023-06-06,ETF_BuyHold_pair,63,0.9394737947404439
2023-06-07,ETF_BuyHold_pair,63,0.9393979989879221
2023-06-08,ETF_BuyHold_pair,63,0.9407644250896667
2023-06-09,ETF_BuyHold_pair,63,0.9415817222078612
2023-06-12,ETF_BuyHold_pair,63,0.9431436116611179
2023-06-13,ETF_BuyHold_pair,63,0.939189536514434
2023-06-14,ETF_BuyHold_pair,63,0.937723712754818
2023-06-15,ETF_BuyHold_pair,63,0.9400831231266683
2023-06-16,ETF_BuyHold_pair,63,0.9411629018596225
2023-06-19,ETF_BuyHold_pair,63,0.940882895970999
2023-06-20,ETF_BuyHold_pair,63,0.9404873451813042
2023-06-21,ETF_BuyHold_pair,63,0.9392569561046493
2023-06-26,ETF_BuyHold_pair,63,0.9391170141968304
2023-06-27,ETF_BuyHold_pair,63,0.9395177148080184
2023-06-28,ETF_BuyHold_pair,63,0.9400837741014926
2023-06-29,ETF_BuyHold_pair,63,0.9414468764749172
2023-06-30,ETF_BuyHold_pair,63,0.9400100711946455
2023-07-03,ETF_BuyHold_pair,63,0.9426850711032612
2023-07-04,ETF_BuyHold_pair,63,0.942919696914159
2023-07-05,ETF_BuyHold_pair,63,0.9412460694456874
2023-07-06,ETF_BuyHold_pair,63,0.9432436487555138
2023-07-07,ETF_BuyHold_pair,63,0.9479577262381963
2023-07-10,ETF_BuyHold_pair,63,0.948332810651832
2023-07-11,ETF_BuyHold_pair,63,0.9489461155551348
2023-07-12,ETF_BuyHold_pair,63,0.9461226480303662
2023-07-13,ETF_BuyHold_pair,63,0.9504686105350468
2023-07-14,ETF_BuyHold_pair,63,0.9504271771364433
2023-07-17,ETF_BuyHold_pair,63,0.9526784138417204
2023-07-18,ETF_BuyHold_pair,63,0.9587758027114462
2023-07-19,ETF_BuyHold_pair,63,0.9574409135425311
2023-07-20,ETF_BuyHold_pair,63,0.9551366812463018
2023-07-21,ETF_BuyHold_pair,63,0.9543723425140592
2023-07-24,ETF_BuyHold_pair,63,0.9539365078844686
2023-07-25,ETF_BuyHold_pair,63,0.9626032945171888
2023-07-26,ETF_BuyHold_pair,63,0.9606132956748137
2023-07-27,ETF_BuyHold_pair,63,0.9590748585499012
2023-07-28,ETF_BuyHold_pair,63,0.9656429894352916
2023-07-31,ETF_BuyHold_pair,63,0.9650289833751143
2023-08-01,ETF_BuyHold_pair,63,0.965572838892759
2023-08-02,ETF_BuyHold_pair,63,0.9656073866902578
2023-08-03,ETF_BuyHold_pair,63,0.9685925050094765
2023-08-04,ETF_BuyHold_pair,63,0.9668001580539207
2023-08-07,ETF_BuyHold_pair,63,0.9646728162165109
2023-08-08,ETF_BuyHold_pair,63,0.9646149850403309
2023-08-09,ETF_BuyHold_pair,63,0.964496624528714
2023-08-10,ETF_BuyHold_pair,63,0.9640186132183777
2023-08-11,ETF_BuyHold_pair,63,0.9662151300760272
2023-08-14,ETF_BuyHold_pair,63,0.9647728718938299
2023-08-15,ETF_BuyHold_pair,63,0.9650027865251553
2023-08-16,ETF_BuyHold_pair,63,0.9652113962426914
2023-08-17,ETF_BuyHold_pair,63,0.9652591725443782
2023-08-18,ETF_BuyHold_pair,63,0.9662898600272537
2023-08-21,ETF_BuyHold_pair,63,0.9681027798739786
2023-08-22,ETF_BuyHold_pair,63,0.9670219019102897
2023-08-23,ETF_BuyHold_pair,63,0.9663822449305864
2023-08-24,ETF_BuyHold_pair,63,0.9670558865965263
2023-08-25,ETF_BuyHold_pair,63,0.9647938924971646
2023-08-28,ETF_BuyHold_pair,63,0.965470331420358
2023-08-29,ETF_BuyHold_pair,63,0.9678304240850382
2023-08-30,ETF_BuyHold_pair,63,0.9702565261609861
2023-08-31,ETF_BuyHold_pair,63,0.9702613441180808
2023-09-01,ETF_BuyHold_pair,63,0.9696657747146719
2023-09-04,ETF_BuyHold_pair,63,0.9703868790527002
2023-09-05,ETF_BuyHold_pair,63,0.9719939840446099
2023-09-06,ETF_BuyHold_pair,63,0.9724964747965231
2023-09-07,ETF_BuyHold_pair,63,0.9716773238847407
2023-09-08,ETF_BuyHold_pair,63,0.9719635421016397
2023-09-11,ETF_BuyHold_pair,63,0.9722199132746404
2023-09-12,ETF_BuyHold_pair,63,0.9739092196208058
2023-09-13,ETF_BuyHold_pair,63,0.9732475813085351
2023-09-14,ETF_BuyHold_pair,63,0.9717759421721303
2023-09-15,ETF_BuyHold_pair,63,0.9715565177957222
2023-09-18,ETF_BuyHold_pair,63,0.9734662851819228
2023-09-19,ETF_BuyHold_pair,63,0.974608116209398
2023-09-20,ETF_BuyHold_pair,63,0.9748790533433084
2023-09-21,ETF_BuyHold_pair,63,0.9746447374760168
2023-09-22,ETF_BuyHold_pair,63,0.9764666269010944
2023-09-25,ETF_BuyHold_pair,63,0.976210762548694
2023-09-26,ETF_BuyHold_pair,63,0.9763333797112147
2023-09-27,ETF_BuyHold_pair,63,0.9777964736857995
2023-09-28,ETF_BuyHold_pair,63,0.975384118722195
2023-10-09,ETF_BuyHold_pair,63,0.9754022687246252
2023-10-10,ETF_BuyHold_pair,63,0.9754302980809558
2023-10-11,ETF_BuyHold_pair,63,0.9752713189660758
2023-10-12,ETF_BuyHold_pair,63,0.9758044258071036
2023-10-13,ETF_BuyHold_pair,63,0.976057082548019
2023-10-16,ETF_BuyHold_pair,63,0.9759012289918869
2023-10-17,ETF_BuyHold_pair,63,0.9772755890052154
2023-10-18,ETF_BuyHold_pair,63,0.975548810092023
2023-10-19,ETF_BuyHold_pair,63,0.9752776277584029
2023-10-20,ETF_BuyHold_pair,63,0.9756353892964916
2023-10-23,ETF_BuyHold_pair,63,0.975273894125066
2023-10-24,ETF_BuyHold_pair,63,0.9760462038723362
2023-10-25,ETF_BuyHold_pair,63,0.9759955384164135
2023-10-26,ETF_BuyHold_pair,63,0.9765206043738627
2023-10-27,ETF_BuyHold_pair,63,0.9736102653357759
2023-10-30,ETF_BuyHold_pair,63,0.9654575131402997
2023-10-31,ETF_BuyHold_pair,63,0.9655114100073561
2023-11-01,ETF_BuyHold_pair,63,0.9643487609801903
2023-11-02,ETF_BuyHold_pair,63,0.9580416308030266
2023-11-03,ETF_BuyHold_pair,63,0.9597005191280388
2023-11-06,ETF_BuyHold_pair,63,0.9574051611498148
2023-11-07,ETF_BuyHold_pair,63,0.9572803575248272
2023-11-08,ETF_BuyHold_pair,63,0.9562364005115686
2023-11-09,ETF_BuyHold_pair,63,0.9585385923944999
2023-11-10,ETF_BuyHold_pair,63,0.9593350223898425
2023-11-13,ETF_BuyHold_pair,63,0.9594069038880364
2023-11-14,ETF_BuyHold_pair,63,0.9596145368293989
2023-11-15,ETF_BuyHold_pair,63,0.9609464562994122
2023-11-16,ETF_BuyHold_pair,63,0.9568849889690866
2023-11-17,ETF_BuyHold_pair,63,0.9565445197653165
2023-11-20,ETF_BuyHold_pair,63,0.956721892950164
2023-11-21,ETF_BuyHold_pair,63,0.9552984016884974
2023-11-22,ETF_BuyHold_pair,63,0.9556671068548607
2023-11-23,ETF_BuyHold_pair,63,0.9542333317858033
2023-11-24,ETF_BuyHold_pair,63,0.9525352571255907
2023-11-27,ETF_BuyHold_pair,63,0.9198664571445294
2023-11-28,ETF_BuyHold_pair,63,0.9174833165415651
2023-11-29,ETF_BuyHold_pair,63,0.9154315358697643
2023-11-30,ETF_BuyHold_pair,63,0.9192372503784743
2023-12-01,ETF_BuyHold_pair,63,0.9150583375840626
2023-12-04,ETF_BuyHold_pair,63,0.9157018983206425
2023-12-05,ETF_BuyHold_pair,63,0.9230722609123985
2023-12-06,ETF_BuyHold_pair,63,0.9227228364357896
2023-12-07,ETF_BuyHold_pair,63,0.9212270015306817
2023-12-08,ETF_BuyHold_pair,63,0.9144760697844607
2023-12-11,ETF_BuyHold_pair,63,0.9142769617943232
2023-12-12,ETF_BuyHold_pair,63,0.9140637621108104
2023-12-13,ETF_BuyHold_pair,63,0.9207906150691644
2023-12-14,ETF_BuyHold_pair,63,0.920667381318409
2023-12-15,ETF_BuyHold_pair,63,0.9183970471488839
2023-12-18,ETF_BuyHold_pair,63,0.9149668475918913
2023-12-19,ETF_BuyHold_pair,63,0.9169637134608318
2023-12-20,ETF_BuyHold_pair,63,0.9165784617815068
2023-12-21,ETF_BuyHold_pair,63,0.9194465036421882
2023-12-22,ETF_BuyHold_pair,63,0.9190738609785809
2023-12-25,ETF_BuyHold_pair,63,0.9187590473395036
2023-12-26,ETF_BuyHold_pair,63,0.9180583568414354
2023-12-27,ETF_BuyHold_pair,63,0.9167602337431909
2023-12-28,ETF_BuyHold_pair,63,0.9171346934724263
2023-12-29,ETF_BuyHold_pair,63,0.9159170051573015
2024-01-02,ETF_BuyHold_pair,63,0.9174359602933763
2024-01-03,ETF_BuyHold_pair,63,0.9140577266732636
2024-01-04,ETF_BuyHold_pair,63,0.9161112681241356
2024-01-05,ETF_BuyHold_pair,63,0.9162622078453087
2024-01-08,ETF_BuyHold_pair,63,0.9167448299643953
2024-01-09,ETF_BuyHold_pair,63,0.9164430273352444
2024-01-10,ETF_BuyHold_pair,63,0.9138956433219786
2024-01-11,ETF_BuyHold_pair,63,0.9119112664927985
2024-01-12,ETF_BuyHold_pair,63,0.9108627602963733
2024-01-15,ETF_BuyHold_pair,63,0.9100814483576005
2024-01-16,ETF_BuyHold_pair,63,0.9127932697145845
2024-01-17,ETF_BuyHold_pair,63,0.9143194654681568
2024-01-18,ETF_BuyHold_pair,63,0.8405905951377122
2024-01-19,ETF_BuyHold_pair,63,0.839695596669102
2024-01-22,ETF_BuyHold_pair,63,0.8309116825925469
2024-01-23,ETF_BuyHold_pair,63,0.8220112493794348
2024-01-24,ETF_BuyHold_pair,63,0.833146051589789
2024-01-25,ETF_BuyHold_pair,63,0.8436509668357504
2024-01-26,ETF_BuyHold_pair,63,0.8460572300107957
2024-01-29,ETF_BuyHold_pair,63,0.8441713603987081
2024-01-30,ETF_BuyHold_pair,63,0.8516956751934628
2024-01-31,ETF_BuyHold_pair,63,0.8529033993201223
2024-02-01,ETF_BuyHold_pair,63,0.849273261364285
2024-02-02,ETF_BuyHold_pair,63,0.8487933556252191
2024-02-05,ETF_BuyHold_pair,63,0.8516732915707494
2024-02-06,ETF_BuyHold_pair,63,0.8728565656500804
2024-02-07,ETF_BuyHold_pair,63,0.875359643538961
2024-02-08,ETF_BuyHold_pair,63,0.873255058457974
2024-02-19,ETF_BuyHold_pair,63,0.8749176087175569
2024-02-20,ETF_BuyHold_pair,63,0.8735358015354274
2024-02-21,ETF_BuyHold_pair,63,0.8772220984899701
2024-02-22,ETF_BuyHold_pair,63,0.8769989972893951
2024-02-23,ETF_BuyHold_pair,63,0.8769534903434483
2024-02-26,ETF_BuyHold_pair,63,0.8766013986130909
2024-02-27,ETF_BuyHold_pair,63,0.8742556067582702
2024-02-28,ETF_BuyHold_pair,63,0.8727055750894148
2024-02-29,ETF_BuyHold_pair,63,0.8708076428853608
2024-03-01,ETF_BuyHold_pair,63,0.8679020632490484
2024-03-04,ETF_BuyHold_pair,63,0.8878296927082328
2024-03-05,ETF_BuyHold_pair,63,0.8888389691608412
2024-03-06,ETF_BuyHold_pair,63,0.8885857284273087
2024-03-07,ETF_BuyHold_pair,63,0.888805265695562
2024-03-08,ETF_BuyHold_pair,63,0.8883726679119996
2024-03-11,ETF_BuyHold_pair,63,0.8868126261855646
2024-03-12,ETF_BuyHold_pair,63,0.8798621943591918
2024-03-13,ETF_BuyHold_pair,63,0.8809192621659664
2024-03-14,ETF_BuyHold_pair,63,0.881322106980897
2024-03-15,ETF_BuyHold_pair,63,0.8809215371210279
2024-03-18,ETF_BuyHold_pair,63,0.8798964280268388
2024-03-19,ETF_BuyHold_pair,63,0.8813130392797103
2024-03-20,ETF_BuyHold_pair,63,0.8757101820806424
2024-03-21,ETF_BuyHold_pair,63,0.8751340009758732
2024-03-22,ETF_BuyHold_pair,63,0.8772222558467537
2024-03-25,ETF_BuyHold_pair,63,0.8774691424973935
2024-03-26,ETF_BuyHold_pair,63,0.8776046650262729
2024-03-27,ETF_BuyHold_pair,63,0.8767787671357329
2024-03-28,ETF_BuyHold_pair,63,0.8747433754072731
2024-03-29,ETF_BuyHold_pair,63,0.8751493351941951
2024-04-01,ETF_BuyHold_pair,63,0.8769484587917366
2024-04-02,ETF_BuyHold_pair,63,0.8764807151590013
2024-04-03,ETF_BuyHold_pair,63,0.8771697258556507
2024-04-08,ETF_BuyHold_pair,63,0.8662625836143591
2024-04-09,ETF_BuyHold_pair,63,0.8656011399940854
2024-04-10,ETF_BuyHold_pair,63,0.8607058331379098
2024-04-11,ETF_BuyHold_pair,63,0.8625039966788655
2024-04-12,ETF_BuyHold_pair,63,0.8622676320377228
2024-04-15,ETF_BuyHold_pair,63,0.8713469413789966
2024-04-16,ETF_BuyHold_pair,63,0.8674441998958409
2024-04-17,ETF_BuyHold_pair,63,0.8698818677261109
2024-04-18,ETF_BuyHold_pair,63,0.8691058113987639
2024-04-19,ETF_BuyHold_pair,63,0.8716094730140916
2024-04-22,ETF_BuyHold_pair,63,0.8716467967462207
2024-04-23,ETF_BuyHold_pair,63,0.8727377211040714
2024-04-24,ETF_BuyHold_pair,63,0.8725439941460852
2024-04-25,ETF_BuyHold_pair,63,0.8598782945161376
2024-04-26,ETF_BuyHold_pair,63,0.9212988756506062
2024-04-29,ETF_BuyHold_pair,63,0.9199739997620331
2024-04-30,ETF_BuyHold_pair,63,0.9259048364035176
2024-05-06,ETF_BuyHold_pair,63,0.9336159649040623
2024-05-07,ETF_BuyHold_pair,63,0.9311039374861236
2024-05-08,ETF_BuyHold_pair,63,0.9337925338217937
2024-05-09,ETF_BuyHold_pair,63,0.9349288002005206
2024-05-10,ETF_BuyHold_pair,63,0.9359149997330727
2024-05-13,ETF_BuyHold_pair,63,0.9312545473606394
2024-05-14,ETF_BuyHold_pair,63,0.9300039699390878
2024-05-15,ETF_BuyHold_pair,63,0.931868491573347
2024-05-16,ETF_BuyHold_pair,63,0.9305515139147562
2024-05-17,ETF_BuyHold_pair,63,0.9303935131800896
2024-05-20,ETF_BuyHold_pair,63,0.9152225260294198
2024-05-21,ETF_BuyHold_pair,63,0.9169326387242941
2024-05-22,ETF_BuyHold_pair,63,0.9184329402198174
2024-05-23,ETF_BuyHold_pair,63,0.9202359111291882
2024-05-24,ETF_BuyHold_pair,63,0.9250046794321429
2024-05-27,ETF_BuyHold_pair,63,0.9251580092122936
2024-05-28,ETF_BuyHold_pair,63,0.924220766204946
2024-05-29,ETF_BuyHold_pair,63,0.924211676697965
2024-05-30,ETF_BuyHold_pair,63,0.9296176628115719
2024-05-31,ETF_BuyHold_pair,63,0.9332559172905661
2024-06-03,ETF_BuyHold_pair,63,0.9334320378000704
2024-06-04,ETF_BuyHold_pair,63,0.936864596346836
2024-06-05,ETF_BuyHold_pair,63,0.941519533464502
2024-06-06,ETF_BuyHold_pair,63,0.9421571835623863
2024-06-07,ETF_BuyHold_pair,63,0.9453752773155276
2024-06-11,ETF_BuyHold_pair,63,0.9407529925456807
2024-06-12,ETF_BuyHold_pair,63,0.9408442229212006
2024-06-13,ETF_BuyHold_pair,63,0.9420789700664554
2024-06-14,ETF_BuyHold_pair,63,0.9434976360860796
2024-06-17,ETF_BuyHold_pair,63,0.9417337770666373
2024-06-18,ETF_BuyHold_pair,63,0.9408313994350846
2024-06-19,ETF_BuyHold_pair,63,0.9375637492924325
2024-06-20,ETF_BuyHold_pair,63,0.9368130936342831
2024-06-21,ETF_BuyHold_pair,63,0.9386671448472892
2024-06-24,ETF_BuyHold_pair,63,0.9349276456313261
2024-06-25,ETF_BuyHold_pair,63,0.9353342875703966
2024-06-26,ETF_BuyHold_pair,63,0.9328157415696346
2024-06-27,ETF_BuyHold_pair,63,0.9312193616452012
2024-06-28,ETF_BuyHold_pair,63,0.9343649585979271
2024-07-01,ETF_BuyHold_pair,63,0.9345553785406926
2024-07-02,ETF_BuyHold_pair,63,0.9293602668347174
2024-07-03,ETF_BuyHold_pair,63,0.929991312177961
2024-07-04,ETF_BuyHold_pair,63,0.9298011255573948
2024-07-05,ETF_BuyHold_pair,63,0.9271689951812593
2024-07-08,ETF_BuyHold_pair,63,0.9278745399570663
2024-07-09,ETF_BuyHold_pair,63,0.9301247250179875
2024-07-10,ETF_BuyHold_pair,63,0.9299174765331207
2024-07-11,ETF_BuyHold_pair,63,0.9354646468743529
2024-07-12,ETF_BuyHold_pair,63,0.9365529274461644
2024-07-15,ETF_BuyHold_pair,63,0.9360197676192681
2024-07-16,ETF_BuyHold_pair,63,0.9332755139090476
2024-07-17,ETF_BuyHold_pair,63,0.9204013006492361
2024-07-18,ETF_BuyHold_pair,63,0.9231368034786329
2024-07-19,ETF_BuyHold_pair,63,0.9211323159843229
2024-07-22,ETF_BuyHold_pair,63,0.9230456585849746
2024-07-23,ETF_BuyHold_pair,63,0.9238877844911768
2024-07-24,ETF_BuyHold_pair,63,0.9238162785478172
2024-07-25,ETF_BuyHold_pair,63,0.9202358244518377
2024-07-26,ETF_BuyHold_pair,63,0.910991000848804
2024-07-29,ETF_BuyHold_pair,63,0.9110055549702335
2024-07-30,ETF_BuyHold_pair,63,0.9055409717333144
2024-07-31,ETF_BuyHold_pair,63,0.9187150547712704
2024-08-01,ETF_BuyHold_pair,63,0.9192957403634392
2024-08-02,ETF_BuyHold_pair,63,0.9137016506686273
2024-08-05,ETF_BuyHold_pair,63,0.9136679597531938
2024-08-06,ETF_BuyHold_pair,63,0.9038364297730173
2024-08-07,ETF_BuyHold_pair,63,0.9020922878564949
2024-08-08,ETF_BuyHold_pair,63,0.9024907435089614
2024-08-09,ETF_BuyHold_pair,63,0.9019924288950183
2024-08-12,ETF_BuyHold_pair,63,0.9026165792978634
2024-08-13,ETF_BuyHold_pair,63,0.9005767405557219
2024-08-14,ETF_BuyHold_pair,63,0.9008419269443241
2024-08-15,ETF_BuyHold_pair,63,0.902594788894314
2024-08-16,ETF_BuyHold_pair,63,0.8990938089167878
2024-08-19,ETF_BuyHold_pair,63,0.8992013084902598
2024-08-20,ETF_BuyHold_pair,63,0.8998069810451741
2024-08-21,ETF_BuyHold_pair,63,0.8970837527287832
2024-08-22,ETF_BuyHold_pair,63,0.8899991499950604
2024-08-23,ETF_BuyHold_pair,63,0.8868415589875889
2024-08-26,ETF_BuyHold_pair,63,0.8868209992090494
2024-08-27,ETF_BuyHold_pair,63,0.8814043756454139
2024-08-28,ETF_BuyHold_pair,63,0.884060207784275
2024-08-29,ETF_BuyHold_pair,63,0.8769977477460101
2024-08-30,ETF_BuyHold_pair,63,0.8815760558008645
2024-09-02,ETF_BuyHold_pair,63,0.8906649120105667
2024-09-03,ETF_BuyHold_pair,63,0.8780022874351696
2024-09-04,ETF_BuyHold_pair,63,0.8780609205378171
2024-09-05,ETF_BuyHold_pair,63,0.877713921603119
2024-09-06,ETF_BuyHold_pair,63,0.8813668922817838
2024-09-09,ETF_BuyHold_pair,63,0.8860914072442393
2024-09-10,ETF_BuyHold_pair,63,0.8860469506081635
2024-09-11,ETF_BuyHold_pair,63,0.8811421726806022
2024-09-12,ETF_BuyHold_pair,63,0.8832277830987383
2024-09-13,ETF_BuyHold_pair,63,0.8842568911881786
2024-09-18,ETF_BuyHold_pair,63,0.8870457992084111
2024-09-19,ETF_BuyHold_pair,63,0.8901497465155754
2024-09-20,ETF_BuyHold_pair,63,0.8904491153494793
2024-09-23,ETF_BuyHold_pair,63,0.8940483569962344
2024-09-24,ETF_BuyHold_pair,63,0.9327252434472093
2024-09-25,ETF_BuyHold_pair,63,0.9363656465381747
2024-09-26,ETF_BuyHold_pair,63,0.9552326585544691
2024-09-27,ETF_BuyHold_pair,63,0.9435475073604866
2024-09-30,ETF_BuyHold_pair,63,0.9561756900971071
2024-10-08,ETF_BuyHold_pair,63,0.9548935818484798
2024-10-09,ETF_BuyHold_pair,63,0.9675218194969473
2024-10-10,ETF_BuyHold_pair,63,0.9597354448070661
2024-10-11,ETF_BuyHold_pair,63,0.9609938950314493
2024-10-14,ETF_BuyHold_pair,63,0.9610126086692341
2024-10-15,ETF_BuyHold_pair,63,0.9620108012924128
2024-10-16,ETF_BuyHold_pair,63,0.9617437244584308
2024-10-17,ETF_BuyHold_pair,63,0.9610999157431095
2024-10-18,ETF_BuyHold_pair,63,0.962702673076628
2024-10-21,ETF_BuyHold_pair,63,0.9627539543523724
2024-10-22,ETF_BuyHold_pair,63,0.9628449126026841
2024-10-23,ETF_BuyHold_pair,63,0.9628789407581383
2024-10-24,ETF_BuyHold_pair,63,0.9630569558741569
2024-10-25,ETF_BuyHold_pair,63,0.962621645578302
2024-10-28,ETF_BuyHold_pair,63,0.9626080099158274
2024-10-29,ETF_BuyHold_pair,63,0.9625503374006203
2024-10-30,ETF_BuyHold_pair,63,0.962474953261969
2024-10-31,ETF_BuyHold_pair,63,0.9628115721389723
2024-11-01,ETF_BuyHold_pair,63,0.9628528991070278
2024-11-04,ETF_BuyHold_pair,63,0.9627198835234106
2024-11-05,ETF_BuyHold_pair,63,0.9630962610104987
2024-11-06,ETF_BuyHold_pair,63,0.9627699593799302
2024-11-07,ETF_BuyHold_pair,63,0.9621822220061998
2024-11-08,ETF_BuyHold_pair,63,0.9622336796532058
2024-11-11,ETF_BuyHold_pair,63,0.9601184770165353
2024-11-12,ETF_BuyHold_pair,63,0.9607148824663491
2024-11-13,ETF_BuyHold_pair,63,0.9607180508892363
2024-11-14,ETF_BuyHold_pair,63,0.9603593468499306
2024-11-15,ETF_BuyHold_pair,63,0.9607533229111472
2024-11-18,ETF_BuyHold_pair,63,0.9595472185160037
2024-11-19,ETF_BuyHold_pair,63,0.9582188070948985
2024-11-20,ETF_BuyHold_pair,63,0.9581147751457364
2024-11-21,ETF_BuyHold_pair,63,0.9582312544832619
2024-11-22,ETF_BuyHold_pair,63,0.9598148650120815
2024-11-25,ETF_BuyHold_pair,63,0.9598518467093485
2024-11-26,ETF_BuyHold_pair,63,0.9592069262141798
2024-11-27,ETF_BuyHold_pair,63,0.9592750804845467
2024-11-28,ETF_BuyHold_pair,63,0.9596421836393078
2024-11-29,ETF_BuyHold_pair,63,0.959690228252503
2024-12-02,ETF_BuyHold_pair,63,0.9509180316477518
2024-12-03,ETF_BuyHold_pair,63,0.9510539866901946
2024-12-04,ETF_BuyHold_pair,63,0.9506644138773017
2024-12-05,ETF_BuyHold_pair,63,0.9509611418517592
2024-12-06,ETF_BuyHold_pair,63,0.9510175929037716
2024-12-09,ETF_BuyHold_pair,63,0.9503006918832831
2024-12-10,ETF_BuyHold_pair,63,0.9510862849264785
2024-12-11,ETF_BuyHold_pair,63,0.9508309852547487
2024-12-12,ETF_BuyHold_pair,63,0.9507612538925301
2024-12-13,ETF_BuyHold_pair,63,0.95175511120529
2024-12-16,ETF_BuyHold_pair,63,0.9511669382860372
2024-12-17,ETF_BuyHold_pair,63,0.9509703925035521
2024-12-18,ETF_BuyHold_pair,63,0.9508950369804722
2024-12-19,ETF_BuyHold_pair,63,0.9504774454993266
2024-12-20,ETF_BuyHold_pair,63,0.9505625846485267
2024-12-23,ETF_BuyHold_pair,63,0.949585722696956
2024-12-24,ETF_BuyHold_pair,63,0.9496602833039295
2024-12-25,ETF_BuyHold_pair,63,0.9494161706589608
2024-12-26,ETF_BuyHold_pair,63,0.9493565453806068
2024-12-27,ETF_BuyHold_pair,63,0.9498482513332138
2024-12-30,ETF_BuyHold_pair,63,0.9494651519774642
2024-12-31,ETF_BuyHold_pair,63,0.9510404850541697
2025-01-02,ETF_BuyHold_pair,63,0.9503904674610877
2025-01-03,ETF_BuyHold_pair,63,0.9375848633569557
2025-01-06,ETF_BuyHold_pair,63,0.9396765945752382
2025-01-07,ETF_BuyHold_pair,63,0.9101443266899736
2025-01-08,ETF_BuyHold_pair,63,0.9188310230076635
2025-01-09,ETF_BuyHold_pair,63,0.9155393027755659
2025-01-10,ETF_BuyHold_pair,63,0.9144758028700807
2025-01-13,ETF_BuyHold_pair,63,0.908465111495454
2025-01-14,ETF_BuyHold_pair,63,0.9122066923307457
2025-01-15,ETF_BuyHold_pair,63,0.9109715486521874
2025-01-16,ETF_BuyHold_pair,63,0.8982378944124089
2025-01-17,ETF_BuyHold_pair,63,0.8979268096704616
2025-01-20,ETF_BuyHold_pair,63,0.8976140508420111
2025-01-21,ETF_BuyHold_pair,63,0.8974568151443597
2025-01-22,ETF_BuyHold_pair,63,0.8970072879763963
2025-01-23,ETF_BuyHold_pair,63,0.8976694668550556
2025-01-24,ETF_BuyHold_pair,63,0.8982126240834871
2025-01-27,ETF_BuyHold_pair,63,0.8942716149486353
2025-02-05,ETF_BuyHold_pair,63,0.8926028122006234
2025-02-06,ETF_BuyHold_pair,63,0.8931828417884851
2025-02-07,ETF_BuyHold_pair,63,0.8974503965891626
2025-02-10,ETF_BuyHold_pair,63,0.8961825307093423
2025-02-11,ETF_BuyHold_pair,63,0.8894796589037417
2025-02-12,ETF_BuyHold_pair,63,0.890585829000281
2025-02-13,ETF_BuyHold_pair,63,0.8675922267175933
2025-02-14,ETF_BuyHold_pair,63,0.8656706214929355
2025-02-17,ETF_BuyHold_pair,63,0.8757413428345284
2025-02-18,ETF_BuyHold_pair,63,0.8737920573861364
2025-02-19,ETF_BuyHold_pair,63,0.873165049423868
2025-02-20,ETF_BuyHold_pair,63,0.8747719733134356
2025-02-21,ETF_BuyHold_pair,63,0.8751083550005793
2025-02-24,ETF_BuyHold_pair,63,0.8821675359030966
2025-02-25,ETF_BuyHold_pair,63,0.8910955755066843
2025-02-26,ETF_BuyHold_pair,63,0.8923294507707971
2025-02-27,ETF_BuyHold_pair,63,0.8923510493940976
2025-02-28,ETF_BuyHold_pair,63,0.8768919262023956
2025-03-03,ETF_BuyHold_pair,63,0.8758116319346724
2025-03-04,ETF_BuyHold_pair,63,0.8791261726842774
2025-03-05,ETF_BuyHold_pair,63,0.8748657736755687
2025-03-06,ETF_BuyHold_pair,63,0.8791179233794704
2025-03-07,ETF_BuyHold_pair,63,0.8790219995383249
2025-03-10,ETF_BuyHold_pair,63,0.9358652932532294
2025-03-11,ETF_BuyHold_pair,63,0.9374934968403814
2025-03-12,ETF_BuyHold_pair,63,0.9387754868471643
2025-03-13,ETF_BuyHold_pair,63,0.939384823041914
2025-03-14,ETF_BuyHold_pair,63,0.9441177776381741
2025-03-17,ETF_BuyHold_pair,63,0.9443582135869483
2025-03-18,ETF_BuyHold_pair,63,0.9436115796668049
2025-03-19,ETF_BuyHold_pair,63,0.94512803643152
2025-03-20,ETF_BuyHold_pair,63,0.9440051395364143
2025-03-21,ETF_BuyHold_pair,63,0.9407070942473539
2025-03-24,ETF_BuyHold_pair,63,0.9419864604234763
2025-03-25,ETF_BuyHold_pair,63,0.9423135680156023
2025-03-26,ETF_BuyHold_pair,63,0.9425623735817082
2025-03-27,ETF_BuyHold_pair,63,0.9454019614255991
2025-03-28,ETF_BuyHold_pair,63,0.9455489541483411
2025-03-31,ETF_BuyHold_pair,63,0.9511393453680472
2025-04-01,ETF_BuyHold_pair,63,0.9497591231580809
2025-04-02,ETF_BuyHold_pair,63,0.9506173606195901
2025-04-03,ETF_BuyHold_pair,63,0.9475112387037716
2025-04-07,ETF_BuyHold_pair,63,0.9673318407148488
2025-04-08,ETF_BuyHold_pair,63,0.9577220929113043
2025-04-09,ETF_BuyHold_pair,63,0.9572345676539428
2025-04-10,ETF_BuyHold_pair,63,0.9515068901397292
2025-04-11,ETF_BuyHold_pair,63,0.950893359175911
2025-04-14,ETF_BuyHold_pair,63,0.9508097925048795
2025-04-15,ETF_BuyHold_pair,63,0.950564154394859
2025-04-16,ETF_BuyHold_pair,63,0.9487300814861458
2025-04-17,ETF_BuyHold_pair,63,0.9494509266818056
2025-04-18,ETF_BuyHold_pair,63,0.9485470141450505
2025-04-21,ETF_BuyHold_pair,63,0.9472786181447651
2025-04-22,ETF_BuyHold_pair,63,0.9475013418188023
2025-04-23,ETF_BuyHold_pair,63,0.9466111894726889
2025-04-24,ETF_BuyHold_pair,63,0.9475758457010753
2025-04-25,ETF_BuyHold_pair,63,0.9481134370254171
2025-04-28,ETF_BuyHold_pair,63,0.9484800317695985
2025-04-29,ETF_BuyHold_pair,63,0.9490682536006952
2025-04-30,ETF_BuyHold_pair,63,0.9481656792996049
2025-05-06,ETF_BuyHold_pair,63,0.9477472157635106
2025-05-07,ETF_BuyHold_pair,63,0.9477225165217754
2025-05-08,ETF_BuyHold_pair,63,0.9507316696846424
2025-05-09,ETF_BuyHold_pair,63,0.9518616230550072
2025-05-12,ETF_BuyHold_pair,63,0.9517293309263902
2025-05-13,ETF_BuyHold_pair,63,0.9510858618565383
2025-05-14,ETF_BuyHold_pair,63,0.9511897865808143
2025-05-15,ETF_BuyHold_pair,63,0.951081638238716
2025-05-16,ETF_BuyHold_pair,63,0.9495332260425831
2025-05-19,ETF_BuyHold_pair,63,0.9499742600578445
2025-05-20,ETF_BuyHold_pair,63,0.9497945958353592
2025-05-21,ETF_BuyHold_pair,63,0.9499147874088305
2025-05-22,ETF_BuyHold_pair,63,0.9501045929125804
2025-05-23,ETF_BuyHold_pair,63,0.9506054500535771
2025-05-26,ETF_BuyHold_pair,63,0.9511839625162617
2025-05-27,ETF_BuyHold_pair,63,0.9501134864625054
2025-05-28,ETF_BuyHold_pair,63,0.950352341940667
2025-05-29,ETF_BuyHold_pair,63,0.9488598175975513
2025-05-30,ETF_BuyHold_pair,63,0.9483485906683682
2025-06-03,ETF_BuyHold_pair,63,0.9484080442787644
2025-06-04,ETF_BuyHold_pair,63,0.9474854180555246
2025-06-05,ETF_BuyHold_pair,63,0.9479574105111526
2025-06-06,ETF_BuyHold_pair,63,0.9483732974054716
2025-06-09,ETF_BuyHold_pair,63,0.948228732778707
2025-06-10,ETF_BuyHold_pair,63,0.9473147173655995
2025-06-11,ETF_BuyHold_pair,63,0.9479793015059934
2025-06-12,ETF_BuyHold_pair,63,0.9477377930939871
2025-06-13,ETF_BuyHold_pair,63,0.948009796503213
2025-06-16,ETF_BuyHold_pair,63,0.9481141966633401
2025-06-17,ETF_BuyHold_pair,63,0.9482641811295853
2025-06-18,ETF_BuyHold_pair,63,0.9171767847504974
2025-06-19,ETF_BuyHold_pair,63,0.9177179069031697
2025-06-20,ETF_BuyHold_pair,63,0.9164905285377472
2025-06-23,ETF_BuyHold_pair,63,0.916704358630859
2025-06-24,ETF_BuyHold_pair,63,0.9189585629707122
2025-06-25,ETF_BuyHold_pair,63,0.9191542648491539
2025-06-26,ETF_BuyHold_pair,63,0.9194009805741082
2025-06-27,ETF_BuyHold_pair,63,0.9166693807264221
2025-06-30,ETF_BuyHold_pair,63,0.9172995970302066
2025-07-01,ETF_BuyHold_pair,63,0.9172607573576476
2025-07-02,ETF_BuyHold_pair,63,0.9169735501927133
2025-07-03,ETF_BuyHold_pair,63,0.9151656405134001
2025-07-04,ETF_BuyHold_pair,63,0.9154116700910624
2025-07-07,ETF_BuyHold_pair,63,0.9158284865617792
2025-07-08,ETF_BuyHold_pair,63,0.918715405891605
2025-07-09,ETF_BuyHold_pair,63,0.7881625206852867
2025-07-10,ETF_BuyHold_pair,63,0.8119271900567264
2025-07-11,ETF_BuyHold_pair,63,0.8072677192623785
2025-07-14,ETF_BuyHold_pair,63,0.8027806504872093
2025-07-15,ETF_BuyHold_pair,63,0.7971895201275819
2025-07-16,ETF_BuyHold_pair,63,0.7981006702345029
2025-07-17,ETF_BuyHold_pair,63,0.79617496491707
2025-07-18,ETF_BuyHold_pair,63,0.8100761435124391
2025-07-21,ETF_BuyHold_pair,63,0.8082122655236672
2025-07-22,ETF_BuyHold_pair,63,0.8151232005515188
2025-07-23,ETF_BuyHold_pair,63,0.8161451739992908
2025-07-24,ETF_BuyHold_pair,63,0.8173700040572808
2025-07-25,ETF_BuyHold_pair,63,0.8244860608779041
2025-07-28,ETF_BuyHold_pair,63,0.8254239964998993
2025-07-29,ETF_BuyHold_pair,63,0.8244105405921558
2025-07-30,ETF_BuyHold_pair,63,0.8214251294184411
2025-07-31,ETF_BuyHold_pair,63,0.8446994177059028
2025-08-01,ETF_BuyHold_pair,63,0.8489370656401317
2025-08-04,ETF_BuyHold_pair,63,0.8495916919505798
2025-08-05,ETF_BuyHold_pair,63,0.8519151332124266
2025-08-06,ETF_BuyHold_pair,63,0.8513639197725259
2025-08-07,ETF_BuyHold_pair,63,0.8516625087243849
2025-08-08,ETF_BuyHold_pair,63,0.8499668371378736
2025-08-11,ETF_BuyHold_pair,63,0.8477279284886402
2025-08-12,ETF_BuyHold_pair,63,0.8445861344228196
2025-08-13,ETF_BuyHold_pair,63,0.8385248795920938
2025-08-14,ETF_BuyHold_pair,63,0.8281131163550703
2025-08-15,ETF_BuyHold_pair,63,0.8263358931262286
2025-08-18,ETF_BuyHold_pair,63,0.8217124824332773
2025-08-19,ETF_BuyHold_pair,63,0.8154726054309814
2025-08-20,ETF_BuyHold_pair,63,0.8276774081564261
2025-08-21,ETF_BuyHold_pair,63,0.8215189615630438
2025-08-22,ETF_BuyHold_pair,63,0.8475733296484924
2025-08-25,ETF_BuyHold_pair,63,0.8594453244234811
2025-08-26,ETF_BuyHold_pair,63,0.8612634286037346
2025-08-27,ETF_BuyHold_pair,63,0.8738076794207942
2025-08-28,ETF_BuyHold_pair,63,0.8799381089319898
2025-08-29,ETF_BuyHold_pair,63,0.879544888469853
2025-09-01,ETF_BuyHold_pair,63,0.8788321500182114
2025-09-02,ETF_BuyHold_pair,63,0.8652207833179292
2025-09-03,ETF_BuyHold_pair,63,0.8681469128760334
2025-09-04,ETF_BuyHold_pair,63,0.8816956024909051
2025-09-05,ETF_BuyHold_pair,63,0.8804108331497922
2025-09-08,ETF_BuyHold_pair,63,0.8793749453269541
2025-09-09,ETF_BuyHold_pair,63,0.8794722540933884
2025-09-10,ETF_BuyHold_pair,63,0.8772672939033578
2025-09-11,ETF_BuyHold_pair,63,0.8811969177416035
2025-09-12,ETF_BuyHold_pair,63,0.8829185110348183
2025-09-15,ETF_BuyHold_pair,63,0.9156029376584629
2025-09-16,ETF_BuyHold_pair,63,0.9141621685642208
2025-09-17,ETF_BuyHold_pair,63,0.9159170190701443
2025-09-18,ETF_BuyHold_pair,63,0.9205918580387216
2025-09-19,ETF_BuyHold_pair,63,0.9188493644848515
2025-09-22,ETF_BuyHold_pair,63,0.915434795020927
2025-09-23,ETF_BuyHold_pair,63,0.9156081855806638
2025-09-24,ETF_BuyHold_pair,63,0.916828075137938
2025-09-25,ETF_BuyHold_pair,63,0.9170455982218435
2025-09-26,ETF_BuyHold_pair,63,0.9141077621078351
2025-09-29,ETF_BuyHold_pair,63,0.9156021145150505
2025-09-30,ETF_BuyHold_pair,63,0.9149239427458551
2025-10-09,ETF_BuyHold_pair,63,0.9174731402553494
2025-10-10,ETF_BuyHold_pair,63,0.9229676570977914
2025-10-13,ETF_BuyHold_pair,63,0.92276401200485
2025-10-14,ETF_BuyHold_pair,63,0.9147231633071353
2025-10-15,ETF_BuyHold_pair,63,0.916584572707368
2025-10-16,ETF_BuyHold_pair,63,0.9150027310306496
2025-10-17,ETF_BuyHold_pair,63,0.9202303369836315
2025-10-20,ETF_BuyHold_pair,63,0.9215158008977589
2025-10-21,ETF_BuyHold_pair,63,0.922677746804999
2025-10-22,ETF_BuyHold_pair,63,0.9218592551564171
2025-10-23,ETF_BuyHold_pair,63,0.9213256730819253
2025-10-24,ETF_BuyHold_pair,63,0.9225016895026626
2025-10-27,ETF_BuyHold_pair,63,0.9221141276062818
2025-10-28,ETF_BuyHold_pair,63,0.9235471345210149
2025-10-29,ETF_BuyHold_pair,63,0.9207919254089295
2025-10-30,ETF_BuyHold_pair,63,0.9208089340284336
2025-10-31,ETF_BuyHold_pair,63,0.923708627757624
2025-11-03,ETF_BuyHold_pair,63,0.9240550178388797
2025-11-04,ETF_BuyHold_pair,63,0.9239093530310956
2025-11-05,ETF_BuyHold_pair,63,0.9189411034951573
2025-11-06,ETF_BuyHold_pair,63,0.9208203356850386
2025-11-07,ETF_BuyHold_pair,63,0.9210387687932889
2025-11-10,ETF_BuyHold_pair,63,0.9200713903109848
2025-11-11,ETF_BuyHold_pair,63,0.9211721610800205
2025-11-12,ETF_BuyHold_pair,63,0.9186094440639354
2025-11-13,ETF_BuyHold_pair,63,0.91913666985679
2025-11-14,ETF_BuyHold_pair,63,0.9228856710811868
2025-11-17,ETF_BuyHold_pair,63,0.9235257383194092
2025-11-18,ETF_BuyHold_pair,63,0.9247633713465244
2025-11-19,ETF_BuyHold_pair,63,0.9280188089631345
2025-11-20,ETF_BuyHold_pair,63,0.929180906404579
2025-11-21,ETF_BuyHold_pair,63,0.9349945290409725
2025-11-24,ETF_BuyHold_pair,63,0.939042503363106
2025-11-25,ETF_BuyHold_pair,63,0.9378572809605036
2025-11-26,ETF_BuyHold_pair,63,0.9370700790543203
2025-11-27,ETF_BuyHold_pair,63,0.9366671581713013
2025-11-28,ETF_BuyHold_pair,63,0.9344404848281272
2025-12-01,ETF_BuyHold_pair,63,0.9360097677133691
2025-12-02,ETF_BuyHold_pair,63,0.936153121911069
2025-12-03,ETF_BuyHold_pair,63,0.9330653336917308
2025-12-04,ETF_BuyHold_pair,63,0.9325893662974707
2025-12-05,ETF_BuyHold_pair,63,0.9331426243404352
2025-12-08,ETF_BuyHold_pair,63,0.9443890210766673
2025-12-09,ETF_BuyHold_pair,63,0.9473480807012536
2025-12-10,ETF_BuyHold_pair,63,0.9430328904671083
2025-12-11,ETF_BuyHold_pair,63,0.9416343625875992
2025-12-12,ETF_BuyHold_pair,63,0.9423405233797848
2025-12-15,ETF_BuyHold_pair,63,0.9403207519653248
2025-12-16,ETF_BuyHold_pair,63,0.9420081302088741
2025-12-17,ETF_BuyHold_pair,63,0.8258769466415842
2025-12-18,ETF_BuyHold_pair,63,0.8163921963874998
2025-12-19,ETF_BuyHold_pair,63,0.8184085301332586
2025-12-22,ETF_BuyHold_pair,63,0.8203051787453147
2025-12-23,ETF_BuyHold_pair,63,0.8212484924647043
2025-12-24,ETF_BuyHold_pair,63,0.8142942414894079
2025-12-25,ETF_BuyHold_pair,63,0.815133180176994
2025-12-26,ETF_BuyHold_pair,63,0.8151490748152854
2025-12-29,ETF_BuyHold_pair,63,0.8160373703567105
2025-12-30,ETF_BuyHold_pair,63,0.8134599453178101
2025-12-31,ETF_BuyHold_pair,63,0.8115635886406667
2026-01-05,ETF_BuyHold_pair,63,0.8230096709699896
2026-01-06,ETF_BuyHold_pair,63,0.8237679823581509
2026-01-07,ETF_BuyHold_pair,63,0.8249948215179108
2026-01-08,ETF_BuyHold_pair,63,0.8210989740336959
2026-01-09,ETF_BuyHold_pair,63,0.8076936141781582
2026-01-12,ETF_BuyHold_pair,63,0.8067181012619996
2026-01-13,ETF_BuyHold_pair,63,0.8141119937759086
2026-01-14,ETF_BuyHold_pair,63,0.8091892745253111
2026-01-15,ETF_BuyHold_pair,63,0.8089599294322524
2026-01-16,ETF_BuyHold_pair,63,0.7923010882628746
2026-01-19,ETF_BuyHold_pair,63,0.7541928526676873
2026-01-20,ETF_BuyHold_pair,63,0.7443040271490248
2026-01-21,ETF_BuyHold_pair,63,0.7455214253807653
2026-01-22,ETF_BuyHold_pair,63,0.7436635880896588
2026-01-23,ETF_BuyHold_pair,63,0.7378629660520095
2026-01-26,ETF_BuyHold_pair,63,0.7277867646492246
2026-01-27,ETF_BuyHold_pair,63,0.7260787659833435
2026-01-28,ETF_BuyHold_pair,63,0.7264288585893082
2026-01-29,ETF_BuyHold_pair,63,0.7237102866625258
2026-01-30,ETF_BuyHold_pair,63,0.7243623216221885
2026-02-02,ETF_BuyHold_pair,63,0.7559239539918782
2026-02-03,ETF_BuyHold_pair,63,0.7639682346931369
2026-02-04,ETF_BuyHold_pair,63,0.7694183058739511
2026-02-05,ETF_BuyHold_pair,63,0.7598015957433881
2026-02-06,ETF_BuyHold_pair,63,0.7617797659396252
2026-02-09,ETF_BuyHold_pair,63,0.7747595819291666
2026-02-10,ETF_BuyHold_pair,63,0.7721008544531469
2026-02-11,ETF_BuyHold_pair,63,0.7739198800844921
2026-02-12,ETF_BuyHold_pair,63,0.7688620380610236
2026-02-13,ETF_BuyHold_pair,63,0.7677939433463661
2026-02-24,ETF_BuyHold_pair,63,0.7618482752525264
2026-02-25,ETF_BuyHold_pair,63,0.7632556926760043
2026-02-26,ETF_BuyHold_pair,63,0.7633573572787079
2026-02-27,ETF_BuyHold_pair,63,0.7604366772559263
2026-03-02,ETF_BuyHold_pair,63,0.7378993849568687
2026-03-03,ETF_BuyHold_pair,63,0.7445290963085058
2026-03-04,ETF_BuyHold_pair,63,0.7549715225188035
2026-03-05,ETF_BuyHold_pair,63,0.7575940241688774
2026-03-06,ETF_BuyHold_pair,63,0.7574833998738918
2026-03-09,ETF_BuyHold_pair,63,0.7614840894946308
2026-03-10,ETF_BuyHold_pair,63,0.7596314202590054
2026-03-11,ETF_BuyHold_pair,63,0.75700372745002
2026-03-12,ETF_BuyHold_pair,63,0.7567786848529158
2026-03-13,ETF_BuyHold_pair,63,0.7571735301968398
2026-03-16,ETF_BuyHold_pair,63,0.7520981700601939
2026-03-17,ETF_BuyHold_pair,63,0.7367533767303595
2026-03-18,ETF_BuyHold_pair,63,0.7334834161123714
2026-03-19,ETF_BuyHold_pair,63,0.7438444407507283
2026-03-20,ETF_BuyHold_pair,63,0.7424270670260242
2026-03-23,ETF_BuyHold_pair,63,0.7838050443995049
2026-03-24,ETF_BuyHold_pair,63,0.7919298277622954
2026-03-25,ETF_BuyHold_pair,63,0.7946382067961164
2026-03-26,ETF_BuyHold_pair,63,0.8772896737018869
2026-03-27,ETF_BuyHold_pair,63,0.8841425558925763
2026-03-30,ETF_BuyHold_pair,63,0.8836378325915141
2026-03-31,ETF_BuyHold_pair,63,0.8795714222475348
2026-04-01,ETF_BuyHold_pair,63,0.8852477242624747
2026-04-02,ETF_BuyHold_pair,63,0.8871714109184671
2026-04-03,ETF_BuyHold_pair,63,0.8879366418515889
2026-04-07,ETF_BuyHold_pair,63,0.8873122869796177
2026-04-08,ETF_BuyHold_pair,63,0.9012653272548035
2026-04-09,ETF_BuyHold_pair,63,0.9020536057557078
2026-04-10,ETF_BuyHold_pair,63,0.898207381382994
2026-04-13,ETF_BuyHold_pair,63,0.8932542146931431
2026-04-14,ETF_BuyHold_pair,63,0.8924100363769286
2026-04-15,ETF_BuyHold_pair,63,0.8874306585460996
2026-04-16,ETF_BuyHold_pair,63,0.8832696681793027
2026-04-17,ETF_BuyHold_pair,63,0.8771314708067617
2026-04-20,ETF_BuyHold_pair,63,0.8765016604213987
2026-04-21,ETF_BuyHold_pair,63,0.876786432715387
2026-04-22,ETF_BuyHold_pair,63,0.8736252101441753
2026-04-23,ETF_BuyHold_pair,63,0.8743073754610368
2026-04-24,ETF_BuyHold_pair,63,0.8667338414610675
2026-04-27,ETF_BuyHold_pair,63,0.8997065389215728
2026-04-28,ETF_BuyHold_pair,63,0.8963691347818216
2026-04-29,ETF_BuyHold_pair,63,0.8968720926806917
2026-04-30,ETF_BuyHold_pair,63,0.8936800095113906
2026-05-06,ETF_BuyHold_pair,63,0.89623983301572
2026-05-07,ETF_BuyHold_pair,63,0.8988608088667515
2026-05-08,ETF_BuyHold_pair,63,0.8990549381570098
2026-05-11,ETF_BuyHold_pair,63,0.9021481711337054
2026-05-12,ETF_BuyHold_pair,63,0.9091486556537386
2026-05-13,ETF_BuyHold_pair,63,0.903303776362433
2026-05-14,ETF_BuyHold_pair,63,0.8987589267469759
2026-05-15,ETF_BuyHold_pair,63,0.9000124268270719
2026-05-18,ETF_BuyHold_pair,63,0.900750805986213
2026-05-19,ETF_BuyHold_pair,63,0.9002579795252809
2026-05-20,ETF_BuyHold_pair,63,0.8991971322617256
2026-05-21,ETF_BuyHold_pair,63,0.8974559306023236
2026-05-22,ETF_BuyHold_pair,63,0.8923344258993182
2026-05-25,ETF_BuyHold_pair,63,0.8967196480499903
2026-05-26,ETF_BuyHold_pair,63,0.8968998442891206
2026-05-27,ETF_BuyHold_pair,63,0.8950131904780131
2022-09-30,D40_Q70_pair,63,
2022-10-10,D40_Q70_pair,63,
2022-10-11,D40_Q70_pair,63,
2022-10-12,D40_Q70_pair,63,
2022-10-13,D40_Q70_pair,63,
2022-10-14,D40_Q70_pair,63,
2022-10-17,D40_Q70_pair,63,
2022-10-18,D40_Q70_pair,63,
2022-10-19,D40_Q70_pair,63,
2022-10-20,D40_Q70_pair,63,
2022-10-21,D40_Q70_pair,63,
2022-10-24,D40_Q70_pair,63,
2022-10-25,D40_Q70_pair,63,
2022-10-26,D40_Q70_pair,63,
2022-10-27,D40_Q70_pair,63,
2022-10-28,D40_Q70_pair,63,
2022-10-31,D40_Q70_pair,63,
2022-11-01,D40_Q70_pair,63,
2022-11-02,D40_Q70_pair,63,
2022-11-03,D40_Q70_pair,63,
2022-11-04,D40_Q70_pair,63,
2022-11-07,D40_Q70_pair,63,
2022-11-08,D40_Q70_pair,63,
2022-11-09,D40_Q70_pair,63,
2022-11-10,D40_Q70_pair,63,
2022-11-11,D40_Q70_pair,63,
2022-11-14,D40_Q70_pair,63,
2022-11-15,D40_Q70_pair,63,
2022-11-16,D40_Q70_pair,63,
2022-11-17,D40_Q70_pair,63,
2022-11-18,D40_Q70_pair,63,
2022-11-21,D40_Q70_pair,63,
2022-11-22,D40_Q70_pair,63,
2022-11-23,D40_Q70_pair,63,
2022-11-24,D40_Q70_pair,63,
2022-11-25,D40_Q70_pair,63,
2022-11-28,D40_Q70_pair,63,
2022-11-29,D40_Q70_pair,63,
2022-11-30,D40_Q70_pair,63,
2022-12-01,D40_Q70_pair,63,
2022-12-02,D40_Q70_pair,63,
2022-12-05,D40_Q70_pair,63,
2022-12-06,D40_Q70_pair,63,
2022-12-07,D40_Q70_pair,63,
2022-12-08,D40_Q70_pair,63,
2022-12-09,D40_Q70_pair,63,
2022-12-12,D40_Q70_pair,63,
2022-12-13,D40_Q70_pair,63,
2022-12-14,D40_Q70_pair,63,
2022-12-15,D40_Q70_pair,63,
2022-12-16,D40_Q70_pair,63,
2022-12-19,D40_Q70_pair,63,
2022-12-20,D40_Q70_pair,63,
2022-12-21,D40_Q70_pair,63,
2022-12-22,D40_Q70_pair,63,
2022-12-23,D40_Q70_pair,63,
2022-12-26,D40_Q70_pair,63,
2022-12-27,D40_Q70_pair,63,
2022-12-28,D40_Q70_pair,63,
2022-12-29,D40_Q70_pair,63,
2022-12-30,D40_Q70_pair,63,
2023-01-03,D40_Q70_pair,63,
2023-01-04,D40_Q70_pair,63,0.9515567988534279
2023-01-05,D40_Q70_pair,63,0.952460095376062
2023-01-06,D40_Q70_pair,63,0.9503256347494535
2023-01-09,D40_Q70_pair,63,0.9502132320208475
2023-01-10,D40_Q70_pair,63,0.9563788986969117
2023-01-11,D40_Q70_pair,63,0.9555865606934456
2023-01-12,D40_Q70_pair,63,0.9527744595970477
2023-01-13,D40_Q70_pair,63,0.9531339176135741
2023-01-16,D40_Q70_pair,63,0.9317392434611798
2023-01-17,D40_Q70_pair,63,0.9312234112894295
2023-01-18,D40_Q70_pair,63,0.9311367912249006
2023-01-19,D40_Q70_pair,63,0.9304484328188088
2023-01-20,D40_Q70_pair,63,0.9193510221356757
2023-01-30,D40_Q70_pair,63,0.9177987291484976
2023-01-31,D40_Q70_pair,63,0.9218773880025353
2023-02-01,D40_Q70_pair,63,0.9202912477208846
2023-02-02,D40_Q70_pair,63,0.9130140922381691
2023-02-03,D40_Q70_pair,63,0.9113225216368473
2023-02-06,D40_Q70_pair,63,0.8830609483888621
2023-02-07,D40_Q70_pair,63,0.8821011262084794
2023-02-08,D40_Q70_pair,63,0.8800906376762058
2023-02-09,D40_Q70_pair,63,0.8603630841136365
2023-02-10,D40_Q70_pair,63,0.8622639290176785
2023-02-13,D40_Q70_pair,63,0.8625331219459806
2023-02-14,D40_Q70_pair,63,0.8615115258726113
2023-02-15,D40_Q70_pair,63,0.8687491591825919
2023-02-16,D40_Q70_pair,63,0.8530279144131846
2023-02-17,D40_Q70_pair,63,0.8584058017416544
2023-02-20,D40_Q70_pair,63,0.8864420418040102
2023-02-21,D40_Q70_pair,63,0.8855258727335964
2023-02-22,D40_Q70_pair,63,0.8902292859157849
2023-02-23,D40_Q70_pair,63,0.8902414110474153
2023-02-24,D40_Q70_pair,63,0.8916010170452564
2023-02-27,D40_Q70_pair,63,0.8912080321388786
2023-02-28,D40_Q70_pair,63,0.8914793503483899
2023-03-01,D40_Q70_pair,63,0.892490817041872
2023-03-02,D40_Q70_pair,63,0.8930340343026155
2023-03-03,D40_Q70_pair,63,0.8902122952762241
2023-03-06,D40_Q70_pair,63,0.8724553418874418
2023-03-07,D40_Q70_pair,63,0.8771162725444818
2023-03-08,D40_Q70_pair,63,0.9106742331505241
2023-03-09,D40_Q70_pair,63,0.9083119890811545
2023-03-10,D40_Q70_pair,63,0.9096105644496599
2023-03-13,D40_Q70_pair,63,0.9131660261391973
2023-03-14,D40_Q70_pair,63,0.9151605781280304
2023-03-15,D40_Q70_pair,63,0.915127507756938
2023-03-16,D40_Q70_pair,63,0.9163084264806881
2023-03-17,D40_Q70_pair,63,0.9158709230420137
2023-03-20,D40_Q70_pair,63,0.917371562830812
2023-03-21,D40_Q70_pair,63,0.9205010293851154
2023-03-22,D40_Q70_pair,63,0.9215384893379021
2023-03-23,D40_Q70_pair,63,0.9217513080538271
2023-03-24,D40_Q70_pair,63,0.9199474416049699
2023-03-27,D40_Q70_pair,63,0.9182182481927921
2023-03-28,D40_Q70_pair,63,0.9180618311609747
2023-03-29,D40_Q70_pair,63,0.919140535175311
2023-03-30,D40_Q70_pair,63,0.9211164809138153
2023-03-31,D40_Q70_pair,63,0.9227740981438421
2023-04-03,D40_Q70_pair,63,0.9184781288659501
2023-04-04,D40_Q70_pair,63,0.9199391733768792
2023-04-06,D40_Q70_pair,63,0.9200443664539493
2023-04-07,D40_Q70_pair,63,0.9203058039599266
2023-04-10,D40_Q70_pair,63,0.9192575990322045
2023-04-11,D40_Q70_pair,63,0.9194800492297327
2023-04-12,D40_Q70_pair,63,0.9138355785587614
2023-04-13,D40_Q70_pair,63,0.9080831279213009
2023-04-14,D40_Q70_pair,63,0.9085473825155181
2023-04-17,D40_Q70_pair,63,0.9114406310593058
2023-04-18,D40_Q70_pair,63,0.9118178940206394
2023-04-19,D40_Q70_pair,63,0.9121575587760598
2023-04-20,D40_Q70_pair,63,0.9106344279394171
2023-04-21,D40_Q70_pair,63,0.9546171683323957
2023-04-24,D40_Q70_pair,63,0.9563019012675387
2023-04-25,D40_Q70_pair,63,0.9527517984779952
2023-04-26,D40_Q70_pair,63,0.9524219911104176
2023-04-27,D40_Q70_pair,63,0.9525806042558567
2023-04-28,D40_Q70_pair,63,0.9543827781307999
2023-05-04,D40_Q70_pair,63,0.952292408003909
2023-05-05,D40_Q70_pair,63,0.9526785444874049
2023-05-08,D40_Q70_pair,63,0.9534091499103187
2023-05-09,D40_Q70_pair,63,0.9538455353303068
2023-05-10,D40_Q70_pair,63,0.9525095907163494
2023-05-11,D40_Q70_pair,63,0.9523635361327247
2023-05-12,D40_Q70_pair,63,0.9534178422658204
2023-05-15,D40_Q70_pair,63,0.9545454343806549
2023-05-16,D40_Q70_pair,63,0.9540541038652699
2023-05-17,D40_Q70_pair,63,0.9538919855562319
2023-05-18,D40_Q70_pair,63,0.9540543143362917
2023-05-19,D40_Q70_pair,63,0.9543804913211075
2023-05-22,D40_Q70_pair,63,0.9553827828720823
2023-05-23,D40_Q70_pair,63,0.9567070503953016
2023-05-24,D40_Q70_pair,63,0.9481261209768551
2023-05-25,D40_Q70_pair,63,0.9496392185434201
2023-05-26,D40_Q70_pair,63,0.9488199590657111
2023-05-29,D40_Q70_pair,63,0.9489309433326981
2023-05-30,D40_Q70_pair,63,0.9466710415513769
2023-05-31,D40_Q70_pair,63,0.9429559048064171
2023-06-01,D40_Q70_pair,63,0.9425086981189337
2023-06-02,D40_Q70_pair,63,0.9429527957111834
2023-06-05,D40_Q70_pair,63,0.9430615101044725
2023-06-06,D40_Q70_pair,63,0.9409364572206431
2023-06-07,D40_Q70_pair,63,0.9417410473239115
2023-06-08,D40_Q70_pair,63,0.9415796767033683
2023-06-09,D40_Q70_pair,63,0.943363811247724
2023-06-12,D40_Q70_pair,63,0.9460861124980523
2023-06-13,D40_Q70_pair,63,0.9415770363142284
2023-06-14,D40_Q70_pair,63,0.9389971467354953
2023-06-15,D40_Q70_pair,63,0.9411485206132026
2023-06-16,D40_Q70_pair,63,0.9415001043783384
2023-06-19,D40_Q70_pair,63,0.9376968596423646
2023-06-20,D40_Q70_pair,63,0.936483233553189
2023-06-21,D40_Q70_pair,63,0.9373141524796801
2023-06-26,D40_Q70_pair,63,0.9368810638484926
2023-06-27,D40_Q70_pair,63,0.9376367470743131
2023-06-28,D40_Q70_pair,63,0.9383522665552855
2023-06-29,D40_Q70_pair,63,0.9394540021620746
2023-06-30,D40_Q70_pair,63,0.9385201058254735
2023-07-03,D40_Q70_pair,63,0.939613497833391
2023-07-04,D40_Q70_pair,63,0.9397992056965028
2023-07-05,D40_Q70_pair,63,0.9381243248133888
2023-07-06,D40_Q70_pair,63,0.9403473381868332
2023-07-07,D40_Q70_pair,63,0.9447152675064908
2023-07-10,D40_Q70_pair,63,0.94491175502064
2023-07-11,D40_Q70_pair,63,0.9458158941927298
2023-07-12,D40_Q70_pair,63,0.9439485414335483
2023-07-13,D40_Q70_pair,63,0.9473038604266878
2023-07-14,D40_Q70_pair,63,0.9472878061115627
2023-07-17,D40_Q70_pair,63,0.9486083808349914
2023-07-18,D40_Q70_pair,63,0.9546582689599806
2023-07-19,D40_Q70_pair,63,0.9532300175736595
2023-07-20,D40_Q70_pair,63,0.9519871926557408
2023-07-21,D40_Q70_pair,63,0.95072609413886
2023-07-24,D40_Q70_pair,63,0.9505361697776635
2023-07-25,D40_Q70_pair,63,0.9556945764167577
2023-07-26,D40_Q70_pair,63,0.9538353721069471
2023-07-27,D40_Q70_pair,63,0.9513066086231313
2023-07-28,D40_Q70_pair,63,0.9590797863006313
2023-07-31,D40_Q70_pair,63,0.9592504191801788
2023-08-01,D40_Q70_pair,63,0.9588812448224471
2023-08-02,D40_Q70_pair,63,0.9595238203763986
2023-08-03,D40_Q70_pair,63,0.9611733148632529
2023-08-04,D40_Q70_pair,63,0.9600156841914427
2023-08-07,D40_Q70_pair,63,0.9583655284491559
2023-08-08,D40_Q70_pair,63,0.9589636425948499
2023-08-09,D40_Q70_pair,63,0.9579877640040256
2023-08-10,D40_Q70_pair,63,0.9573014864671114
2023-08-11,D40_Q70_pair,63,0.9607694115695288
2023-08-14,D40_Q70_pair,63,0.9597785904978563
2023-08-15,D40_Q70_pair,63,0.9603447156632287
2023-08-16,D40_Q70_pair,63,0.9603185195111746
2023-08-17,D40_Q70_pair,63,0.9602245627277365
2023-08-18,D40_Q70_pair,63,0.960675600875827
2023-08-21,D40_Q70_pair,63,0.9617760916058076
2023-08-22,D40_Q70_pair,63,0.9629349719161141
2023-08-23,D40_Q70_pair,63,0.9599681138940853
2023-08-24,D40_Q70_pair,63,0.96088139151908
2023-08-25,D40_Q70_pair,63,0.9581999531547112
2023-08-28,D40_Q70_pair,63,0.9579181799862135
2023-08-29,D40_Q70_pair,63,0.9611246640371494
2023-08-30,D40_Q70_pair,63,0.9644384381979835
2023-08-31,D40_Q70_pair,63,0.9643573094624526
2023-09-01,D40_Q70_pair,63,0.9629862540831422
2023-09-04,D40_Q70_pair,63,0.9632920783894133
2023-09-05,D40_Q70_pair,63,0.9654219307071366
2023-09-06,D40_Q70_pair,63,0.966507309788075
2023-09-07,D40_Q70_pair,63,0.9656575954595369
2023-09-08,D40_Q70_pair,63,0.9659776845067005
2023-09-11,D40_Q70_pair,63,0.966325418660352
2023-09-12,D40_Q70_pair,63,0.9685916252541248
2023-09-13,D40_Q70_pair,63,0.9683155509546373
2023-09-14,D40_Q70_pair,63,0.9658651660632072
2023-09-15,D40_Q70_pair,63,0.9655860607411231
2023-09-18,D40_Q70_pair,63,0.9688701827164792
2023-09-19,D40_Q70_pair,63,0.9709197127851836
2023-09-20,D40_Q70_pair,63,0.9702328622777916
2023-09-21,D40_Q70_pair,63,0.9698971808238197
2023-09-22,D40_Q70_pair,63,0.9724350262809918
2023-09-25,D40_Q70_pair,63,0.972434786237497
2023-09-26,D40_Q70_pair,63,0.9730581165434312
2023-09-27,D40_Q70_pair,63,0.9743799130683709
2023-09-28,D40_Q70_pair,63,0.9701496572379841
2023-10-09,D40_Q70_pair,63,0.9697746768841599
2023-10-10,D40_Q70_pair,63,0.9699827050297485
2023-10-11,D40_Q70_pair,63,0.9698779806629175
2023-10-12,D40_Q70_pair,63,0.971170017272465
2023-10-13,D40_Q70_pair,63,0.9714433491806433
2023-10-16,D40_Q70_pair,63,0.9714652841301168
2023-10-17,D40_Q70_pair,63,0.9724807801444724
2023-10-18,D40_Q70_pair,63,0.9694183919635078
2023-10-19,D40_Q70_pair,63,0.9714512667530776
2023-10-20,D40_Q70_pair,63,0.9727131827379704
2023-10-23,D40_Q70_pair,63,0.9715886316833501
2023-10-24,D40_Q70_pair,63,0.9723247492222297
2023-10-25,D40_Q70_pair,63,0.9720851824577821
2023-10-26,D40_Q70_pair,63,0.9729849098116203
2023-10-27,D40_Q70_pair,63,0.9720076177709603
2023-10-30,D40_Q70_pair,63,0.9666652855384079
2023-10-31,D40_Q70_pair,63,0.9666584529875887
2023-11-01,D40_Q70_pair,63,0.9658161432387569
2023-11-02,D40_Q70_pair,63,0.9625615036097298
2023-11-03,D40_Q70_pair,63,0.9632118984891689
2023-11-06,D40_Q70_pair,63,0.9631682612918683
2023-11-07,D40_Q70_pair,63,0.9631031933246429
2023-11-08,D40_Q70_pair,63,0.9623573698520834
2023-11-09,D40_Q70_pair,63,0.9635800428312705
2023-11-10,D40_Q70_pair,63,0.9626995981821588
2023-11-13,D40_Q70_pair,63,0.9626009374763387
2023-11-14,D40_Q70_pair,63,0.9627243428787943
2023-11-15,D40_Q70_pair,63,0.9629341583572136
2023-11-16,D40_Q70_pair,63,0.9585699768215932
2023-11-17,D40_Q70_pair,63,0.9582840255704753
2023-11-20,D40_Q70_pair,63,0.9584862505121992
2023-11-21,D40_Q70_pair,63,0.9566862194931676
2023-11-22,D40_Q70_pair,63,0.9556870585217524
2023-11-23,D40_Q70_pair,63,0.9539483766576029
2023-11-24,D40_Q70_pair,63,0.9511860289847422
2023-11-27,D40_Q70_pair,63,0.9024682596247013
2023-11-28,D40_Q70_pair,63,0.8990521610819492
2023-11-29,D40_Q70_pair,63,0.896428197492423
2023-11-30,D40_Q70_pair,63,0.9003537531143996
2023-12-01,D40_Q70_pair,63,0.8984228104120477
2023-12-04,D40_Q70_pair,63,0.8990973643603285
2023-12-05,D40_Q70_pair,63,0.9108832385656334
2023-12-06,D40_Q70_pair,63,0.9102055667681679
2023-12-07,D40_Q70_pair,63,0.9090288516221935
2023-12-08,D40_Q70_pair,63,0.9052153246255769
2023-12-11,D40_Q70_pair,63,0.9044590468522649
2023-12-12,D40_Q70_pair,63,0.9042741746002613
2023-12-13,D40_Q70_pair,63,0.9143769679091713
2023-12-14,D40_Q70_pair,63,0.9144359085624088
2023-12-15,D40_Q70_pair,63,0.9117670625537646
2023-12-18,D40_Q70_pair,63,0.906521955492594
2023-12-19,D40_Q70_pair,63,0.907372421701226
2023-12-20,D40_Q70_pair,63,0.9052725874189819
2023-12-21,D40_Q70_pair,63,0.9097456644300713
2023-12-22,D40_Q70_pair,63,0.9093190769195949
2023-12-25,D40_Q70_pair,63,0.9085162401030982
2023-12-26,D40_Q70_pair,63,0.9078830166052029
2023-12-27,D40_Q70_pair,63,0.9070917728623501
2023-12-28,D40_Q70_pair,63,0.9058995223546745
2023-12-29,D40_Q70_pair,63,0.9056116381635019
2024-01-02,D40_Q70_pair,63,0.905982377416348
2024-01-03,D40_Q70_pair,63,0.9027040395542298
2024-01-04,D40_Q70_pair,63,0.9051774814537494
2024-01-05,D40_Q70_pair,63,0.9052353955199444
2024-01-08,D40_Q70_pair,63,0.9044795577949856
2024-01-09,D40_Q70_pair,63,0.904193314974319
2024-01-10,D40_Q70_pair,63,0.9010404224276031
2024-01-11,D40_Q70_pair,63,0.8984137651681459
2024-01-12,D40_Q70_pair,63,0.8964286831629408
2024-01-15,D40_Q70_pair,63,0.8953110648620924
2024-01-16,D40_Q70_pair,63,0.8985958328025553
2024-01-17,D40_Q70_pair,63,0.8963961624534175
2024-01-18,D40_Q70_pair,63,0.8031605466332912
2024-01-19,D40_Q70_pair,63,0.8017251102883859
2024-01-22,D40_Q70_pair,63,0.7901158387257049
2024-01-23,D40_Q70_pair,63,0.7788051426386556
2024-01-24,D40_Q70_pair,63,0.7961706289878683
2024-01-25,D40_Q70_pair,63,0.802229155238168
2024-01-26,D40_Q70_pair,63,0.8040075380849557
2024-01-29,D40_Q70_pair,63,0.8028370703501059
2024-01-30,D40_Q70_pair,63,0.8100594396531327
2024-01-31,D40_Q70_pair,63,0.8110999749798944
2024-02-01,D40_Q70_pair,63,0.8083793579397817
2024-02-02,D40_Q70_pair,63,0.807049233540455
2024-02-05,D40_Q70_pair,63,0.8109261834131831
2024-02-06,D40_Q70_pair,63,0.8364177704588759
2024-02-07,D40_Q70_pair,63,0.8390696710696722
2024-02-08,D40_Q70_pair,63,0.8387410346272738
2024-02-19,D40_Q70_pair,63,0.8411235982133479
2024-02-20,D40_Q70_pair,63,0.8404961323327604
2024-02-21,D40_Q70_pair,63,0.8407280981992421
2024-02-22,D40_Q70_pair,63,0.8409602276958574
2024-02-23,D40_Q70_pair,63,0.8410022885445162
2024-02-26,D40_Q70_pair,63,0.8401740720010933
2024-02-27,D40_Q70_pair,63,0.8401873823485102
2024-02-28,D40_Q70_pair,63,0.8405661620106057
2024-02-29,D40_Q70_pair,63,0.8409052414875327
2024-03-01,D40_Q70_pair,63,0.8391341301518237
2024-03-04,D40_Q70_pair,63,0.8691307996274602
2024-03-05,D40_Q70_pair,63,0.8709955650012164
2024-03-06,D40_Q70_pair,63,0.8705264427370345
2024-03-07,D40_Q70_pair,63,0.8705430747494203
2024-03-08,D40_Q70_pair,63,0.870511385399393
2024-03-11,D40_Q70_pair,63,0.8701809832591588
2024-03-12,D40_Q70_pair,63,0.8596702037877278
2024-03-13,D40_Q70_pair,63,0.8603300572672309
2024-03-14,D40_Q70_pair,63,0.860733337569068
2024-03-15,D40_Q70_pair,63,0.860458095359786
2024-03-18,D40_Q70_pair,63,0.8607676580686033
2024-03-19,D40_Q70_pair,63,0.8609264195394976
2024-03-20,D40_Q70_pair,63,0.8514734865097563
2024-03-21,D40_Q70_pair,63,0.8504922808731429
2024-03-22,D40_Q70_pair,63,0.8489159914565338
2024-03-25,D40_Q70_pair,63,0.8501163390892068
2024-03-26,D40_Q70_pair,63,0.8502844084556486
2024-03-27,D40_Q70_pair,63,0.8492300667129721
2024-03-28,D40_Q70_pair,63,0.8459706128662623
2024-03-29,D40_Q70_pair,63,0.8464031274470212
2024-04-01,D40_Q70_pair,63,0.8486078399392616
2024-04-02,D40_Q70_pair,63,0.8474458192103095
2024-04-03,D40_Q70_pair,63,0.8481811427435593
2024-04-08,D40_Q70_pair,63,0.83617957969582
2024-04-09,D40_Q70_pair,63,0.8348096011354692
2024-04-10,D40_Q70_pair,63,0.8311991657000491
2024-04-11,D40_Q70_pair,63,0.8329318888435059
2024-04-12,D40_Q70_pair,63,0.8316373814931919
2024-04-15,D40_Q70_pair,63,0.8394347416164173
2024-04-16,D40_Q70_pair,63,0.8339511106104529
2024-04-17,D40_Q70_pair,63,0.8359649903310453
2024-04-18,D40_Q70_pair,63,0.8346077025272101
2024-04-19,D40_Q70_pair,63,0.8371556527514298
2024-04-22,D40_Q70_pair,63,0.8371302119154612
2024-04-23,D40_Q70_pair,63,0.8377446256415039
2024-04-24,D40_Q70_pair,63,0.8373394861130959
2024-04-25,D40_Q70_pair,63,0.8076135250467371
2024-04-26,D40_Q70_pair,63,0.9163652443086251
2024-04-29,D40_Q70_pair,63,0.9147319013612473
2024-04-30,D40_Q70_pair,63,0.9287672277964765
2024-05-06,D40_Q70_pair,63,0.9420830556360998
2024-05-07,D40_Q70_pair,63,0.9370228287254344
2024-05-08,D40_Q70_pair,63,0.9429821889899386
2024-05-09,D40_Q70_pair,63,0.9435778805054442
2024-05-10,D40_Q70_pair,63,0.9458679401512815
2024-05-13,D40_Q70_pair,63,0.9397426014556506
2024-05-14,D40_Q70_pair,63,0.9381263409602868
2024-05-15,D40_Q70_pair,63,0.9396380991692103
2024-05-16,D40_Q70_pair,63,0.938722651894094
2024-05-17,D40_Q70_pair,63,0.9395195616991631
2024-05-20,D40_Q70_pair,63,0.9143974891869151
2024-05-21,D40_Q70_pair,63,0.9137811822804555
2024-05-22,D40_Q70_pair,63,0.916992902161773
2024-05-23,D40_Q70_pair,63,0.9195113882841404
2024-05-24,D40_Q70_pair,63,0.9287669052313974
2024-05-27,D40_Q70_pair,63,0.932079834942706
2024-05-28,D40_Q70_pair,63,0.9302404598589867
2024-05-29,D40_Q70_pair,63,0.9314274128252579
2024-05-30,D40_Q70_pair,63,0.9318816196507677
2024-05-31,D40_Q70_pair,63,0.9331725011662689
2024-06-03,D40_Q70_pair,63,0.9328654322576403
2024-06-04,D40_Q70_pair,63,0.9367051097294287
2024-06-05,D40_Q70_pair,63,0.9419957746243393
2024-06-06,D40_Q70_pair,63,0.9420322704483681
2024-06-07,D40_Q70_pair,63,0.9431734668423633
2024-06-11,D40_Q70_pair,63,0.9374491101587207
2024-06-12,D40_Q70_pair,63,0.9382200334674544
2024-06-13,D40_Q70_pair,63,0.9401253650612974
2024-06-14,D40_Q70_pair,63,0.9403925587532511
2024-06-17,D40_Q70_pair,63,0.9381573593870736
2024-06-18,D40_Q70_pair,63,0.9355407604694513
2024-06-19,D40_Q70_pair,63,0.9280329773409276
2024-06-20,D40_Q70_pair,63,0.9242050349198069
2024-06-21,D40_Q70_pair,63,0.92418354739863
2024-06-24,D40_Q70_pair,63,0.9165452170186449
2024-06-25,D40_Q70_pair,63,0.9164866141580063
2024-06-26,D40_Q70_pair,63,0.9109745250900256
2024-06-27,D40_Q70_pair,63,0.9138882062022922
2024-06-28,D40_Q70_pair,63,0.9179622521034763
2024-07-01,D40_Q70_pair,63,0.9184714359127629
2024-07-02,D40_Q70_pair,63,0.9105170156341427
2024-07-03,D40_Q70_pair,63,0.9106269884728384
2024-07-04,D40_Q70_pair,63,0.9102724146550221
2024-07-05,D40_Q70_pair,63,0.9091430685576131
2024-07-08,D40_Q70_pair,63,0.9099118053556015
2024-07-09,D40_Q70_pair,63,0.9118538822705893
2024-07-10,D40_Q70_pair,63,0.9117259191782977
2024-07-11,D40_Q70_pair,63,0.9178793463138909
2024-07-12,D40_Q70_pair,63,0.9188467529625594
2024-07-15,D40_Q70_pair,63,0.9191625452964547
2024-07-16,D40_Q70_pair,63,0.9162321289968476
2024-07-17,D40_Q70_pair,63,0.90560611720344
2024-07-18,D40_Q70_pair,63,0.9058318508875028
2024-07-19,D40_Q70_pair,63,0.9031157885652006
2024-07-22,D40_Q70_pair,63,0.9039302054235849
2024-07-23,D40_Q70_pair,63,0.9017782435655644
2024-07-24,D40_Q70_pair,63,0.9007652031001696
2024-07-25,D40_Q70_pair,63,0.8973359678026458
2024-07-26,D40_Q70_pair,63,0.8863896291545972
2024-07-29,D40_Q70_pair,63,0.8862931161470403
2024-07-30,D40_Q70_pair,63,0.8800886894892321
2024-07-31,D40_Q70_pair,63,0.9015316868477498
2024-08-01,D40_Q70_pair,63,0.9026600766893611
2024-08-02,D40_Q70_pair,63,0.8985392316508031
2024-08-05,D40_Q70_pair,63,0.8999254502664887
2024-08-06,D40_Q70_pair,63,0.8866766851812999
2024-08-07,D40_Q70_pair,63,0.8852417051037699
2024-08-08,D40_Q70_pair,63,0.8851164398512398
2024-08-09,D40_Q70_pair,63,0.8843801042311004
2024-08-12,D40_Q70_pair,63,0.8840757741949704
2024-08-13,D40_Q70_pair,63,0.8825481281904837
2024-08-14,D40_Q70_pair,63,0.8835975973387955
2024-08-15,D40_Q70_pair,63,0.8910763833755229
2024-08-16,D40_Q70_pair,63,0.8865046063882742
2024-08-19,D40_Q70_pair,63,0.8873394622921766
2024-08-20,D40_Q70_pair,63,0.8876048526215365
2024-08-21,D40_Q70_pair,63,0.8853584143408564
2024-08-22,D40_Q70_pair,63,0.874599629806118
2024-08-23,D40_Q70_pair,63,0.8696403227541634
2024-08-26,D40_Q70_pair,63,0.8699505563028378
2024-08-27,D40_Q70_pair,63,0.8607202766780837
2024-08-28,D40_Q70_pair,63,0.8644944035804847
2024-08-29,D40_Q70_pair,63,0.8586586443214937
2024-08-30,D40_Q70_pair,63,0.8636911472831094
2024-09-02,D40_Q70_pair,63,0.8731457166626891
2024-09-03,D40_Q70_pair,63,0.8568784895625532
2024-09-04,D40_Q70_pair,63,0.8573584557274408
2024-09-05,D40_Q70_pair,63,0.8568705246873128
2024-09-06,D40_Q70_pair,63,0.8600193284768473
2024-09-09,D40_Q70_pair,63,0.8694191422253431
2024-09-10,D40_Q70_pair,63,0.8691585335385242
2024-09-11,D40_Q70_pair,63,0.8617303986021879
2024-09-12,D40_Q70_pair,63,0.8643686554239342
2024-09-13,D40_Q70_pair,63,0.8659778901176695
2024-09-18,D40_Q70_pair,63,0.8706519011801368
2024-09-19,D40_Q70_pair,63,0.8755782373035809
2024-09-20,D40_Q70_pair,63,0.8758885204627188
2024-09-23,D40_Q70_pair,63,0.881901824108759
2024-09-24,D40_Q70_pair,63,0.9277552795694923
2024-09-25,D40_Q70_pair,63,0.9312974930922849
2024-09-26,D40_Q70_pair,63,0.9409436189527772
2024-09-27,D40_Q70_pair,63,0.9265044163768898
2024-09-30,D40_Q70_pair,63,0.9059099167669337
2024-10-08,D40_Q70_pair,63,0.9130905575609743
2024-10-09,D40_Q70_pair,63,0.9186081241151065
2024-10-10,D40_Q70_pair,63,0.9177137568788056
2024-10-11,D40_Q70_pair,63,0.9184560103068075
2024-10-14,D40_Q70_pair,63,0.9181785215015064
2024-10-15,D40_Q70_pair,63,0.9191414990429777
2024-10-16,D40_Q70_pair,63,0.9189824405141926
2024-10-17,D40_Q70_pair,63,0.9183836383042713
2024-10-18,D40_Q70_pair,63,0.9198221332580842
2024-10-21,D40_Q70_pair,63,0.9197357888192036
2024-10-22,D40_Q70_pair,63,0.9201672889843074
2024-10-23,D40_Q70_pair,63,0.92020884499258
2024-10-24,D40_Q70_pair,63,0.9208492032244495
2024-10-25,D40_Q70_pair,63,0.9194976637068822
2024-10-28,D40_Q70_pair,63,0.9192586376565887
2024-10-29,D40_Q70_pair,63,0.9199043472295626
2024-10-30,D40_Q70_pair,63,0.9211062591597706
2024-10-31,D40_Q70_pair,63,0.9214955531425426
2024-11-01,D40_Q70_pair,63,0.921741078919523
2024-11-04,D40_Q70_pair,63,0.921482436190659
2024-11-05,D40_Q70_pair,63,0.9233610349198336
2024-11-06,D40_Q70_pair,63,0.9211980480899592
2024-11-07,D40_Q70_pair,63,0.924442938022795
2024-11-08,D40_Q70_pair,63,0.9242839992486568
2024-11-11,D40_Q70_pair,63,0.9208319921016966
2024-11-12,D40_Q70_pair,63,0.9225193087009739
2024-11-13,D40_Q70_pair,63,0.9226588531338459
2024-11-14,D40_Q70_pair,63,0.9222128286578575
2024-11-15,D40_Q70_pair,63,0.923748285641549
2024-11-18,D40_Q70_pair,63,0.9196718634058929
2024-11-19,D40_Q70_pair,63,0.9155032281998701
2024-11-20,D40_Q70_pair,63,0.9150256742475523
2024-11-21,D40_Q70_pair,63,0.9142064823389696
2024-11-22,D40_Q70_pair,63,0.9237409103239406
2024-11-25,D40_Q70_pair,63,0.9239511139397472
2024-11-26,D40_Q70_pair,63,0.9220712390439952
2024-11-27,D40_Q70_pair,63,0.9225191428438595
2024-11-28,D40_Q70_pair,63,0.9233728889780262
2024-11-29,D40_Q70_pair,63,0.9231196091349765
2024-12-02,D40_Q70_pair,63,0.897824862244399
2024-12-03,D40_Q70_pair,63,0.8991680780527154
2024-12-04,D40_Q70_pair,63,0.8977218500279001
2024-12-05,D40_Q70_pair,63,0.897922836173346
2024-12-06,D40_Q70_pair,63,0.8981891030677372
2024-12-09,D40_Q70_pair,63,0.8954470941371431
2024-12-10,D40_Q70_pair,63,0.8980616807326275
2024-12-11,D40_Q70_pair,63,0.8973995840605726
2024-12-12,D40_Q70_pair,63,0.8976485824647733
2024-12-13,D40_Q70_pair,63,0.9009446185741983
2024-12-16,D40_Q70_pair,63,0.897843047874159
2024-12-17,D40_Q70_pair,63,0.8975279845412092
2024-12-18,D40_Q70_pair,63,0.8976759939602327
2024-12-19,D40_Q70_pair,63,0.8965435454768702
2024-12-20,D40_Q70_pair,63,0.8966830563874311
2024-12-23,D40_Q70_pair,63,0.8944408810263232
2024-12-24,D40_Q70_pair,63,0.8949611525765901
2024-12-25,D40_Q70_pair,63,0.8949122054068305
2024-12-26,D40_Q70_pair,63,0.8946830778172683
2024-12-27,D40_Q70_pair,63,0.8831052778800084
2024-12-30,D40_Q70_pair,63,0.8828364772029235
2024-12-31,D40_Q70_pair,63,0.879082083618477
2025-01-02,D40_Q70_pair,63,0.8918020470052627
2025-01-03,D40_Q70_pair,63,0.8974924570899114
2025-01-06,D40_Q70_pair,63,0.8906575463833779
2025-01-07,D40_Q70_pair,63,0.8838985317916215
2025-01-08,D40_Q70_pair,63,0.8813879115765446
2025-01-09,D40_Q70_pair,63,0.8798997797205916
2025-01-10,D40_Q70_pair,63,0.880895398926054
2025-01-13,D40_Q70_pair,63,0.8794787964670581
2025-01-14,D40_Q70_pair,63,0.8851187720487822
2025-01-15,D40_Q70_pair,63,0.8839867676431257
2025-01-16,D40_Q70_pair,63,0.8793861459078762
2025-01-17,D40_Q70_pair,63,0.8787227359358818
2025-01-20,D40_Q70_pair,63,0.8788932370015683
2025-01-21,D40_Q70_pair,63,0.8786551369804141
2025-01-22,D40_Q70_pair,63,0.8795683852998251
2025-01-23,D40_Q70_pair,63,0.8801634184451692
2025-01-24,D40_Q70_pair,63,0.8806709166979135
2025-01-27,D40_Q70_pair,63,0.8754853738419242
2025-02-05,D40_Q70_pair,63,0.8730845095739574
2025-02-06,D40_Q70_pair,63,0.8733081502395648
2025-02-07,D40_Q70_pair,63,0.8776166223026366
2025-02-10,D40_Q70_pair,63,0.876094884716374
2025-02-11,D40_Q70_pair,63,0.8683934854785695
2025-02-12,D40_Q70_pair,63,0.8694488376960392
2025-02-13,D40_Q70_pair,63,0.8532414415335181
2025-02-14,D40_Q70_pair,63,0.8524760925871746
2025-02-17,D40_Q70_pair,63,0.8568352871098925
2025-02-18,D40_Q70_pair,63,0.8564959757074091
2025-02-19,D40_Q70_pair,63,0.8551473528214756
2025-02-20,D40_Q70_pair,63,0.8556020043751773
2025-02-21,D40_Q70_pair,63,0.8520237707575096
2025-02-24,D40_Q70_pair,63,0.8616238991005385
2025-02-25,D40_Q70_pair,63,0.8695399786165017
2025-02-26,D40_Q70_pair,63,0.8692984914094611
2025-02-27,D40_Q70_pair,63,0.8694416155229715
2025-02-28,D40_Q70_pair,63,0.8393711553036906
2025-03-03,D40_Q70_pair,63,0.8374079878013839
2025-03-04,D40_Q70_pair,63,0.8430323219277227
2025-03-05,D40_Q70_pair,63,0.8344664279981826
2025-03-06,D40_Q70_pair,63,0.8404768505860417
2025-03-07,D40_Q70_pair,63,0.8396570711010402
2025-03-10,D40_Q70_pair,63,0.9201950714918483
2025-03-11,D40_Q70_pair,63,0.9220796361393495
2025-03-12,D40_Q70_pair,63,0.923876519314413
2025-03-13,D40_Q70_pair,63,0.924366287542948
2025-03-14,D40_Q70_pair,63,0.9299565036470651
2025-03-17,D40_Q70_pair,63,0.930389052052896
2025-03-18,D40_Q70_pair,63,0.9299633020725916
2025-03-19,D40_Q70_pair,63,0.9312493104915628
2025-03-20,D40_Q70_pair,63,0.9311366923257259
2025-03-21,D40_Q70_pair,63,0.928071029493818
2025-03-24,D40_Q70_pair,63,0.9299573166947385
2025-03-25,D40_Q70_pair,63,0.9307624029360855
2025-03-26,D40_Q70_pair,63,0.9317842254992889
2025-03-27,D40_Q70_pair,63,0.9350259548648757
2025-03-28,D40_Q70_pair,63,0.9352562484753539
2025-03-31,D40_Q70_pair,63,0.9440867839268675
2025-04-01,D40_Q70_pair,63,0.9421188728540785
2025-04-02,D40_Q70_pair,63,0.9421624906271454
2025-04-03,D40_Q70_pair,63,0.9379613058980423
2025-04-07,D40_Q70_pair,63,0.9715006077522332
2025-04-08,D40_Q70_pair,63,0.954449533290928
2025-04-09,D40_Q70_pair,63,0.9543897452168632
2025-04-10,D40_Q70_pair,63,0.9493872850393366
2025-04-11,D40_Q70_pair,63,0.9489104997190138
2025-04-14,D40_Q70_pair,63,0.9486948349702559
2025-04-15,D40_Q70_pair,63,0.9481332220511915
2025-04-16,D40_Q70_pair,63,0.9463210392019993
2025-04-17,D40_Q70_pair,63,0.9472579359794264
2025-04-18,D40_Q70_pair,63,0.9461642502219048
2025-04-21,D40_Q70_pair,63,0.9450802628810943
2025-04-22,D40_Q70_pair,63,0.943450957412217
2025-04-23,D40_Q70_pair,63,0.9423255464096727
2025-04-24,D40_Q70_pair,63,0.9437161525104703
2025-04-25,D40_Q70_pair,63,0.944511792111337
2025-04-28,D40_Q70_pair,63,0.9448607523323718
2025-04-29,D40_Q70_pair,63,0.9455779558246705
2025-04-30,D40_Q70_pair,63,0.9454984703167993
2025-05-06,D40_Q70_pair,63,0.9457948974803696
2025-05-07,D40_Q70_pair,63,0.9452914937971645
2025-05-08,D40_Q70_pair,63,0.9490960617776215
2025-05-09,D40_Q70_pair,63,0.9503029331685569
2025-05-12,D40_Q70_pair,63,0.9511126054643977
2025-05-13,D40_Q70_pair,63,0.9507551165309827
2025-05-14,D40_Q70_pair,63,0.9499486185938176
2025-05-15,D40_Q70_pair,63,0.9499835244469041
2025-05-16,D40_Q70_pair,63,0.9491401469533938
2025-05-19,D40_Q70_pair,63,0.9489752196305848
2025-05-20,D40_Q70_pair,63,0.9492738771018588
2025-05-21,D40_Q70_pair,63,0.9493101350459006
2025-05-22,D40_Q70_pair,63,0.9495423764536385
2025-05-23,D40_Q70_pair,63,0.9500401178366483
2025-05-26,D40_Q70_pair,63,0.9502090349508521
2025-05-27,D40_Q70_pair,63,0.950053760598516
2025-05-28,D40_Q70_pair,63,0.9502912664057604
2025-05-29,D40_Q70_pair,63,0.9489109090034684
2025-05-30,D40_Q70_pair,63,0.9491361403383108
2025-06-03,D40_Q70_pair,63,0.949148249398839
2025-06-04,D40_Q70_pair,63,0.9480033293782114
2025-06-05,D40_Q70_pair,63,0.9486096717986935
2025-06-06,D40_Q70_pair,63,0.949049323719459
2025-06-09,D40_Q70_pair,63,0.948946624673731
2025-06-10,D40_Q70_pair,63,0.9483178367081692
2025-06-11,D40_Q70_pair,63,0.9487825464337278
2025-06-12,D40_Q70_pair,63,0.948527353055409
2025-06-13,D40_Q70_pair,63,0.9487109898155456
2025-06-16,D40_Q70_pair,63,0.9488983001747443
2025-06-17,D40_Q70_pair,63,0.9489455267020556
2025-06-18,D40_Q70_pair,63,0.9150081857359994
2025-06-19,D40_Q70_pair,63,0.9156619940912496
2025-06-20,D40_Q70_pair,63,0.914340921763882
2025-06-23,D40_Q70_pair,63,0.9144906179869586
2025-06-24,D40_Q70_pair,63,0.9159824935753192
2025-06-25,D40_Q70_pair,63,0.9090191293490744
2025-06-26,D40_Q70_pair,63,0.908917822668262
2025-06-27,D40_Q70_pair,63,0.9072877727075946
2025-06-30,D40_Q70_pair,63,0.9073142048058631
2025-07-01,D40_Q70_pair,63,0.9072003848328596
2025-07-02,D40_Q70_pair,63,0.906979015037598
2025-07-03,D40_Q70_pair,63,0.9054048606396196
2025-07-04,D40_Q70_pair,63,0.905628907879822
2025-07-07,D40_Q70_pair,63,0.9059498554647945
2025-07-08,D40_Q70_pair,63,0.90811882139864
2025-07-09,D40_Q70_pair,63,0.6876250689959165
2025-07-10,D40_Q70_pair,63,0.7242700065002631
2025-07-11,D40_Q70_pair,63,0.7119370486702435
2025-07-14,D40_Q70_pair,63,0.6810201218867324
2025-07-15,D40_Q70_pair,63,0.6768752282089286
2025-07-16,D40_Q70_pair,63,0.6784042354772452
2025-07-17,D40_Q70_pair,63,0.6808469867437354
2025-07-18,D40_Q70_pair,63,0.699689890681573
2025-07-21,D40_Q70_pair,63,0.6997116118677629
2025-07-22,D40_Q70_pair,63,0.7019703362767348
2025-07-23,D40_Q70_pair,63,0.7066365672513679
2025-07-24,D40_Q70_pair,63,0.7102744087703929
2025-07-25,D40_Q70_pair,63,0.7230815196880632
2025-07-28,D40_Q70_pair,63,0.7251711662301245
2025-07-29,D40_Q70_pair,63,0.724363378670568
2025-07-30,D40_Q70_pair,63,0.7207927529531161
2025-07-31,D40_Q70_pair,63,0.7622499496318335
2025-08-01,D40_Q70_pair,63,0.7701337626160163
2025-08-04,D40_Q70_pair,63,0.7645911049274542
2025-08-05,D40_Q70_pair,63,0.7730695471355693
2025-08-06,D40_Q70_pair,63,0.7727668560251657
2025-08-07,D40_Q70_pair,63,0.7723209201352353
2025-08-08,D40_Q70_pair,63,0.7698940668542537
2025-08-11,D40_Q70_pair,63,0.7684363240974955
2025-08-12,D40_Q70_pair,63,0.7772303029701422
2025-08-13,D40_Q70_pair,63,0.7733124625542942
2025-08-14,D40_Q70_pair,63,0.7640008282349287
2025-08-15,D40_Q70_pair,63,0.7611191012713605
2025-08-18,D40_Q70_pair,63,0.7569187309711297
2025-08-19,D40_Q70_pair,63,0.7499677609757823
2025-08-20,D40_Q70_pair,63,0.7560215198465333
2025-08-21,D40_Q70_pair,63,0.7538896339756721
2025-08-22,D40_Q70_pair,63,0.7581740812974139
2025-08-25,D40_Q70_pair,63,0.759699559976652
2025-08-26,D40_Q70_pair,63,0.7610870956804991
2025-08-27,D40_Q70_pair,63,0.7671366989320795
2025-08-28,D40_Q70_pair,63,0.7822744350343435
2025-08-29,D40_Q70_pair,63,0.7835407974615516
2025-09-01,D40_Q70_pair,63,0.7830913204117794
2025-09-02,D40_Q70_pair,63,0.7725833521237686
2025-09-03,D40_Q70_pair,63,0.7756601923384259
2025-09-04,D40_Q70_pair,63,0.8096349783296269
2025-09-05,D40_Q70_pair,63,0.821846753934772
2025-09-08,D40_Q70_pair,63,0.8188274865413148
2025-09-09,D40_Q70_pair,63,0.8194537413096583
2025-09-10,D40_Q70_pair,63,0.8149426989384534
2025-09-11,D40_Q70_pair,63,0.8253904657651792
2025-09-12,D40_Q70_pair,63,0.8273565198848236
2025-09-15,D40_Q70_pair,63,0.8893092142463606
2025-09-16,D40_Q70_pair,63,0.884221990239744
2025-09-17,D40_Q70_pair,63,0.8921433438883825
2025-09-18,D40_Q70_pair,63,0.8941168583892741
2025-09-19,D40_Q70_pair,63,0.8892745959897791
2025-09-22,D40_Q70_pair,63,0.8972704079804854
2025-09-23,D40_Q70_pair,63,0.8978165160357628
2025-09-24,D40_Q70_pair,63,0.8946387169305569
2025-09-25,D40_Q70_pair,63,0.8950378366436258
2025-09-26,D40_Q70_pair,63,0.8941075140834833
2025-09-29,D40_Q70_pair,63,0.8976357765044511
2025-09-30,D40_Q70_pair,63,0.8975959927102007
2025-10-09,D40_Q70_pair,63,0.9015754592432829
2025-10-10,D40_Q70_pair,63,0.9074631153051201
2025-10-13,D40_Q70_pair,63,0.9077622211299312
2025-10-14,D40_Q70_pair,63,0.8970552193193428
2025-10-15,D40_Q70_pair,63,0.899783389359632
2025-10-16,D40_Q70_pair,63,0.8994246938916644
2025-10-17,D40_Q70_pair,63,0.8979302953022189
2025-10-20,D40_Q70_pair,63,0.8986861120427653
2025-10-21,D40_Q70_pair,63,0.8960889427949551
2025-10-22,D40_Q70_pair,63,0.896986184797814
2025-10-23,D40_Q70_pair,63,0.8956996681659394
2025-10-24,D40_Q70_pair,63,0.8967497471522018
2025-10-27,D40_Q70_pair,63,0.897721733879861
2025-10-28,D40_Q70_pair,63,0.8985443890253841
2025-10-29,D40_Q70_pair,63,0.8968391906232046
2025-10-30,D40_Q70_pair,63,0.896650673843787
2025-10-31,D40_Q70_pair,63,0.901941467796862
2025-11-03,D40_Q70_pair,63,0.9027326760911639
2025-11-04,D40_Q70_pair,63,0.9033345162660733
2025-11-05,D40_Q70_pair,63,0.8937074637556035
2025-11-06,D40_Q70_pair,63,0.8956674387956784
2025-11-07,D40_Q70_pair,63,0.8961016207867228
2025-11-10,D40_Q70_pair,63,0.8945722009248537
2025-11-11,D40_Q70_pair,63,0.8968174137089401
2025-11-12,D40_Q70_pair,63,0.8925610363153906
2025-11-13,D40_Q70_pair,63,0.8931028916758583
2025-11-14,D40_Q70_pair,63,0.8995003261938379
2025-11-17,D40_Q70_pair,63,0.9005775624712962
2025-11-18,D40_Q70_pair,63,0.9029291413860878
2025-11-19,D40_Q70_pair,63,0.9072679412345993
2025-11-20,D40_Q70_pair,63,0.9097603107101171
2025-11-21,D40_Q70_pair,63,0.9254441046789171
2025-11-24,D40_Q70_pair,63,0.9299880657167561
2025-11-25,D40_Q70_pair,63,0.9305223243246503
2025-11-26,D40_Q70_pair,63,0.9284833761569076
2025-11-27,D40_Q70_pair,63,0.9292256708915658
2025-11-28,D40_Q70_pair,63,0.9281303649814414
2025-12-01,D40_Q70_pair,63,0.9295208757057056
2025-12-02,D40_Q70_pair,63,0.9294082837556713
2025-12-03,D40_Q70_pair,63,0.9261806352070479
2025-12-04,D40_Q70_pair,63,0.9255306020203065
2025-12-05,D40_Q70_pair,63,0.9241134628690755
2025-12-08,D40_Q70_pair,63,0.9317687602207203
2025-12-09,D40_Q70_pair,63,0.9310429687110134
2025-12-10,D40_Q70_pair,63,0.9223099869063182
2025-12-11,D40_Q70_pair,63,0.9176514186020411
2025-12-12,D40_Q70_pair,63,0.9184543122802775
2025-12-15,D40_Q70_pair,63,0.9171495388834358
2025-12-16,D40_Q70_pair,63,0.9184753538383601
2025-12-17,D40_Q70_pair,63,0.7477165485284292
2025-12-18,D40_Q70_pair,63,0.738922890320065
2025-12-19,D40_Q70_pair,63,0.7413037434630779
2025-12-22,D40_Q70_pair,63,0.7449369364545605
2025-12-23,D40_Q70_pair,63,0.7453616532249798
2025-12-24,D40_Q70_pair,63,0.7429778366699022
2025-12-25,D40_Q70_pair,63,0.7439277760411632
2025-12-26,D40_Q70_pair,63,0.7438277498920159
2025-12-29,D40_Q70_pair,63,0.7448356104602452
2025-12-30,D40_Q70_pair,63,0.7445306455135382
2025-12-31,D40_Q70_pair,63,0.7403669573035687
2026-01-05,D40_Q70_pair,63,0.7598309153451251
2026-01-06,D40_Q70_pair,63,0.7591388814387217
2026-01-07,D40_Q70_pair,63,0.7601597673049632
2026-01-08,D40_Q70_pair,63,0.7539896008976754
2026-01-09,D40_Q70_pair,63,0.7440864780479609
2026-01-12,D40_Q70_pair,63,0.7425350739534041
2026-01-13,D40_Q70_pair,63,0.7491770023704356
2026-01-14,D40_Q70_pair,63,0.7427678137448905
2026-01-15,D40_Q70_pair,63,0.7422483207702019
2026-01-16,D40_Q70_pair,63,0.7370906476553506
2026-01-19,D40_Q70_pair,63,0.6703401999345665
2026-01-20,D40_Q70_pair,63,0.6627789542089153
2026-01-21,D40_Q70_pair,63,0.6618218391647311
2026-01-22,D40_Q70_pair,63,0.6608493936424702
2026-01-23,D40_Q70_pair,63,0.6551638087410898
2026-01-26,D40_Q70_pair,63,0.6461324928271364
2026-01-27,D40_Q70_pair,63,0.6442348716540105
2026-01-28,D40_Q70_pair,63,0.6422796834596449
2026-01-29,D40_Q70_pair,63,0.6438947040051799
2026-01-30,D40_Q70_pair,63,0.6445157535756156
2026-02-02,D40_Q70_pair,63,0.6929208781635118
2026-02-03,D40_Q70_pair,63,0.7086358905243172
2026-02-04,D40_Q70_pair,63,0.7178694898402562
2026-02-05,D40_Q70_pair,63,0.7075964461532976
2026-02-06,D40_Q70_pair,63,0.7104569207548816
2026-02-09,D40_Q70_pair,63,0.7291941046426949
2026-02-10,D40_Q70_pair,63,0.7269465885938275
2026-02-11,D40_Q70_pair,63,0.7285124118645191
2026-02-12,D40_Q70_pair,63,0.7240228554832783
2026-02-13,D40_Q70_pair,63,0.7274120922943323
2026-02-24,D40_Q70_pair,63,0.7215544703997713
2026-02-25,D40_Q70_pair,63,0.7235095468771303
2026-02-26,D40_Q70_pair,63,0.7229103245827407
2026-02-27,D40_Q70_pair,63,0.7197742618959991
2026-03-02,D40_Q70_pair,63,0.6802985807088427
2026-03-03,D40_Q70_pair,63,0.6919518828897331
2026-03-04,D40_Q70_pair,63,0.7069283291528792
2026-03-05,D40_Q70_pair,63,0.7125527764576932
2026-03-06,D40_Q70_pair,63,0.7124746064739681
2026-03-09,D40_Q70_pair,63,0.7188639308036741
2026-03-10,D40_Q70_pair,63,0.7176541015063249
2026-03-11,D40_Q70_pair,63,0.7152717349500866
2026-03-12,D40_Q70_pair,63,0.7152322675503767
2026-03-13,D40_Q70_pair,63,0.7162969674281736
2026-03-16,D40_Q70_pair,63,0.7117882004495395
2026-03-17,D40_Q70_pair,63,0.69452186758892
2026-03-18,D40_Q70_pair,63,0.691652390316834
2026-03-19,D40_Q70_pair,63,0.7087461471471767
2026-03-20,D40_Q70_pair,63,0.705911876526703
2026-03-23,D40_Q70_pair,63,0.7688170929621649
2026-03-24,D40_Q70_pair,63,0.7776630617483582
2026-03-25,D40_Q70_pair,63,0.782003245355257
2026-03-26,D40_Q70_pair,63,0.8698173087119307
2026-03-27,D40_Q70_pair,63,0.8750107859360281
2026-03-30,D40_Q70_pair,63,0.8745487325973418
2026-03-31,D40_Q70_pair,63,0.8692143879620619
2026-04-01,D40_Q70_pair,63,0.8745286749400715
2026-04-02,D40_Q70_pair,63,0.8754361343989909
2026-04-03,D40_Q70_pair,63,0.8763257842597643
2026-04-07,D40_Q70_pair,63,0.8755820945336779
2026-04-08,D40_Q70_pair,63,0.8865630111336052
2026-04-09,D40_Q70_pair,63,0.8869841170551614
2026-04-10,D40_Q70_pair,63,0.8852960732826832
2026-04-13,D40_Q70_pair,63,0.8801143750965252
2026-04-14,D40_Q70_pair,63,0.8789258316810363
2026-04-15,D40_Q70_pair,63,0.8772365953636365
2026-04-16,D40_Q70_pair,63,0.8766581048581038
2026-04-17,D40_Q70_pair,63,0.8750333488525857
2026-04-20,D40_Q70_pair,63,0.8746499811358249
2026-04-21,D40_Q70_pair,63,0.8749856114760414
2026-04-22,D40_Q70_pair,63,0.8745960390870109
2026-04-23,D40_Q70_pair,63,0.8746012559454351
2026-04-24,D40_Q70_pair,63,0.8695337475337952
2026-04-27,D40_Q70_pair,63,0.9177888296618024
2026-04-28,D40_Q70_pair,63,0.9155197073443986
2026-04-29,D40_Q70_pair,63,0.9152799669470478
2026-04-30,D40_Q70_pair,63,0.9144994467373992
2026-05-06,D40_Q70_pair,63,0.9146217014837597
2026-05-07,D40_Q70_pair,63,0.9160493620523658
2026-05-08,D40_Q70_pair,63,0.916706642507993
2026-05-11,D40_Q70_pair,63,0.9168383969572563
2026-05-12,D40_Q70_pair,63,0.9228546463449153
2026-05-13,D40_Q70_pair,63,0.9206905291171021
2026-05-14,D40_Q70_pair,63,0.9141072114342205
2026-05-15,D40_Q70_pair,63,0.9120138073555825
2026-05-18,D40_Q70_pair,63,0.9127976551147914
2026-05-19,D40_Q70_pair,63,0.9122575045260587
2026-05-20,D40_Q70_pair,63,0.9115518056296721
2026-05-21,D40_Q70_pair,63,0.9073069706467011
2026-05-22,D40_Q70_pair,63,0.902015305076756
2026-05-25,D40_Q70_pair,63,0.9055369857596074
2026-05-26,D40_Q70_pair,63,0.9061349102005416
2026-05-27,D40_Q70_pair,63,0.9045715095169437
