etf_code,strategy_name,strategy_label,delta_buyback_threshold,delta_buyback_label,early_close_rule,early_close_parameter,early_close_label,cycle_count,selected_cycle_count,buyback_count,buyback_rate,baseline_assignment_count,residual_assignment_count,baseline_net_option_yield_sum,delta_buyback_net_option_yield_sum,net_option_yield_change_sum,baseline_strategy_return_sum,delta_buyback_strategy_return_sum,strategy_return_change_sum,baseline_upside_cost_sum,delta_buyback_close_cost_sum,added_buyback_cost_sum,triggered_cycle_strategy_change_median
159915,ATM_Q100,ATM / Q100,0.7,Delta >= 0.70,delta,0.7,Delta >= 0.70,44,44,28,0.6363636363636364,24,3,-0.5449353038077768,-0.3208667457829067,0.22406855802487005,0.19837856394759437,0.4224471219724658,0.22406855802487138,1.7639422273076375,1.5054099740819005,0.034463695200867804,-0.0058564119096118205
159915,ATM_Q100,ATM / Q100,0.8,Delta >= 0.80,delta,0.8,Delta >= 0.80,44,44,21,0.4772727272727273,24,5,-0.5449353038077768,-0.3305423738823633,0.21439292992541353,0.19837856394759437,0.41277149387300915,0.21439292992541464,1.7639422273076375,1.5167362071480197,0.03281309023420468,-0.005879988365328586
159915,ATM_Q100,ATM / Q100,0.9,Delta >= 0.90,delta,0.9,Delta >= 0.90,44,44,14,0.3181818181818182,24,11,-0.5449353038077768,-0.33860454448977295,0.20633075931800382,0.19837856394759437,0.4047093232655993,0.20633075931800487,1.7639422273076375,1.5320279105418317,0.025583557447802052,-0.004820033529804988
159915,BuyHold,ETF BuyHold,0.7,Delta >= 0.70,delta,0.7,Delta >= 0.70,44,0,0,,0,0,0.0,0.0,0.0,0.7433138677553719,0.7433138677553719,0.0,0.0,0.0,0.0,
159915,BuyHold,ETF BuyHold,0.8,Delta >= 0.80,delta,0.8,Delta >= 0.80,44,0,0,,0,0,0.0,0.0,0.0,0.7433138677553719,0.7433138677553719,0.0,0.0,0.0,0.0,
159915,BuyHold,ETF BuyHold,0.9,Delta >= 0.90,delta,0.9,Delta >= 0.90,44,0,0,,0,0,0.0,0.0,0.0,0.7433138677553719,0.7433138677553719,0.0,0.0,0.0,0.0,
159915,D10_Q100,D10 / Q100,0.7,Delta >= 0.70,delta,0.7,Delta >= 0.70,44,44,5,0.11363636363636363,6,1,-0.3372722385291449,-0.08410594268990008,0.2531662958392448,0.4060416292262281,0.6592079250654734,0.2531662958392452,0.5214291532755582,0.26202849912956167,0.0062343583067511945,0.026047607566765607
159915,D10_Q100,D10 / Q100,0.8,Delta >= 0.80,delta,0.8,Delta >= 0.80,44,44,4,0.09090909090909091,6,2,-0.3372722385291449,-0.3864247917695881,-0.04915255324044321,0.4060416292262281,0.35688907598578523,-0.04915255324044289,0.5214291532755582,0.5580179421771841,0.012563764338816943,0.007645695619578487
159915,D10_Q100,D10 / Q100,0.9,Delta >= 0.90,delta,0.9,Delta >= 0.90,44,44,3,0.06818181818181818,6,3,-0.3372722385291449,-0.33274363482209734,0.0045286037070475064,0.4060416292262281,0.4105702329332759,0.004528603707047718,0.5214291532755582,0.5076085019206273,0.009292047647883056,0.009289722099691061
159915,D20_Q100,D20 / Q100,0.7,Delta >= 0.70,delta,0.7,Delta >= 0.70,44,44,7,0.1590909090909091,10,4,-0.3263924295863194,-0.10071002863169042,0.2256824009546291,0.4169214381690528,0.6426038391236824,0.22568240095462944,0.6682110833758718,0.4329741800557758,0.009554502365466793,0.026047607566765607
159915,D20_Q100,D20 / Q100,0.8,Delta >= 0.80,delta,0.8,Delta >= 0.80,44,44,6,0.13636363636363635,10,5,-0.3263924295863194,-0.1290130120176562,0.19737941756866334,0.4169214381690528,0.6143008557377164,0.19737941756866356,0.6682110833758718,0.46113753199861274,0.009694133808595526,0.016872094898207755
159915,D20_Q100,D20 / Q100,0.9,Delta >= 0.90,delta,0.9,Delta >= 0.90,44,44,3,0.06818181818181818,10,7,-0.3263924295863194,-0.3666555689550526,-0.04026313936873311,0.4169214381690528,0.37665829880031976,-0.040263139368733006,0.6682110833758718,0.6967477214586468,0.011726501285957838,0.011446086576300876
159915,D30_Q100,D30 / Q100,0.7,Delta >= 0.70,delta,0.7,Delta >= 0.70,44,44,14,0.3181818181818182,13,2,-0.43861199993223365,-0.1543738742431403,0.2842381256890933,0.3047018678231388,0.5889399935122326,0.2842381256890937,1.000299938932018,0.6999991492641465,0.0160626639787787,0.00797413882953691
159915,D30_Q100,D30 / Q100,0.8,Delta >= 0.80,delta,0.8,Delta >= 0.80,44,44,11,0.25,13,5,-0.43861199993223365,-0.2217259433228925,0.2168860566093411,0.3047018678231388,0.5215879244324801,0.21688605660934132,1.000299938932018,0.7681928628798358,0.015221019442841564,0.0175228070175438
159915,D30_Q100,D30 / Q100,0.9,Delta >= 0.90,delta,0.9,Delta >= 0.90,44,44,6,0.13636363636363635,13,7,-0.43861199993223365,-0.38470093647682435,0.05391106345540924,0.3047018678231388,0.3586129312785484,0.05391106345540961,1.000299938932018,0.9298295901315986,0.016559285345010208,0.022727912110448084
159915,D40_Q100,D40 / Q100,0.7,Delta >= 0.70,delta,0.7,Delta >= 0.70,44,44,19,0.4318181818181818,17,3,-0.449025298805809,-0.247460195285315,0.20156510352049398,0.2942885689495629,0.49585367247005724,0.2015651035204944,1.2223506287977959,0.9964659903730801,0.02431953490422196,-0.008121116928446678
159915,D40_Q100,D40 / Q100,0.8,Delta >= 0.80,delta,0.8,Delta >= 0.80,44,44,14,0.3181818181818182,17,5,-0.449025298805809,-0.11944706911463532,0.32957822969117356,0.2942885689495629,0.6238667986407369,0.329578229691174,1.2223506287977959,0.8735882956203197,0.01918410348630296,0.02651331428574248
159915,D40_Q100,D40 / Q100,0.9,Delta >= 0.90,delta,0.9,Delta >= 0.90,44,44,11,0.25,17,7,-0.449025298805809,-0.48274306566886177,-0.03371776686305274,0.2942885689495629,0.26057080208651034,-0.03371776686305253,1.2223506287977959,1.2320279024999392,0.024040493160909938,-0.013191942990110436
159915,D50_Q100,D50 / Q100,0.7,Delta >= 0.70,delta,0.7,Delta >= 0.70,44,44,25,0.5681818181818182,19,2,-0.5488506031002278,-0.31325600597974324,0.23559459712048458,0.19446326465514358,0.4300578617756293,0.23559459712048572,1.6360528768263463,1.3694092244344025,0.031049055271459482,-0.008121116928446678
159915,D50_Q100,D50 / Q100,0.8,Delta >= 0.80,delta,0.8,Delta >= 0.80,44,44,19,0.4318181818181818,19,3,-0.5488506031002278,-0.25379341197057237,0.2950571911296554,0.19446326465514358,0.4895204557847998,0.29505719112965617,1.6360528768263463,1.3132475083492927,0.02774817734739844,0.0007656060606062512
159915,D50_Q100,D50 / Q100,0.9,Delta >= 0.90,delta,0.9,Delta >= 0.90,44,44,11,0.25,19,8,-0.5488506031002278,-0.20227448659709285,0.34657611650313497,0.19446326465514358,0.5410393811582791,0.3465761165031356,1.6360528768263463,1.2702533518617336,0.01922340846147788,0.011020118929633317
510050,ATM_Q100,ATM / Q100,0.7,Delta >= 0.70,delta,0.7,Delta >= 0.70,44,44,30,0.6818181818181818,25,3,0.07434318765066661,-0.09956158041586682,-0.17390476806653338,0.2377667605608283,0.06386199249429532,-0.17390476806653296,0.7376269768974664,0.8901518495515506,0.0213798954124508,-0.011290686582039305
510050,ATM_Q100,ATM / Q100,0.8,Delta >= 0.80,delta,0.8,Delta >= 0.80,44,44,25,0.5681818181818182,25,5,0.07434318765066661,-0.09699127058594315,-0.1713344582366097,0.2377667605608283,0.06643230232421884,-0.17133445823660942,0.7376269768974664,0.8879614773466957,0.020999957787381698,-0.006941341145833328
510050,ATM_Q100,ATM / Q100,0.9,Delta >= 0.90,delta,0.9,Delta >= 0.90,44,44,13,0.29545454545454547,25,14,0.07434318765066661,-0.14494034848059997,-0.2192835361312665,0.2377667605608283,0.018483224429562066,-0.21928353613126622,0.7376269768974664,0.9387334741373937,0.018177038891339963,-0.020555242718446682
510050,BuyHold,ETF BuyHold,0.7,Delta >= 0.70,delta,0.7,Delta >= 0.70,44,0,0,,0,0,0.0,0.0,0.0,0.1634235729101617,0.1634235729101617,0.0,0.0,0.0,0.0,
510050,BuyHold,ETF BuyHold,0.8,Delta >= 0.80,delta,0.8,Delta >= 0.80,44,0,0,,0,0,0.0,0.0,0.0,0.1634235729101617,0.1634235729101617,0.0,0.0,0.0,0.0,
510050,BuyHold,ETF BuyHold,0.9,Delta >= 0.90,delta,0.9,Delta >= 0.90,44,0,0,,0,0,0.0,0.0,0.0,0.1634235729101617,0.1634235729101617,0.0,0.0,0.0,0.0,
510050,D10_Q100,D10 / Q100,0.7,Delta >= 0.70,delta,0.7,Delta >= 0.70,44,44,1,0.022727272727272728,1,0,0.0367222316619164,-0.02669030866066428,-0.06341254032258067,0.20014580457208025,0.1367332642494996,-0.06341254032258066,0.0673387096774194,0.1275,0.0032512500000000002,-0.06341254032258066
510050,D10_Q100,D10 / Q100,0.8,Delta >= 0.80,delta,0.8,Delta >= 0.80,44,44,1,0.022727272727272728,1,0,0.0367222316619164,-0.03975716349937392,-0.07647939516129032,0.20014580457208025,0.12366640941078996,-0.0764793951612903,0.0673387096774194,0.14024193548387096,0.0035761693548387098,-0.0764793951612903
510050,D10_Q100,D10 / Q100,0.9,Delta >= 0.90,delta,0.9,Delta >= 0.90,44,44,1,0.022727272727272728,1,0,0.0367222316619164,0.016810739726432492,-0.019911491935483902,0.20014580457208025,0.1802343126365964,-0.019911491935483888,0.0673387096774194,0.08508064516129032,0.0021695564516129033,-0.019911491935483888
510050,D20_Q100,D20 / Q100,0.7,Delta >= 0.70,delta,0.7,Delta >= 0.70,44,44,4,0.09090909090909091,7,3,0.0769268806011843,0.052023920951657095,-0.024902959649527198,0.24035045351134757,0.21544749386182063,-0.02490295964952689,0.1492095055492356,0.16997650043105345,0.004135964767709454,-0.007352895049802986
510050,D20_Q100,D20 / Q100,0.8,Delta >= 0.80,delta,0.8,Delta >= 0.80,44,44,4,0.09090909090909091,7,3,0.0769268806011843,-0.02406156291931063,-0.10098844352049494,0.24035045351134757,0.13936200999085288,-0.10098844352049463,0.1492095055492356,0.24417004881815021,0.006027900251580422,-0.018690605559977064
510050,D20_Q100,D20 / Q100,0.9,Delta >= 0.90,delta,0.9,Delta >= 0.90,44,44,2,0.045454545454545456,7,5,0.0769268806011843,-0.016844968439507304,-0.09377184904069162,0.24035045351134757,0.14657860447065604,-0.09377184904069152,0.1492095055492356,0.23821382770820682,0.00476752688172043,-0.04688592452034576
510050,D30_Q100,D30 / Q100,0.7,Delta >= 0.70,delta,0.7,Delta >= 0.70,44,44,7,0.1590909090909091,12,5,0.05413344754716478,0.08252602497022037,0.028392577423055558,0.21755702045732742,0.24594959788038337,0.028392577423055974,0.3146260557640659,0.2804469409718634,0.005786537369147042,0.00447991452991469
510050,D30_Q100,D30 / Q100,0.8,Delta >= 0.80,delta,0.8,Delta >= 0.80,44,44,7,0.1590909090909091,12,5,0.05413344754716478,-0.025117202865595982,-0.07925065041276078,0.21755702045732742,0.13830637004456708,-0.07925065041276035,0.3146260557640659,0.3854135210165404,0.008463185160286307,-0.005577367773677566
510050,D30_Q100,D30 / Q100,0.9,Delta >= 0.90,delta,0.9,Delta >= 0.90,44,44,4,0.09090909090909091,12,8,0.05413344754716478,-0.034276834469695795,-0.08841028201686058,0.21755702045732742,0.12914673844046712,-0.08841028201686027,0.3146260557640659,0.39595683869555104,0.00707949908537547,-0.012071388021572359
510050,D40_Q100,D40 / Q100,0.7,Delta >= 0.70,delta,0.7,Delta >= 0.70,44,44,21,0.4772727272727273,20,4,0.059024132495783505,-0.036626777673353816,-0.0956509101691373,0.22244770540594516,0.12679679523680823,-0.09565091016913699,0.4878873352235252,0.5703777301771539,0.013160515215509611,-0.006720483408439115
510050,D40_Q100,D40 / Q100,0.8,Delta >= 0.80,delta,0.8,Delta >= 0.80,44,44,17,0.38636363636363635,20,7,0.059024132495783505,-0.04593449043079273,-0.1049586229265762,0.22244770540594516,0.1174890824793693,-0.10495862292657593,0.4878873352235252,0.5798092587755687,0.01303669937453336,-0.005577367773677566
510050,D40_Q100,D40 / Q100,0.9,Delta >= 0.90,delta,0.9,Delta >= 0.90,44,44,9,0.20454545454545456,20,12,0.059024132495783505,-0.09389298405815802,-0.15291711655394152,0.22244770540594516,0.06953058885200425,-0.15291711655394097,0.4878873352235252,0.6285700617476224,0.012234390029844763,-0.006498972954467639
510050,D50_Q100,D50 / Q100,0.7,Delta >= 0.70,delta,0.7,Delta >= 0.70,44,44,25,0.5681818181818182,23,3,0.028388160226944233,-0.0040157858164887855,-0.03240394604343294,0.19181173313710598,0.15940778709367315,-0.03240394604343287,0.700272163389259,0.7156893116135263,0.016986797819166597,-0.006720483408439115
510050,D50_Q100,D50 / Q100,0.8,Delta >= 0.80,delta,0.8,Delta >= 0.80,44,44,22,0.5,23,5,0.028388160226944233,-0.07967940707570705,-0.10806756730265123,0.19181173313710598,0.08374416583445496,-0.10806756730265103,0.700272163389259,0.7897875118993025,0.01855221879260859,-0.0066373408461658946
510050,D50_Q100,D50 / Q100,0.9,Delta >= 0.90,delta,0.9,Delta >= 0.90,44,44,11,0.25,23,13,0.028388160226944233,-0.13705646274341832,-0.16544462297036255,0.19181173313710598,0.02636711016674361,-0.16544462297036233,0.700272163389259,0.8495273703472315,0.016189416012390597,-0.006498972954467639
510300,ATM_Q100,ATM / Q100,0.7,Delta >= 0.70,delta,0.7,Delta >= 0.70,44,44,28,0.6363636363636364,23,3,-0.11269855832994409,-0.19688670999048696,-0.08418815166054286,0.16939875041439004,0.08521059875384736,-0.08418815166054266,0.855343038508685,0.9175415538256885,0.021989636343540564,-0.008861672578547596
510300,ATM_Q100,ATM / Q100,0.8,Delta >= 0.80,delta,0.8,Delta >= 0.80,44,44,22,0.5,23,5,-0.11269855832994409,-0.18178872515576666,-0.06909016682582253,0.16939875041439004,0.10030858358856763,-0.06909016682582236,0.855343038508685,0.9037554814839815,0.020677723850526675,-0.009464597559231128
510300,ATM_Q100,ATM / Q100,0.9,Delta >= 0.90,delta,0.9,Delta >= 0.90,44,44,17,0.38636363636363635,23,7,-0.11269855832994409,-0.2411691042721339,-0.1284705459421898,0.16939875041439004,0.04092820447220054,-0.12847054594218948,0.855343038508685,0.9618284962609787,0.021985088189896404,0.0025256562017499998
510300,BuyHold,ETF BuyHold,0.7,Delta >= 0.70,delta,0.7,Delta >= 0.70,44,0,0,,0,0,0.0,0.0,0.0,0.2820973087443333,0.2820973087443333,0.0,0.0,0.0,0.0,
510300,BuyHold,ETF BuyHold,0.8,Delta >= 0.80,delta,0.8,Delta >= 0.80,44,0,0,,0,0,0.0,0.0,0.0,0.2820973087443333,0.2820973087443333,0.0,0.0,0.0,0.0,
510300,BuyHold,ETF BuyHold,0.9,Delta >= 0.90,delta,0.9,Delta >= 0.90,44,0,0,,0,0,0.0,0.0,0.0,0.2820973087443333,0.2820973087443333,0.0,0.0,0.0,0.0,
510300,D10_Q100,D10 / Q100,0.7,Delta >= 0.70,delta,0.7,Delta >= 0.70,44,44,2,0.045454545454545456,3,1,-0.022308109861567196,0.011348791891567641,0.033656901753134835,0.2597891988827683,0.2934461006359034,0.033656901753135036,0.12240204886182411,0.08659861224983936,0.002146534858849778,0.016828450876567518
510300,D10_Q100,D10 / Q100,0.8,Delta >= 0.80,delta,0.8,Delta >= 0.80,44,44,1,0.022727272727272728,3,2,-0.022308109861567196,-0.0843952572421086,-0.06208714738054141,0.2597891988827683,0.197702051502227,-0.062087147380541316,0.12240204886182411,0.1804043516827799,0.004084844559585492,-0.062087147380541316
510300,D10_Q100,D10 / Q100,0.9,Delta >= 0.90,delta,0.9,Delta >= 0.90,44,44,1,0.022727272727272728,3,2,-0.022308109861567196,-0.0843952572421086,-0.06208714738054141,0.2597891988827683,0.197702051502227,-0.062087147380541316,0.12240204886182411,0.1804043516827799,0.004084844559585492,-0.062087147380541316
510300,D20_Q100,D20 / Q100,0.7,Delta >= 0.70,delta,0.7,Delta >= 0.70,44,44,6,0.13636363636363635,5,0,0.00045542678132480963,0.049438118988028974,0.04898269220670417,0.2825527355256602,0.33153542773236455,0.048982692206704356,0.222371172242872,0.1690770161249806,0.004311463911187005,0.003590369850121379
510300,D20_Q100,D20 / Q100,0.8,Delta >= 0.80,delta,0.8,Delta >= 0.80,44,44,4,0.09090909090909091,5,2,0.00045542678132480963,-0.044076776047947845,-0.044532202829272644,0.2825527355256602,0.2380205326963877,-0.04453220282927247,0.222371172242872,0.2610332485504552,0.0058701265216893036,-0.006831049160678493
510300,D20_Q100,D20 / Q100,0.9,Delta >= 0.90,delta,0.9,Delta >= 0.90,44,44,2,0.045454545454545456,5,3,0.00045542678132480963,-0.02916343217498944,-0.029618858956314248,0.2825527355256602,0.2529338765693462,-0.029618858956314054,0.222371172242872,0.24693487869583422,0.005055152503351939,-0.014809429478157027
510300,D30_Q100,D30 / Q100,0.7,Delta >= 0.70,delta,0.7,Delta >= 0.70,44,44,14,0.3181818181818182,13,4,-0.0384551872930268,-0.06099429707948847,-0.022539109786461658,0.24364212145130795,0.2211030116648464,-0.022539109786461564,0.4003348846547995,0.41413520587699904,0.008738788564262223,-0.008008382293244836
510300,D30_Q100,D30 / Q100,0.8,Delta >= 0.80,delta,0.8,Delta >= 0.80,44,44,10,0.22727272727272727,13,5,-0.0384551872930268,-0.09904414929826434,-0.06058896200523757,0.24364212145130795,0.18305315944607065,-0.06058896200523731,0.4003348846547995,0.4514043073164883,0.009519539343548706,-0.008903201135065937
510300,D30_Q100,D30 / Q100,0.9,Delta >= 0.90,delta,0.9,Delta >= 0.90,44,44,4,0.09090909090909091,13,9,-0.0384551872930268,-0.06623061785820282,-0.02777543056517606,0.24364212145130795,0.21586669088613217,-0.027775430565175768,0.4003348846547995,0.4215823533334489,0.006527961886526559,0.0009217141955691465
510300,D40_Q100,D40 / Q100,0.7,Delta >= 0.70,delta,0.7,Delta >= 0.70,44,44,23,0.5227272727272727,18,3,0.021374082519327726,-0.12066092896185633,-0.14203501148118405,0.3034713912636626,0.16143637978247843,-0.14203501148118416,0.5237816774012981,0.6504651337459165,0.015351555136566703,-0.010404472706487367
510300,D40_Q100,D40 / Q100,0.8,Delta >= 0.80,delta,0.8,Delta >= 0.80,44,44,16,0.36363636363636365,18,6,0.021374082519327726,-0.10180018734715686,-0.12317426986648457,0.3034713912636626,0.1802971213971778,-0.12317426986648479,0.5237816774012981,0.6333414945311052,0.013614452736678195,-0.012754754243120218
510300,D40_Q100,D40 / Q100,0.9,Delta >= 0.90,delta,0.9,Delta >= 0.90,44,44,4,0.09090909090909091,18,14,0.021374082519327726,-0.040775154195009565,-0.062149236714337294,0.3034713912636626,0.24132215454932543,-0.06214923671433718,0.5237816774012981,0.5773016614591934,0.008629252656442047,-0.008424903678089903
510300,D50_Q100,D50 / Q100,0.7,Delta >= 0.70,delta,0.7,Delta >= 0.70,44,44,28,0.6363636363636364,21,1,-0.07848803772230166,-0.17726138243042336,-0.09877334470812166,0.2036092710220325,0.10483592631391102,-0.09877334470812145,0.797927176140123,0.8749513699406748,0.021749150907571208,-0.008861672578547596
510300,D50_Q100,D50 / Q100,0.8,Delta >= 0.80,delta,0.8,Delta >= 0.80,44,44,22,0.5,21,3,-0.07848803772230166,-0.1685424597678801,-0.09005442204557836,0.2036092710220325,0.1135548489764543,-0.09005442204557818,0.797927176140123,0.867385738527468,0.020595859658234076,-0.009464597559231128
510300,D50_Q100,D50 / Q100,0.9,Delta >= 0.90,delta,0.9,Delta >= 0.90,44,44,16,0.36363636363636365,21,6,-0.07848803772230166,-0.2414746110534407,-0.162986573331139,0.2036092710220325,0.0406226976908937,-0.16298657333113878,0.797927176140123,0.9398543841502747,0.02105936532098775,-0.008945522553874471
510500,ATM_Q100,ATM / Q100,0.7,Delta >= 0.70,delta,0.7,Delta >= 0.70,44,44,33,0.75,24,0,-0.369820489898983,-0.2723456999415874,0.09747478995739564,0.12248028065631583,0.2199550706137119,0.09747478995739599,1.247448504233549,1.1213785609713844,0.0285951533047703,-0.011372004112918437
510500,ATM_Q100,ATM / Q100,0.8,Delta >= 0.80,delta,0.8,Delta >= 0.80,44,44,29,0.6590909090909091,24,2,-0.369820489898983,-0.4322287675273589,-0.0624082776283759,0.12248028065631583,0.06007200302794051,-0.062408277628375294,1.247448504233549,1.2785927959090784,0.03126398595284769,-0.007338957055214639
510500,ATM_Q100,ATM / Q100,0.9,Delta >= 0.90,delta,0.9,Delta >= 0.90,44,44,25,0.5681818181818182,24,6,-0.369820489898983,-0.54420429609781,-0.17438380619882687,0.12248028065631583,-0.051903525542510605,-0.1743838061988264,1.247448504233549,1.3907826212866898,0.031049689145686815,-0.009243384181727658
510500,BuyHold,ETF BuyHold,0.7,Delta >= 0.70,delta,0.7,Delta >= 0.70,44,0,0,,0,0,0.0,0.0,0.0,0.49230077055529897,0.49230077055529897,0.0,0.0,0.0,0.0,
510500,BuyHold,ETF BuyHold,0.8,Delta >= 0.80,delta,0.8,Delta >= 0.80,44,0,0,,0,0,0.0,0.0,0.0,0.49230077055529897,0.49230077055529897,0.0,0.0,0.0,0.0,
510500,BuyHold,ETF BuyHold,0.9,Delta >= 0.90,delta,0.9,Delta >= 0.90,44,0,0,,0,0,0.0,0.0,0.0,0.49230077055529897,0.49230077055529897,0.0,0.0,0.0,0.0,
510500,D10_Q100,D10 / Q100,0.7,Delta >= 0.70,delta,0.7,Delta >= 0.70,44,44,2,0.045454545454545456,3,1,-0.0998277662489939,-0.020888959770222048,0.07893880647877186,0.39247300430630716,0.47141181078507916,0.07893880647877194,0.2039698722844454,0.12212490254469277,0.002906163260980761,0.03946940323938597
510500,D10_Q100,D10 / Q100,0.8,Delta >= 0.80,delta,0.8,Delta >= 0.80,44,44,2,0.045454545454545456,3,1,-0.0998277662489939,-0.11926340512140304,-0.019435638872409164,0.39247300430630716,0.3730373654338982,-0.019435638872409067,0.2039698722844454,0.2180531768998181,0.005352334257036457,-0.009717819436204533
510500,D10_Q100,D10 / Q100,0.9,Delta >= 0.90,delta,0.9,Delta >= 0.90,44,44,2,0.045454545454545456,3,1,-0.0998277662489939,-0.16065332331485005,-0.06082555706585617,0.39247300430630716,0.33164744724045114,-0.06082555706585607,0.2039698722844454,0.25841389673740656,0.006381532612894963,-0.030412778532928036
510500,D20_Q100,D20 / Q100,0.7,Delta >= 0.70,delta,0.7,Delta >= 0.70,44,44,4,0.09090909090909091,10,6,-0.12486788870424537,-0.004415212950873225,0.12045267575337215,0.36743288185105516,0.4878855576044274,0.12045267575337228,0.3656353313895928,0.24018367226245976,0.004998983373760847,0.03100927496268966
510500,D20_Q100,D20 / Q100,0.8,Delta >= 0.80,delta,0.8,Delta >= 0.80,44,44,3,0.06818181818181818,10,7,-0.12486788870424537,0.0013677815203234451,0.12623567022456883,0.36743288185105516,0.4936685520756241,0.12623567022456894,0.3656353313895928,0.23474404322732506,0.004655617937698781,0.05955665997322619
510500,D20_Q100,D20 / Q100,0.9,Delta >= 0.90,delta,0.9,Delta >= 0.90,44,44,2,0.045454545454545456,10,8,-0.12486788870424537,-0.17262044557623799,-0.04775255687199256,0.36743288185105516,0.3196803249790627,-0.04775255687199255,0.3656353313895928,0.40521096198177253,0.00817692627981279,-0.023876278435996275
510500,D30_Q100,D30 / Q100,0.7,Delta >= 0.70,delta,0.7,Delta >= 0.70,44,44,13,0.29545454545454547,14,4,-0.31462606748172034,-0.13142434829548177,0.1832017191862386,0.1776747030735796,0.3608764222598184,0.18320171918623882,0.7219018929515474,0.5273898071265224,0.011310366638786514,0.01055951832831599
510500,D30_Q100,D30 / Q100,0.8,Delta >= 0.80,delta,0.8,Delta >= 0.80,44,44,10,0.22727272727272727,14,5,-0.31462606748172034,-0.08961078485559652,0.22501528262612383,0.1776747030735796,0.4026899856997035,0.22501528262612397,0.7219018929515474,0.4873337282404663,0.009552882084957269,0.022754545033741205
510500,D30_Q100,D30 / Q100,0.9,Delta >= 0.90,delta,0.9,Delta >= 0.90,44,44,8,0.18181818181818182,14,6,-0.31462606748172034,-0.3097003409076118,0.00492572657410861,0.1776747030735796,0.18260042964768844,0.004925726574108856,0.7219018929515474,0.7030859852991294,0.013890181078309347,0.007887125251442874
510500,D40_Q100,D40 / Q100,0.7,Delta >= 0.70,delta,0.7,Delta >= 0.70,44,44,24,0.5454545454545454,19,2,-0.3722467963497739,-0.29236798151800625,0.07987881483176765,0.1200539742055255,0.19993278903729336,0.07987881483176781,0.9775479315665963,0.8771399943742063,0.02052912236062309,-0.004625506665877582
510500,D40_Q100,D40 / Q100,0.8,Delta >= 0.80,delta,0.8,Delta >= 0.80,44,44,18,0.4090909090909091,19,4,-0.3722467963497739,-0.28656631494969614,0.08568048140007775,0.1200539742055255,0.2057344556056035,0.08568048140007797,0.9775479315665963,0.8723476842010796,0.019519765965439216,-0.0016935813551006498
510500,D40_Q100,D40 / Q100,0.9,Delta >= 0.90,delta,0.9,Delta >= 0.90,44,44,13,0.29545454545454547,19,7,-0.3722467963497739,-0.40853288188234826,-0.036286085532574314,0.1200539742055255,0.08376788867295148,-0.036286085532574036,0.9775479315665963,0.9941704586222359,0.01966355847693486,-0.006658340626640998
510500,D50_Q100,D50 / Q100,0.7,Delta >= 0.70,delta,0.7,Delta >= 0.70,44,44,32,0.7272727272727273,23,0,-0.39851142959237973,-0.28747376861699,0.11103766097538978,0.0937893409629193,0.20482700193830938,0.1110376609753901,1.2225720346475888,1.0838950498997568,0.027639323772443797,-0.00940310272333755
510500,D50_Q100,D50 / Q100,0.8,Delta >= 0.80,delta,0.8,Delta >= 0.80,44,44,28,0.6363636363636364,23,2,-0.39851142959237973,-0.4014381503664492,-0.002926720774069448,0.0937893409629193,0.09086262018885022,-0.0029267207740689555,1.2225720346475888,1.1963324093266636,0.029166346094996114,-0.00660622125379305
510500,D50_Q100,D50 / Q100,0.9,Delta >= 0.90,delta,0.9,Delta >= 0.90,44,44,22,0.5,23,6,-0.39851142959237973,-0.38275798468346817,0.015753444908911632,0.0937893409629193,0.10954278587183142,0.015753444908912152,1.2225720346475888,1.1811154143693827,0.02570317536929548,-0.007519471209607288
588000,ATM_Q100,ATM / Q100,0.7,Delta >= 0.70,delta,0.7,Delta >= 0.70,35,35,20,0.5714285714285714,15,4,-0.6396721136913077,-0.1262662706793064,0.5134058430120014,0.1642640019008195,0.6776698449128213,0.5134058430120019,1.7126639619541637,1.1712002135871644,0.02805790535499845,-0.026653449121817288
588000,ATM_Q100,ATM / Q100,0.8,Delta >= 0.80,delta,0.8,Delta >= 0.80,35,35,15,0.42857142857142855,15,4,-0.6396721136913077,-0.018117213953146846,0.621554899738161,0.1642640019008195,0.785818901638981,0.6215548997381617,1.7126639619541637,1.0657403825523915,0.025368679663611737,0.0018108504398826955
588000,ATM_Q100,ATM / Q100,0.9,Delta >= 0.90,delta,0.9,Delta >= 0.90,35,35,13,0.37142857142857144,15,4,-0.6396721136913077,-0.2211696337795499,0.4185024799117579,0.1642640019008195,0.5827664818125778,0.4185024799117584,1.7126639619541637,1.263743717341668,0.030417764700738287,0.03331379061371851
588000,BuyHold,ETF BuyHold,0.7,Delta >= 0.70,delta,0.7,Delta >= 0.70,35,0,0,,0,0,0.0,0.0,0.0,0.8039361155921274,0.8039361155921274,0.0,0.0,0.0,0.0,
588000,BuyHold,ETF BuyHold,0.8,Delta >= 0.80,delta,0.8,Delta >= 0.80,35,0,0,,0,0,0.0,0.0,0.0,0.8039361155921274,0.8039361155921274,0.0,0.0,0.0,0.0,
588000,BuyHold,ETF BuyHold,0.9,Delta >= 0.90,delta,0.9,Delta >= 0.90,35,0,0,,0,0,0.0,0.0,0.0,0.8039361155921274,0.8039361155921274,0.0,0.0,0.0,0.0,
588000,D10_Q100,D10 / Q100,0.7,Delta >= 0.70,delta,0.7,Delta >= 0.70,35,35,4,0.11428571428571428,4,0,-0.3783474586681006,-0.26527482170974614,0.1130726369583544,0.4255886569240284,0.5386612938823827,0.11307263695835434,0.5423276622424796,0.41858120456765,0.010673820716475076,0.02383909882251628
588000,D10_Q100,D10 / Q100,0.8,Delta >= 0.80,delta,0.8,Delta >= 0.80,35,35,3,0.08571428571428572,4,1,-0.3783474586681006,-0.28028690280574575,0.09806055586235482,0.4255886569240284,0.5236492127863832,0.09806055586235479,0.5423276622424796,0.4338315967282076,0.010435509651917153,0.01803953564421179
588000,D10_Q100,D10 / Q100,0.9,Delta >= 0.90,delta,0.9,Delta >= 0.90,35,35,2,0.05714285714285714,4,2,-0.3783474586681006,-0.24013455532324413,0.13821290334485645,0.4255886569240284,0.5638015602688848,0.13821290334485645,0.5423276622424796,0.3966919526283528,0.007422806269270299,0.06910645167242822
588000,D20_Q100,D20 / Q100,0.7,Delta >= 0.70,delta,0.7,Delta >= 0.70,35,35,4,0.11428571428571428,7,3,-0.5256354851578293,-0.3021924747075339,0.22344301045029544,0.278300630434299,0.5017436408845944,0.22344301045029555,0.8392127721930143,0.6024066324283155,0.013363129314403232,0.058824399608472966
588000,D20_Q100,D20 / Q100,0.8,Delta >= 0.80,delta,0.8,Delta >= 0.80,35,35,4,0.11428571428571428,7,3,-0.5256354851578293,-0.33282450835359983,0.19281097680422948,0.278300630434299,0.4711116072385285,0.1928109768042296,0.8392127721930143,0.6322769724049766,0.014124822983808091,0.045184057873051534
588000,D20_Q100,D20 / Q100,0.9,Delta >= 0.90,delta,0.9,Delta >= 0.90,35,35,3,0.08571428571428572,7,4,-0.5256354851578293,-0.640716360629142,-0.11508087547131256,0.278300630434299,0.16321975496298652,-0.11508087547131246,0.8392127721930143,0.9339981257138689,0.02029552195045821,0.009542085661080058
588000,D30_Q100,D30 / Q100,0.7,Delta >= 0.70,delta,0.7,Delta >= 0.70,35,35,6,0.17142857142857143,7,2,-0.5892564454986343,-0.251941111930167,0.3373153335684672,0.21467967009349442,0.5519950036619617,0.3373153335684673,1.075694959054094,0.7235852022036049,0.014794423282021919,0.06637573481578155
588000,D30_Q100,D30 / Q100,0.8,Delta >= 0.80,delta,0.8,Delta >= 0.80,35,35,5,0.14285714285714285,7,2,-0.5892564454986343,-0.24196380321381195,0.3472926422848223,0.21467967009349442,0.5619723123783168,0.3472926422848224,1.075694959054094,0.7138559884382661,0.014546328331005777,0.09315614285714287
588000,D30_Q100,D30 / Q100,0.9,Delta >= 0.90,delta,0.9,Delta >= 0.90,35,35,4,0.11428571428571428,7,3,-0.5892564454986343,-0.5218826466948433,0.06737379880379105,0.21467967009349442,0.28205346889728544,0.06737379880379107,1.075694959054094,0.9882327374547558,0.020088422795547206,0.06710747788021415
588000,D40_Q100,D40 / Q100,0.7,Delta >= 0.70,delta,0.7,Delta >= 0.70,35,35,11,0.3142857142857143,11,3,-0.6977891423109479,0.1435115895989556,0.8413007319099035,0.1061469732811803,0.9474477051910841,0.8413007319099037,1.4478916599234497,0.5927432137272306,0.013847714286315798,0.0581923465703972
588000,D40_Q100,D40 / Q100,0.8,Delta >= 0.80,delta,0.8,Delta >= 0.80,35,35,8,0.22857142857142856,11,4,-0.6977891423109479,0.06632959396565977,0.7641187362766078,0.1061469732811803,0.8702657095577883,0.764118736276608,1.4478916599234497,0.6704237863225471,0.013349137324295168,0.07308147738766221
588000,D40_Q100,D40 / Q100,0.9,Delta >= 0.90,delta,0.9,Delta >= 0.90,35,35,7,0.2,11,4,-0.6977891423109479,-0.2525273031049461,0.44526183920600193,0.1061469732811803,0.5514088124871823,0.4452618392060021,1.4478916599234497,0.981352013597638,0.021277807119809984,0.0809419825072886
588000,D50_Q100,D50 / Q100,0.7,Delta >= 0.70,delta,0.7,Delta >= 0.70,35,35,17,0.4857142857142857,12,4,-0.5836746812614744,-0.06530999256775157,0.518364688693723,0.2202614343306532,0.7386261230243766,0.5183646886937232,1.5064834227490895,0.9653110035561594,0.022807730499207812,-0.02914590347923687
588000,D50_Q100,D50 / Q100,0.8,Delta >= 0.80,delta,0.8,Delta >= 0.80,35,35,11,0.3142857142857143,12,4,-0.5836746812614744,0.141096529660971,0.7247712109224456,0.2202614343306532,0.9450326452530993,0.724771210922446,1.5064834227490895,0.764036969203431,0.017675242623213242,0.061832536893886195
588000,D50_Q100,D50 / Q100,0.9,Delta >= 0.90,delta,0.9,Delta >= 0.90,35,35,10,0.2857142857142857,12,4,-0.5836746812614744,-0.16910789864181552,0.4145667826196589,0.2202614343306532,0.6348282169503124,0.41456678261965935,1.5064834227490895,1.066527879298786,0.025388760830644792,0.051833821260486745
