etf_code,implementation_name,phase_shift,rebalance_date,period_end_date,option_code,target_call_delta,coverage,actual_entry_delta,actual_effective_delta,premium_return,payoff_return,transaction_cost_return,net_option_leg_return,premium_capture_ratio_period,payoff_burden_period,assignment_flag,realized_moneyness,actual_dte
510050,D28_Q100,0,2022-09-30,2022-10-26,10004461.SH,0.28,1.0,0.2229171913385184,0.7770828086614816,0.00569811320754717,0.0,0.00014530188679245283,0.0055528113207547174,0.9745,0.0,0,0.037735849056603765,26.0
510050,D28_Q100,0,2022-10-26,2022-11-23,10004597.SH,0.28,1.0,0.2363256310063056,0.7636743689936945,0.007749077490774908,0.010250102501025156,0.00019760147601476016,-0.0026986264862650083,-0.3482513227513415,1.3227513227513414,1,0.04551045510455087,28.0
510050,D28_Q100,0,2022-11-23,2022-12-28,10004241.SH,0.28,1.0,0.2948435955512408,0.7051564044487593,0.009980582524271845,0.0,0.000254504854368932,0.009726077669902912,0.9744999999999999,0.0,0,0.03378640776699027,35.0
510050,D28_Q100,0,2022-12-28,2023-01-30,10004866.SH,0.28,1.0,0.2562872677017219,0.7437127322982782,0.007852019630049075,0.03737259343148366,0.00020022650056625144,-0.029720800302000833,-3.7851153846153944,4.759615384615395,1,0.03812759531898835,33.0
510050,D28_Q100,0,2023-01-30,2023-02-22,10004999.SH,0.28,1.0,0.256946958868117,0.743053041131883,0.007476307476307476,0.0,0.00019064584064584065,0.007285661635661635,0.9744999999999999,0.0,0,0.03545103545103534,23.0
510050,D28_Q100,0,2023-02-22,2023-03-22,10004410.SH,0.28,1.0,0.296526796673969,0.703473203326031,0.009225225225225226,0.0,0.00023524324324324325,0.008989981981981983,0.9745,0.0,0,0.030270270270270405,28.0
510050,D28_Q100,0,2023-03-22,2023-04-26,10005186.SH,0.28,1.0,0.2724061976837059,0.7275938023162941,0.008471385542168674,0.0,0.00021602033132530122,0.008255365210843373,0.9745,0.0,0,0.035391566265060126,35.0
510050,D28_Q100,0,2023-04-26,2023-05-24,10005266.SH,0.28,1.0,0.2686600620914717,0.7313399379085284,0.00725467735777014,0.0,0.00018499427262313857,0.007069683085147002,0.9745,0.0,0,0.030927835051546282,28.0
510050,D28_Q100,0,2023-05-24,2023-06-28,10004759.SH,0.28,1.0,0.2834793276092687,0.7165206723907314,0.00876988746604579,0.0,0.00022363213038416763,0.008546255335661621,0.9744999999999999,0.0,0,0.032984090027163404,35.0
510050,D28_Q100,0,2023-06-28,2023-07-26,10005403.SH,0.28,1.0,0.3442498259508678,0.6557501740491323,0.009529411764705882,0.020392156862745116,0.000243,-0.011105745098039235,-1.1654176954732531,2.1399176954732533,1,0.019607843137255054,28.0
510050,D28_Q100,0,2023-07-26,2023-08-23,10005651.SH,0.28,1.0,0.2217889954399277,0.7782110045600723,0.005505279034690799,0.0,0.00014038461538461538,0.005364894419306184,0.9745,0.0,0,0.036953242835595645,28.0
510050,D28_Q100,0,2023-08-23,2023-09-27,10005105.SH,0.28,1.0,0.2596680604798602,0.7403319395201398,0.009546351084812622,0.0,0.00024343195266272188,0.0093029191321499,0.9745,0.0,0,0.04536489151873768,35.0
510050,D28_Q100,0,2023-09-27,2023-10-25,10005920.SH,0.28,1.0,0.2443293813284578,0.7556706186715422,0.006835637480798771,0.0,0.00017430875576036867,0.006661328725038402,0.9744999999999999,0.0,0,0.03686635944700467,28.0
510050,D28_Q100,0,2023-10-25,2023-11-22,10006028.SH,0.28,1.0,0.234345992063575,0.765654007936425,0.006095083299471759,0.0,0.00015542462413652987,0.005939658675335229,0.9744999999999999,0.0,0,0.03616416091019903,28.0
510050,D28_Q100,0,2023-11-22,2023-12-27,10005332.SH,0.28,1.0,0.3421375789029023,0.6578624210970977,0.007284500202347227,0.0,0.0001857547551598543,0.007098745447187372,0.9744999999999999,0.0,0,0.015783083771752304,35.0
510050,D28_Q100,0,2023-12-27,2024-01-24,10006276.SH,0.28,1.0,0.3056501401201925,0.6943498598798075,0.008688097306689836,0.0,0.00022154648132059082,0.008466550825369245,0.9745,0.0,0,0.026064291920069538,28.0
510050,D28_Q100,0,2024-01-24,2024-02-28,10006506.SH,0.28,1.0,0.34061727666054,0.65938272333946,0.011023965141612201,0.032244008714596886,0.00028111111111111116,-0.021501154684095795,-1.9504011857707448,2.924901185770745,1,0.023965141612200425,35.0
510050,D28_Q100,0,2024-02-28,2024-03-27,10005767.SH,0.28,1.0,0.2850261076928925,0.7149738923071075,0.009653465346534653,0.0,0.00024616336633663364,0.00940730198019802,0.9745,0.0,0,0.035478547854785436,28.0
510050,D28_Q100,0,2024-03-27,2024-04-24,10006921.SH,0.28,1.0,0.2840439149678358,0.7159560850321642,0.007480476777640774,0.0,0.00019075215782983975,0.0072897246198109335,0.9744999999999999,0.0,0,0.0275380189066996,28.0
510050,D28_Q100,0,2024-04-24,2024-05-22,10007040.SH,0.28,1.0,0.3489771065002247,0.6510228934997753,0.008913308913308913,0.02564102564102571,0.0002272893772893773,-0.016955006105006176,-1.9022123287671313,2.8767123287671312,1,0.017501017501017513,28.0
510050,D28_Q100,0,2024-05-22,2024-06-26,10006427.SH,0.28,1.0,0.2356564350515727,0.7643435649484274,0.005735466250487709,0.0,0.0001462543893874366,0.005589211861100273,0.9745,0.0,0,0.03394459617635581,35.0
510050,D28_Q100,0,2024-06-26,2024-07-24,10007336.SH,0.28,1.0,0.2769832381474219,0.7230167618525781,0.0061450225317492835,0.0,0.00015669807455960674,0.0059883244571896765,0.9744999999999999,0.0,0,0.02417042195821395,28.0
510050,D28_Q100,0,2024-07-24,2024-08-28,10007457.SH,0.28,1.0,0.2235314931728925,0.7764685068271076,0.004607922392886014,0.0,0.00011750202101859336,0.004490420371867421,0.9745,0.0,0,0.030719482619239846,35.0
510050,D28_Q100,0,2024-08-28,2024-09-25,10006737.SH,0.28,1.0,0.184355417634561,0.815644582365439,0.0030490317264112075,0.0,7.77503090234858e-05,0.0029712814173877217,0.9745,0.0,0,0.030078285949732164,28.0
510050,D28_Q100,0,2024-09-25,2024-10-23,10007715.SH,0.28,1.0,0.2926045166237164,0.7073954833762837,0.008306451612903226,0.10766129032258079,0.00021181451612903228,-0.0995666532258066,-11.986665048543708,12.961165048543707,1,0.028225806451612767,28.0
510050,D28_Q100,0,2024-10-23,2024-11-27,10008047.SH,0.28,1.0,0.3089197237122726,0.6910802762877274,0.015548455804046856,0.0,0.00039648562300319485,0.015151970181043662,0.9745,0.0,0,0.04721334753283646,35.0
510050,D28_Q100,0,2024-11-27,2024-12-25,10007989.SH,0.28,1.0,0.3253705598852765,0.6746294401147235,0.009454012458776109,0.0,0.00024107731769879077,0.009212935141077318,0.9745,0.0,0,0.023451813851227632,28.0
510050,D28_Q100,0,2024-12-25,2025-01-22,10008512.SH,0.28,1.0,0.3017647485410295,0.6982352514589705,0.009949348769898699,0.0,0.0002537083936324168,0.009695640376266282,0.9745,0.0,0,0.03111432706222872,28.0
510050,D28_Q100,0,2025-01-22,2025-02-26,10008576.SH,0.28,1.0,0.2818425101705503,0.7181574898294497,0.009321058688147294,0.009973149213655465,0.00023768699654775602,-0.0008897775220559269,-0.09545884773661736,1.0699588477366173,1,0.03567318757192184,35.0
510050,D28_Q100,0,2025-02-26,2025-03-26,10008529.SH,0.28,1.0,0.2973938270936254,0.7026061729063746,0.008363903154805577,0.0,0.0002132795304475422,0.008150623624358035,0.9745,0.0,0,0.027146001467351466,28.0
510050,D28_Q100,0,2025-03-26,2025-04-23,10008936.SH,0.28,1.0,0.3023751440756397,0.6976248559243603,0.00756578947368421,0.0,0.00019292763157894736,0.007372861842105263,0.9745,0.0,0,0.023391812865496853,28.0
510050,D28_Q100,0,2025-04-23,2025-05-28,10009056.SH,0.28,1.0,0.2292113531662311,0.7707886468337689,0.005391432791728212,0.0,0.00013748153618906942,0.0052539512555391426,0.9744999999999999,0.0,0,0.033973412112259904,35.0
510050,D28_Q100,0,2025-05-28,2025-06-25,10008547.SH,0.28,1.0,0.3170516697471935,0.6829483302528065,0.007171459774299236,0.011649071714597755,0.00018287222424463053,-0.004660484164543149,-0.6498654822335042,1.624365482233504,1,0.019293775027302562,28.0
510050,D28_Q100,0,2025-06-25,2025-07-23,10009330.SH,0.28,1.0,0.3272306577237899,0.6727693422762101,0.009851694915254238,0.007415254237288104,0.00025121822033898305,0.002185222457627151,0.22181182795699253,0.7526881720430074,1,0.024011299435028333,28.0
510050,D28_Q100,0,2025-07-23,2025-08-27,10009516.SH,0.28,1.0,0.3260703462814796,0.6739296537185204,0.01078397808969531,0.01745977404998294,0.0002749914412872304,-0.006950787401574859,-0.6445476190476243,1.6190476190476242,1,0.0270455323519343,35.0
510050,D28_Q100,0,2025-08-27,2025-09-24,10009621.SH,0.28,1.0,0.2608237732927227,0.7391762267072772,0.010422812192723696,0.0,0.0002657817109144543,0.010157030481809243,0.9745,0.0,0,0.04883644706653567,28.0
510050,D28_Q100,0,2025-09-24,2025-10-22,10009894.SH,0.28,1.0,0.2151977593522426,0.7848022406477574,0.0057942708333333336,0.0,0.00014775390625000002,0.005646516927083334,0.9745,0.0,0,0.04166666666666674,28.0
510050,D28_Q100,0,2025-10-22,2025-11-26,10010071.SH,0.28,1.0,0.17694083973386,0.82305916026614,0.0044472681067344345,0.0,0.00011340533672172809,0.004333862770012706,0.9744999999999999,0.0,0,0.04828462515883092,35.0
510050,D28_Q100,0,2025-11-26,2025-12-24,10009727.SH,0.28,1.0,0.1161508291104881,0.8838491708895119,0.0014129736673089276,0.0,3.6030828516377655e-05,0.0013769428387925499,0.9744999999999999,0.0,0,0.0324341682723186,28.0
510050,D28_Q100,0,2025-12-24,2026-01-28,10010567.SH,0.28,1.0,0.225795598721248,0.774204401278752,0.0050016134236850595,0.0,0.00012754114230396904,0.00487407228138109,0.9745,0.0,0,0.032591158438205925,35.0
510050,D28_Q100,0,2026-01-28,2026-02-25,10010632.SH,0.28,1.0,0.359824598651549,0.6401754013484511,0.011249203314212874,0.0,0.0002868546845124283,0.010962348629700445,0.9744999999999999,0.0,0,0.019757807520713877,28.0
510050,D28_Q100,0,2026-02-25,2026-03-25,10009729.SH,0.28,1.0,0.2673614452742743,0.7326385547257257,0.005998723675813657,0.0,0.00015296745373324827,0.0058457562220804084,0.9744999999999999,0.0,0,0.025845564773452345,28.0
510050,D28_Q100,0,2026-03-25,2026-04-22,10011106.SH,0.28,1.0,0.2934489800307849,0.7065510199692151,0.007098976109215016,0.0017064846416381888,0.00018102389078498293,0.005211467576791844,0.7341153846153897,0.24038461538461028,1,0.023890784982935065,28.0
510050,D28_Q100,0,2026-04-22,2026-05-27,10011297.SH,0.28,1.0,0.2463471232791063,0.7536528767208936,0.005923460898502496,0.0,0.00015104825291181365,0.005772412645590682,0.9744999999999999,0.0,0,0.03161397670549082,35.0
510050,D35_Q80,0,2022-09-30,2022-10-26,10004460.SH,0.35,0.8,0.3596643005673929,0.7122685595460856,0.008633962264150944,0.0,0.00022016603773584908,0.008413796226415096,0.9745000000000001,0.0,0,0.018867924528301883,26.0
510050,D35_Q80,0,2022-10-26,2022-11-23,10004596.SH,0.35,0.8,0.3579177372682129,0.7136658101854296,0.01108651086510865,0.024600246002460083,0.0002827060270602706,-0.013796441164411704,-1.244434911242609,2.218934911242609,1,0.02501025010250091,28.0
510050,D35_Q80,0,2022-11-23,2022-12-28,10004241.SH,0.35,0.8,0.2948435955512408,0.7641251235590074,0.007984466019417475,0.0,0.00020360388349514565,0.00778086213592233,0.9745,0.0,0,0.03378640776699027,35.0
510050,D35_Q80,0,2022-12-28,2023-01-30,10004786.SH,0.35,0.8,0.3504575865129399,0.719633930789648,0.009543223858059646,0.04167610419026058,0.00024335220838052097,-0.03237623254058145,-3.392588607594947,4.367088607594947,1,0.023405058512646182,33.0
510050,D35_Q80,0,2023-01-30,2023-02-22,10004995.SH,0.35,0.8,0.3701747958321317,0.7038601633342947,0.009238329238329238,0.0,0.0002355773955773956,0.009002751842751842,0.9744999999999999,0.0,0,0.017901017901017724,23.0
510050,D35_Q80,0,2023-02-22,2023-03-22,10004917.SH,0.35,0.8,0.3191707829779356,0.7446633736176516,0.008187387387387389,0.0,0.00020877837837837842,0.00797860900900901,0.9744999999999999,0.0,0,0.027027027027027195,28.0
510050,D35_Q80,0,2023-03-22,2023-04-26,10005185.SH,0.35,0.8,0.4006947944635053,0.6794441644291958,0.011596385542168675,0.0,0.0002957078313253013,0.011300677710843374,0.9745,0.0,0,0.016566265060240948,35.0
510050,D35_Q80,0,2023-04-26,2023-05-24,10005265.SH,0.35,0.8,0.4188189781767644,0.6649448174585885,0.01069110347460863,0.0,0.0002726231386025201,0.010418480336006111,0.9745,0.0,0,0.011836578846887935,28.0
510050,D35_Q80,0,2023-05-24,2023-06-28,10004900.SH,0.35,0.8,0.311837351286978,0.7505301189704177,0.007885137757081878,0.0,0.00020107101280558793,0.007684066744276291,0.9745,0.0,0,0.028327512611563854,35.0
510050,D35_Q80,0,2023-06-28,2023-07-26,10005403.SH,0.35,0.8,0.3442498259508678,0.7246001392393058,0.007623529411764706,0.016313725490196097,0.0001944,-0.008884596078431391,-1.1654176954732536,2.1399176954732533,1,0.019607843137255054,28.0
510050,D35_Q80,0,2023-07-26,2023-08-23,10005650.SH,0.35,0.8,0.3603702956395626,0.7117037634883498,0.008295625942684766,0.0,0.00021153846153846155,0.008084087481146305,0.9745,0.0,0,0.018099547511312153,28.0
510050,D35_Q80,0,2023-08-23,2023-09-27,10005159.SH,0.35,0.8,0.3648030439024432,0.7081575648780454,0.011992110453648914,0.0012623274161735712,0.0003057988165680473,0.010423984220907295,0.869236842105263,0.10526315789473696,1,0.02564102564102555,35.0
510050,D35_Q80,0,2023-09-27,2023-10-25,10005919.SH,0.35,0.8,0.376544165071953,0.6987646679424375,0.009615975422427037,0.0,0.0002452073732718894,0.009370768049155147,0.9744999999999999,0.0,0,0.01766513056835639,28.0
510050,D35_Q80,0,2023-10-25,2023-11-22,10006027.SH,0.35,0.8,0.3839103694649565,0.6928717044280348,0.009362047947988623,0.0,0.00023873222267370992,0.009123315725314914,0.9745,0.0,0,0.015847216578626533,28.0
510050,D35_Q80,0,2023-11-22,2023-12-27,10005332.SH,0.35,0.8,0.3421375789029023,0.7262899368776781,0.005827600161877782,0.0,0.00014860380412788345,0.005678996357749898,0.9744999999999999,0.0,0,0.015783083771752304,35.0
510050,D35_Q80,0,2023-12-27,2024-01-24,10006385.SH,0.35,0.8,0.3471199175522689,0.7223040659581849,0.008340573414422242,0.0,0.00021268462206776718,0.008127888792354475,0.9745,0.0,0,0.020851433536055675,28.0
510050,D35_Q80,0,2024-01-24,2024-02-28,10006506.SH,0.35,0.8,0.34061727666054,0.727506178671568,0.008819172113289761,0.025795206971677507,0.00022488888888888892,-0.017200923747276633,-1.9504011857707444,2.9249011857707448,1,0.023965141612200425,35.0
510050,D35_Q80,0,2024-02-28,2024-03-27,10006406.SH,0.35,0.8,0.3081854894631664,0.7534516084294669,0.008514851485148515,0.0,0.00021712871287128715,0.008297722772277229,0.9745,0.0,0,0.031353135313531455,28.0
510050,D35_Q80,0,2024-03-27,2024-04-24,10006921.SH,0.35,0.8,0.2840439149678358,0.7727648680257313,0.00598438142211262,0.0,0.00015260172626387183,0.005831779695848748,0.9745,0.0,0,0.0275380189066996,28.0
510050,D35_Q80,0,2024-04-24,2024-05-22,10007040.SH,0.35,0.8,0.3489771065002247,0.7208183147998202,0.0071306471306471315,0.020512820512820572,0.00018183150183150186,-0.013564004884004941,-1.902212328767131,2.8767123287671312,1,0.017501017501017513,28.0
510050,D35_Q80,0,2024-05-22,2024-06-26,10006175.SH,0.35,0.8,0.3603675202227058,0.7117059838218354,0.007865782286383145,0.0,0.0002005774483027702,0.007665204838080374,0.9745,0.0,0,0.0175575497463909,35.0
510050,D35_Q80,0,2024-06-26,2024-07-24,10007336.SH,0.35,0.8,0.2769832381474219,0.7784134094820625,0.004916018025399427,0.0,0.0001253584596476854,0.0047906595657517415,0.9745,0.0,0,0.02417042195821395,28.0
510050,D35_Q80,0,2024-07-24,2024-08-28,10007456.SH,0.35,0.8,0.4124818969025779,0.6700144824779377,0.008342764753435731,0.0,0.00021274050121261118,0.00813002425222312,0.9745,0.0,0,0.010509296685529357,35.0
510050,D35_Q80,0,2024-08-28,2024-09-25,10006736.SH,0.35,0.8,0.3986492408992113,0.681080607280631,0.006493613514627111,0.009888751545117364,0.00016558714462299134,-0.003560725175113244,-0.5483426395938987,1.5228426395938988,1,0.009476720230737534,28.0
510050,D35_Q80,0,2024-09-25,2024-10-23,10007715.SH,0.35,0.8,0.2926045166237164,0.7659163867010269,0.006645161290322581,0.08612903225806463,0.00016945161290322583,-0.07965332258064528,-11.986665048543706,12.961165048543705,1,0.028225806451612767,28.0
510050,D35_Q80,0,2024-10-23,2024-11-27,10007986.SH,0.35,0.8,0.3825045413609255,0.6939963669112597,0.01635782747603834,0.0,0.0004171246006389777,0.01594070287539936,0.9745,0.0,0,0.029463968761093362,35.0
510050,D35_Q80,0,2024-11-27,2024-12-25,10007989.SH,0.35,0.8,0.3253705598852765,0.7397035520917787,0.007563209967020887,0.0,0.00019286185415903266,0.007370348112861855,0.9745,0.0,0,0.023451813851227632,28.0
510050,D35_Q80,0,2024-12-25,2025-01-22,10008398.SH,0.35,0.8,0.3181207536462824,0.7455033970829741,0.00845151953690304,0.0,0.00021551374819102755,0.008236005788712013,0.9745,0.0,0,0.02821997105644014,28.0
510050,D35_Q80,0,2025-01-22,2025-02-26,10008575.SH,0.35,0.8,0.400412533218258,0.6796699734253936,0.01150747986191024,0.023321825853471444,0.00029344073647871114,-0.012107786728039914,-1.0521666666666687,2.0266666666666686,1,0.016494054468737973,35.0
510050,D35_Q80,0,2025-02-26,2025-03-26,10007993.SH,0.35,0.8,0.3186448771963605,0.7450840982429117,0.007424798239178284,0.0,0.00018933235509904623,0.007235465884079238,0.9745,0.0,0,0.02457813646368301,28.0
510050,D35_Q80,0,2025-03-26,2025-04-23,10008936.SH,0.35,0.8,0.3023751440756397,0.7580998847394882,0.0060526315789473685,0.0,0.0001543421052631579,0.005898289473684211,0.9745,0.0,0,0.023391812865496853,28.0
510050,D35_Q80,0,2025-04-23,2025-05-28,10009055.SH,0.35,0.8,0.3734072685621734,0.7012741851502613,0.00794682422451994,0.0,0.0002026440177252585,0.007744180206794682,0.9744999999999999,0.0,0,0.015509601181683763,35.0
510050,D35_Q80,0,2025-05-28,2025-06-25,10008266.SH,0.35,0.8,0.3419792524563496,0.7264165980349203,0.00634874408445577,0.011357844921732713,0.00016189297415362215,-0.005170993811430565,-0.8144908256880596,1.7889908256880598,1,0.01674554058973432,28.0
510050,D35_Q80,0,2025-06-25,2025-07-23,10009330.SH,0.35,0.8,0.3272306577237899,0.7382154738209681,0.00788135593220339,0.005932203389830483,0.00020097457627118645,0.0017481779661017215,0.22181182795699259,0.7526881720430074,1,0.024011299435028333,28.0
510050,D35_Q80,0,2025-07-23,2025-08-27,10009516.SH,0.35,0.8,0.3260703462814796,0.7391437229748163,0.00862718247175625,0.013967819239986351,0.00021999315302978435,-0.005560629921259886,-0.644547619047624,1.619047619047624,1,0.0270455323519343,35.0
510050,D35_Q80,0,2025-08-27,2025-09-24,10009495.SH,0.35,0.8,0.4205141905703672,0.6635886475437063,0.014709931170108161,0.0,0.00037510324483775814,0.014334827925270403,0.9745,0.0,0,0.016060308095706244,28.0
510050,D35_Q80,0,2025-09-24,2025-10-22,10009893.SH,0.35,0.8,0.4427457889583664,0.6458033688333069,0.011666666666666667,0.012500000000000013,0.0002975,-0.0011308333333333457,-0.09692857142857247,1.0714285714285725,1,0.00911458333333326,28.0
510050,D35_Q80,0,2025-10-22,2025-11-26,10010070.SH,0.35,0.8,0.3880781785057201,0.6895374571954239,0.009987293519695045,0.0,0.00025467598475222366,0.009732617534942822,0.9745,0.0,0,0.016518424396442244,35.0
510050,D35_Q80,0,2025-11-26,2025-12-24,10009623.SH,0.35,0.8,0.52286012202377,0.581711902380984,0.003750802825947335,0.0,9.564547206165704e-05,0.0036551573538856777,0.9744999999999999,0.0,0,0.0009633911368016612,28.0
510050,D35_Q80,0,2025-12-24,2026-01-28,10010446.SH,0.35,0.8,0.464149129817515,0.628680696145988,0.009990319457889642,0.0054211035818005565,0.0002547531461761859,0.0043144627299129,0.4318643410852738,0.5426356589147262,1,0.0058083252662148865,35.0
510050,D35_Q80,0,2026-01-28,2026-02-25,10010632.SH,0.35,0.8,0.359824598651549,0.7121403210787608,0.0089993626513703,0.0,0.00022948374760994265,0.008769878903760357,0.9744999999999999,0.0,0,0.019757807520713877,28.0
510050,D35_Q80,0,2026-02-25,2026-03-25,10010585.SH,0.35,0.8,0.3115762106195858,0.7507390315043314,0.005947670708359924,0.0,0.00015166560306317805,0.005796005105296746,0.9745,0.0,0,0.021059349074665112,28.0
510050,D35_Q80,0,2026-03-25,2026-04-22,10011106.SH,0.35,0.8,0.2934489800307849,0.7652408159753721,0.0056791808873720125,0.0013651877133105512,0.0001448191126279863,0.004169174061433476,0.7341153846153898,0.2403846153846103,1,0.023890784982935065,28.0
510050,D35_Q80,0,2026-04-22,2026-05-27,10011297.SH,0.35,0.8,0.2463471232791063,0.8029223013767149,0.004738768718801997,0.0,0.00012083860232945093,0.004617930116472546,0.9745,0.0,0,0.03161397670549082,35.0
510050,D40_Q70,0,2022-09-30,2022-10-26,10004460.SH,0.4,0.7,0.3596643005673929,0.748234989602825,0.007554716981132075,0.0,0.00019264528301886794,0.007362071698113207,0.9745,0.0,0,0.018867924528301883,26.0
510050,D40_Q70,0,2022-10-26,2022-11-23,10004596.SH,0.4,0.7,0.3579177372682129,0.749457583912251,0.009700697006970068,0.02152521525215257,0.00024736777367773675,-0.012071886018860238,-1.244434911242609,2.218934911242609,1,0.02501025010250091,28.0
510050,D40_Q70,0,2022-11-23,2022-12-28,10004240.SH,0.4,0.7,0.413870374568864,0.7102907378017953,0.010629126213592232,0.009786407766990298,0.00027104271844660195,0.0005716757281553316,0.05378388746802993,0.92071611253197,1,0.01475728155339806,35.0
510050,D40_Q70,0,2022-12-28,2023-01-30,10004865.SH,0.4,0.7,0.3798492736122457,0.7341055084714281,0.009354473386183466,0.039373348433371085,0.0002385390713476784,-0.030257414118535296,-3.2345395480225987,4.209039548022599,1,0.01925254813137034,33.0
510050,D40_Q70,0,2023-01-30,2023-02-22,10004995.SH,0.4,0.7,0.3701747958321317,0.7408776429175079,0.008083538083538082,0.0,0.00020613022113022113,0.007877407862407862,0.9745,0.0,0,0.017901017901017724,23.0
510050,D40_Q70,0,2023-02-22,2023-03-22,10004409.SH,0.4,0.7,0.4250343097013159,0.7024759832090789,0.010846846846846845,0.0,0.00027659459459459455,0.01057025225225225,0.9745,0.0,0,0.012612612612612706,28.0
510050,D40_Q70,0,2023-03-22,2023-04-26,10005185.SH,0.4,0.7,0.4006947944635053,0.7195136438755463,0.01014683734939759,0.0,0.0002587443524096385,0.009888092996987952,0.9745,0.0,0,0.016566265060240948,35.0
510050,D40_Q70,0,2023-04-26,2023-05-24,10005265.SH,0.4,0.7,0.4188189781767644,0.706826715276265,0.009354715540282551,0.0,0.00023854524627720506,0.009116170294005346,0.9745,0.0,0,0.011836578846887935,28.0
510050,D40_Q70,0,2023-05-24,2023-06-28,10004687.SH,0.4,0.7,0.4174796626993108,0.7077642361104824,0.010539386883973613,0.0,0.00026875436554132714,0.010270632518432285,0.9744999999999999,0.0,0,0.01396973224679865,35.0
510050,D40_Q70,0,2023-06-28,2023-07-26,10005403.SH,0.4,0.7,0.3442498259508678,0.7590251218343926,0.006670588235294117,0.014274509803921582,0.0001701,-0.0077740215686274644,-1.1654176954732531,2.139917695473253,1,0.019607843137255054,28.0
510050,D40_Q70,0,2023-07-26,2023-08-23,10005650.SH,0.4,0.7,0.3603702956395626,0.7477407930523062,0.00725867269984917,0.0,0.00018509615384615385,0.007073576546003016,0.9745,0.0,0,0.018099547511312153,28.0
510050,D40_Q70,0,2023-08-23,2023-09-27,10005159.SH,0.4,0.7,0.3648030439024432,0.7446378692682898,0.0104930966469428,0.0011045364891518745,0.00026757396449704143,0.009120986193293884,0.8692368421052631,0.10526315789473692,1,0.02564102564102555,35.0
510050,D40_Q70,0,2023-09-27,2023-10-25,10005919.SH,0.4,0.7,0.376544165071953,0.736419084449633,0.008413978494623655,0.0,0.00021455645161290324,0.008199422043010753,0.9745,0.0,0,0.01766513056835639,28.0
510050,D40_Q70,0,2023-10-25,2023-11-22,10006027.SH,0.4,0.7,0.3839103694649565,0.7312627413745305,0.008191791954490045,0.0,0.00020889069483949615,0.007982901259650548,0.9744999999999999,0.0,0,0.015847216578626533,28.0
510050,D40_Q70,0,2023-11-22,2023-12-27,10005332.SH,0.4,0.7,0.3421375789029023,0.7605036947679684,0.005099150141643059,0.0,0.000130028328611898,0.004969121813031161,0.9745,0.0,0,0.015783083771752304,35.0
510050,D40_Q70,0,2023-12-27,2024-01-24,10006385.SH,0.4,0.7,0.3471199175522689,0.7570160577134117,0.0072980017376194604,0.0,0.00018609904430929626,0.007111902693310164,0.9745,0.0,0,0.020851433536055675,28.0
510050,D40_Q70,0,2024-01-24,2024-02-28,10006506.SH,0.4,0.7,0.34061727666054,0.7615679063376221,0.0077167755991285406,0.022570806100217815,0.0001967777777777778,-0.015050808278867053,-1.9504011857707446,2.9249011857707443,1,0.023965141612200425,35.0
510050,D40_Q70,0,2024-02-28,2024-03-27,10005766.SH,0.4,0.7,0.4144720157357885,0.709869588984948,0.01106023102310231,0.0,0.00028203589108910895,0.010778195132013202,0.9745,0.0,0,0.014851485148514865,28.0
510050,D40_Q70,0,2024-03-27,2024-04-24,10006920.SH,0.4,0.7,0.4586273202553267,0.6789608758212713,0.010300041101520756,0.002013974517057037,0.0002626510480887793,0.00802341553637494,0.7789692737430259,0.1955307262569741,1,0.006987258528565743,28.0
510050,D40_Q70,0,2024-04-24,2024-05-22,10007040.SH,0.4,0.7,0.3489771065002247,0.7557160254498427,0.006239316239316239,0.017948717948717996,0.0001591025641025641,-0.011868504273504322,-1.9022123287671313,2.8767123287671312,1,0.017501017501017513,28.0
510050,D40_Q70,0,2024-05-22,2024-06-26,10006426.SH,0.4,0.7,0.3904006247656716,0.7267195626640299,0.007811158798283261,0.0,0.00019918454935622317,0.0076119742489270375,0.9744999999999999,0.0,0,0.014436207569254789,35.0
510050,D40_Q70,0,2024-06-26,2024-07-24,10007335.SH,0.4,0.7,0.4840698641344181,0.6611510951059074,0.009549365014338387,0.0068824252355592025,0.00024350880786562889,0.0024234309709135556,0.2537792792792788,0.7207207207207212,1,0.0036870135190496534,28.0
510050,D40_Q70,0,2024-07-24,2024-08-28,10007456.SH,0.4,0.7,0.4124818969025779,0.7112626721681955,0.007299919159256265,0.0,0.00018614793856103475,0.00711377122069523,0.9745,0.0,0,0.010509296685529357,35.0
510050,D40_Q70,0,2024-08-28,2024-09-25,10006736.SH,0.4,0.7,0.3986492408992113,0.7209455313705522,0.005681911825298722,0.008652657601977693,0.0001448887515451174,-0.003115634528224088,-0.5483426395938986,1.5228426395938985,1,0.009476720230737534,28.0
510050,D40_Q70,0,2024-09-25,2024-10-23,10007714.SH,0.4,0.7,0.4511220809933054,0.6842145433046862,0.010387096774193548,0.08947580645161295,0.00026487096774193547,-0.07935358064516133,-7.639630434782613,8.614130434782613,1,0.008064516129032251,28.0
510050,D40_Q70,0,2024-10-23,2024-11-27,10007986.SH,0.4,0.7,0.3825045413609255,0.7322468210473522,0.014313099041533543,0.0,0.00036498402555910534,0.013948115015974438,0.9745,0.0,0,0.029463968761093362,35.0
510050,D40_Q70,0,2024-11-27,2024-12-25,10007959.SH,0.4,0.7,0.4677076651532924,0.6726046343926954,0.009644558446317331,0.005130084279955918,0.00024593624038109197,0.004268537925980321,0.44258510638299003,0.5319148936170099,1,0.005496518871381584,28.0
510050,D40_Q70,0,2024-12-25,2025-01-22,10008511.SH,0.4,0.7,0.4224986369749636,0.7042509541175255,0.010814037626628076,0.0,0.00027575795947901594,0.01053827966714906,0.9744999999999999,0.0,0,0.013024602026049159,28.0
510050,D40_Q70,0,2025-01-22,2025-02-26,10008575.SH,0.4,0.7,0.400412533218258,0.7197112267472194,0.01006904487917146,0.020406597621787512,0.00025676064441887224,-0.010594313387034924,-1.0521666666666685,2.0266666666666686,1,0.016494054468737973,35.0
510050,D40_Q70,0,2025-02-26,2025-03-26,10008528.SH,0.4,0.7,0.4418583278880441,0.6906991704783692,0.00970652971386647,0.0,0.00024751650770359497,0.009459013206162875,0.9745,0.0,0,0.00880410858400582,28.0
510050,D40_Q70,0,2025-03-26,2025-04-23,10008935.SH,0.4,0.7,0.4708402429764576,0.6704118299164796,0.009594298245614034,0.0,0.00024465460526315786,0.009349643640350876,0.9745,0.0,0,0.005116959064327409,28.0
510050,D40_Q70,0,2025-04-23,2025-05-28,10009055.SH,0.4,0.7,0.3734072685621734,0.7386149120064787,0.006953471196454948,0.0,0.00017731351550960117,0.006776157680945347,0.9745,0.0,0,0.015509601181683763,35.0
510050,D40_Q70,0,2025-05-28,2025-06-25,10008266.SH,0.4,0.7,0.3419792524563496,0.7606145232805553,0.005555151073898799,0.009938114306516123,0.00014165635238441937,-0.004524619585001744,-0.8144908256880596,1.7889908256880596,1,0.01674554058973432,28.0
510050,D40_Q70,0,2025-06-25,2025-07-23,10009329.SH,0.4,0.7,0.4634343219412015,0.6755959746411591,0.010282485875706213,0.01754943502824852,0.00026220338983050845,-0.007529152542372815,-0.7322307692307629,1.706730769230763,1,0.006355932203389925,28.0
510050,D40_Q70,0,2025-07-23,2025-08-27,10009515.SH,0.4,0.7,0.4462841140370185,0.687601120174087,0.011335159192057515,0.024204039712427246,0.00028904655939746666,-0.013157927079767198,-1.1608065539112047,2.1353065539112044,1,0.009928106812735482,35.0
510050,D40_Q70,0,2025-08-27,2025-09-24,10009495.SH,0.4,0.7,0.4205141905703672,0.705640066600743,0.012871189773844638,0.0,0.0003282153392330383,0.012542974434611599,0.9744999999999999,0.0,0,0.016060308095706244,28.0
510050,D40_Q70,0,2025-09-24,2025-10-22,10009893.SH,0.4,0.7,0.4427457889583664,0.6900779477291435,0.010208333333333333,0.010937500000000008,0.0002603125,-0.000989479166666675,-0.09692857142857224,1.0714285714285723,1,0.00911458333333326,28.0
510050,D40_Q70,0,2025-10-22,2025-11-26,10010070.SH,0.4,0.7,0.3880781785057201,0.728345275045996,0.008738881829733163,0.0,0.00022284148665819567,0.008516040343074967,0.9744999999999999,0.0,0,0.016518424396442244,35.0
510050,D40_Q70,0,2025-11-26,2025-12-24,10009623.SH,0.4,0.7,0.52286012202377,0.633997914583361,0.003281952472703918,0.0,8.368978805394991e-05,0.003198262684649968,0.9745,0.0,0,0.0009633911368016612,28.0
510050,D40_Q70,0,2025-12-24,2026-01-28,10010446.SH,0.4,0.7,0.464149129817515,0.6750956091277396,0.008741529525653435,0.004743465634075486,0.00022290900290416262,0.0037751548886737867,0.4318643410852738,0.5426356589147262,1,0.0058083252662148865,35.0
510050,D40_Q70,0,2026-01-28,2026-02-25,10010632.SH,0.4,0.7,0.359824598651549,0.7481227809439157,0.00787444231994901,0.0,0.0002007982791586998,0.007673644040790311,0.9745,0.0,0,0.019757807520713877,28.0
510050,D40_Q70,0,2026-02-25,2026-03-25,10010585.SH,0.4,0.7,0.3115762106195858,0.7818966525662899,0.005204211869814934,0.0,0.00013270740268028083,0.005071504467134653,0.9745,0.0,0,0.021059349074665112,28.0
510050,D40_Q70,0,2026-03-25,2026-04-22,10011105.SH,0.4,0.7,0.4540126548053403,0.6821911416362618,0.009174061433447098,0.013139931740614265,0.00023393856655290102,-0.004199808873720068,-0.4577916666666592,1.4322916666666592,1,0.006825938566553003,28.0
510050,D40_Q70,0,2026-04-22,2026-05-27,10011296.SH,0.4,0.7,0.5427555390554106,0.6200711226612126,0.01281198003327787,0.0018635607321131461,0.00032670549084858573,0.010621713810316138,0.8290454545454544,0.14545454545454556,1,-0.0016638935108153063,35.0
510050,D50_Q56,0,2022-09-30,2022-10-26,10004459.SH,0.5,0.56,0.5215342449988527,0.7079408228006425,0.010629433962264153,0.0,0.00027105056603773594,0.010358383396226417,0.9745,0.0,0,0.0,26.0
510050,D50_Q56,0,2022-10-26,2022-11-23,10004595.SH,0.5,0.56,0.4916969094905631,0.7246497306852846,0.012375563755637559,0.028700287002870032,0.0003155768757687578,-0.01664030012300123,-1.3446094619666047,2.3191094619666046,1,0.004510045100450943,28.0
510050,D50_Q56,0,2022-11-23,2022-12-28,10004239.SH,0.5,0.56,0.5600417998025887,0.6863765921105502,0.01272233009708738,0.018485436893203876,0.00032441941747572825,-0.006087526213592224,-0.47849145299145224,1.4529914529914523,1,-0.004271844660194257,35.0
510050,D50_Q56,0,2022-12-28,2023-01-30,10004785.SH,0.5,0.56,0.4872207268887688,0.7271563929422895,0.010971687429218575,0.039531898829747135,0.00027977802944507366,-0.028839989429973633,-2.62858285163777,3.6030828516377698,1,0.004907512268780723,33.0
510050,D50_Q56,0,2023-01-30,2023-02-22,10004947.SH,0.5,0.56,0.5170628973323668,0.7104447774938746,0.010574938574938575,0.0,0.00026966093366093363,0.010305277641277642,0.9745,0.0,0,0.0003510003510003301,23.0
510050,D50_Q56,0,2023-02-22,2023-03-22,10004885.SH,0.5,0.56,0.4508886655278447,0.7475023473044069,0.009262702702702704,0.0,0.00023619891891891898,0.009026503783783786,0.9745,0.0,0,0.009009009009008917,28.0
510050,D50_Q56,0,2023-03-22,2023-04-26,10005184.SH,0.5,0.56,0.5421219322222057,0.6964117179555648,0.012924698795180723,0.0,0.0003295798192771085,0.012595118975903615,0.9745,0.0,0,-0.0022590361445784524,35.0
510050,D50_Q56,0,2023-04-26,2023-05-24,10005265.SH,0.5,0.56,0.4188189781767644,0.765461372221012,0.007483772432226041,0.0,0.00019083619702176406,0.007292936235204277,0.9745,0.0,0,0.011836578846887935,28.0
510050,D50_Q56,0,2023-05-24,2023-06-28,10004899.SH,0.5,0.56,0.456504648721048,0.7443573967162131,0.00971362048894063,0.0,0.0002476973224679861,0.009465923166472644,0.9745,0.0,0,0.008925106713232545,35.0
510050,D50_Q56,0,2023-06-28,2023-07-26,10005402.SH,0.5,0.56,0.5227978183145686,0.7072332217438415,0.01003607843137255,0.022400000000000073,0.00025592000000000003,-0.012619841568627523,-1.2574474835886287,2.2319474835886286,1,0.0,28.0
510050,D50_Q56,0,2023-07-26,2023-08-23,10005649.SH,0.5,0.56,0.5298207867705369,0.7033003594084993,0.010220211161387632,0.0,0.00026061538461538464,0.009959595776772247,0.9744999999999999,0.0,0,-0.0007541478129714507,28.0
510050,D50_Q56,0,2023-08-23,2023-09-27,10005171.SH,0.5,0.56,0.4860801305037767,0.7277951269178851,0.012547534516765286,0.011928994082840297,0.0003199621301775148,0.0002985783037474739,0.023795774647882496,0.9507042253521175,1,0.005917159763313418,35.0
510050,D50_Q56,0,2023-09-27,2023-10-25,10005918.SH,0.5,0.56,0.5351478498616952,0.7003172040774507,0.011526881720430109,0.0,0.0002939354838709678,0.011232946236559141,0.9745,0.0,0,-0.001536098310291889,28.0
510050,D50_Q56,0,2023-10-25,2023-11-22,10006026.SH,0.5,0.56,0.5625653921202106,0.684963380412682,0.011673303535148316,0.004778545306785839,0.00029766924014628206,0.006597088988216195,0.565143274853803,0.40935672514619703,1,-0.004469727752945851,28.0
510050,D50_Q56,0,2023-11-22,2023-12-27,10005331.SH,0.5,0.56,0.6063905597317995,0.6604212865501923,0.007478753541076489,0.0,0.00019070821529745046,0.007288045325779038,0.9745,0.0,0,-0.004451639012545527,35.0
510050,D50_Q56,0,2023-12-27,2024-01-24,10006275.SH,0.5,0.56,0.4812457612608237,0.7305023736939387,0.009438748913987839,0.0,0.0002406880973066899,0.009198060816681149,0.9745,0.0,0,0.0047784535186794486,28.0
510050,D50_Q56,0,2024-01-24,2024-02-28,10006505.SH,0.5,0.56,0.5075450124564899,0.7157747930243656,0.010760784313725492,0.03025708061002182,0.00027440000000000006,-0.01977069629629633,-1.8372913832199573,2.811791383219957,1,0.002178649237472685,35.0
510050,D50_Q56,0,2024-02-28,2024-03-27,10006405.SH,0.5,0.56,0.4432076152923593,0.7518037354362788,0.009679867986798681,0.0,0.00024683663366336636,0.009433031353135314,0.9744999999999999,0.0,0,0.010726072607260884,28.0
510050,D50_Q56,0,2024-03-27,2024-04-24,10006920.SH,0.5,0.56,0.4586273202553267,0.743168700657017,0.008240032881216606,0.00161117961364563,0.00021012083847102346,0.0064187324290999525,0.7789692737430258,0.19553072625697412,1,0.006987258528565743,28.0
510050,D50_Q56,0,2024-04-24,2024-05-22,10007039.SH,0.5,0.56,0.5522754860893879,0.6907257277899428,0.01002849002849003,0.02575498575498576,0.0002557264957264958,-0.015982222222222224,-1.593681818181818,2.568181818181818,1,-0.002849002849002691,28.0
510050,D50_Q56,0,2024-05-22,2024-06-26,10006174.SH,0.5,0.56,0.540998522662312,0.6970408273091053,0.010509559110417479,0.0,0.00026799375731564575,0.010241565353101834,0.9745,0.0,0,-0.0015606710885680553,35.0
510050,D50_Q56,0,2024-06-26,2024-07-24,10007335.SH,0.5,0.56,0.4840698641344181,0.7289208760847259,0.007639492011470711,0.005505940188447364,0.00019480704629250314,0.0019387447767308442,0.2537792792792787,0.7207207207207212,1,0.0036870135190496534,28.0
510050,D50_Q56,0,2024-07-24,2024-08-28,10007456.SH,0.5,0.56,0.4124818969025779,0.7690101377345564,0.005839935327405012,0.0,0.0001489183508488278,0.005691016976556184,0.9745,0.0,0,0.010509296685529357,35.0
510050,D50_Q56,0,2024-08-28,2024-09-25,10006736.SH,0.5,0.56,0.3986492408992113,0.7767564250964416,0.004545529460238978,0.006922126081582156,0.00011591100123609396,-0.0024925076225792713,-0.5483426395938987,1.5228426395938988,1,0.009476720230737534,28.0
510050,D50_Q56,0,2024-09-25,2024-10-23,10007714.SH,0.5,0.56,0.4511220809933054,0.7473716346437489,0.008309677419354839,0.07158064516129037,0.0002118967741935484,-0.06348286451612907,-7.639630434782613,8.614130434782615,1,0.008064516129032251,28.0
510050,D50_Q56,0,2024-10-23,2024-11-27,10007985.SH,0.5,0.56,0.4642650298588084,0.7400115832790672,0.014492012779552718,0.0,0.00036954632587859435,0.014122466453674123,0.9744999999999999,0.0,0,0.011714589989350266,35.0
510050,D50_Q56,0,2024-11-27,2024-12-25,10007959.SH,0.5,0.56,0.4677076651532924,0.7380837075141562,0.007715646757053866,0.004104067423964735,0.0001967489923048736,0.0034148303407842574,0.44258510638299003,0.5319148936170099,1,0.005496518871381584,28.0
510050,D50_Q56,0,2024-12-25,2025-01-22,10008397.SH,0.5,0.56,0.4400612517774946,0.753565699004603,0.009015918958031839,0.0,0.0002299059334298119,0.008786013024602028,0.9745,0.0,0,0.010492040520984292,28.0
510050,D50_Q56,0,2025-01-22,2025-02-26,10008574.SH,0.5,0.56,0.5468235859504244,0.6937787918677623,0.012394322976601457,0.027065592635212864,0.0003160552359033372,-0.014987324894514745,-1.2092088388214888,2.1837088388214885,1,-0.002685078634445781,35.0
510050,D50_Q56,0,2025-02-26,2025-03-26,10007962.SH,0.5,0.56,0.4631973337520807,0.7406094930988347,0.008525311812179017,0.0,0.00021739545121056495,0.008307916360968453,0.9745000000000001,0.0,0,0.006603081438004477,28.0
510050,D50_Q56,0,2025-03-26,2025-04-23,10008935.SH,0.5,0.56,0.4708402429764576,0.7363294639331837,0.007675438596491228,0.0,0.0001957236842105263,0.007479714912280702,0.9745,0.0,0,0.005116959064327409,28.0
510050,D50_Q56,0,2025-04-23,2025-05-28,10009054.SH,0.5,0.56,0.557908340195632,0.6875713294904461,0.010029542097488922,0.009719350073855184,0.0002557533234859675,5.443870014777062e-05,0.005427835051552387,0.9690721649484476,1,-0.002954209748892156,35.0
510050,D50_Q56,0,2025-05-28,2025-06-25,10008546.SH,0.5,0.56,0.5120335105310763,0.7132612341025972,0.007970877320713507,0.016716417910447732,0.00020325737167819444,-0.00894879796141242,-1.1226867007672594,2.097186700767259,1,0.0010921004732435957,28.0
510050,D50_Q56,0,2025-06-25,2025-07-23,10009329.SH,0.5,0.56,0.4634343219412015,0.7404767797129271,0.008225988700564972,0.014039548022598818,0.0002097627118644068,-0.006023322033898252,-0.7322307692307627,1.7067307692307627,1,0.006355932203389925,28.0
510050,D50_Q56,0,2025-07-23,2025-08-27,10009515.SH,0.5,0.56,0.4462841140370185,0.7500808961392696,0.009068127353646014,0.0193632317699418,0.00023123724751797337,-0.010526341663813759,-1.1608065539112045,2.1353065539112044,1,0.009928106812735482,35.0
510050,D50_Q56,0,2025-08-27,2025-09-24,10009495.SH,0.5,0.56,0.4205141905703672,0.7645120532805944,0.010296951819075712,0.0,0.00026257227138643067,0.010034379547689282,0.9745,0.0,0,0.016060308095706244,28.0
510050,D50_Q56,0,2025-09-24,2025-10-22,10009893.SH,0.5,0.56,0.4427457889583664,0.7520623581833148,0.008166666666666668,0.008750000000000008,0.00020825000000000005,-0.0007915833333333403,-0.09692857142857227,1.0714285714285723,1,0.00911458333333326,28.0
510050,D50_Q56,0,2025-10-22,2025-11-26,10010070.SH,0.5,0.56,0.3880781785057201,0.7826762200367967,0.006991105463786532,0.0,0.00017827318932655658,0.006812832274459975,0.9745,0.0,0,0.016518424396442244,35.0
510050,D50_Q56,0,2025-11-26,2025-12-24,10009623.SH,0.5,0.56,0.52286012202377,0.7071983316666888,0.0026255619781631345,0.0,6.695183044315993e-05,0.0025586101477199745,0.9745,0.0,0,0.0009633911368016612,28.0
510050,D50_Q56,0,2025-12-24,2026-01-28,10010566.SH,0.5,0.56,0.524933802749791,0.7060370704601171,0.00842078089706357,0.006866731203614035,0.00021472991287512105,0.0013393197805744138,0.1590493562231801,0.8154506437768199,1,0.00032268473701191347,35.0
510050,D50_Q56,0,2026-01-28,2026-02-25,10010631.SH,0.5,0.56,0.6318183722868463,0.646181711519366,0.013955385595920971,0.0060675589547482135,0.0003558623326959848,0.007531964308476773,0.5397173913043504,0.43478260869564966,1,-0.01210962396430837,28.0
510050,D50_Q56,0,2026-02-25,2026-03-25,10009641.SH,0.5,0.56,0.5811195827758454,0.6745730336455266,0.010435226547543077,0.0,0.00026609827696234844,0.01016912827058073,0.9745,0.0,0,-0.005424377791959145,28.0
510050,D50_Q56,0,2026-03-25,2026-04-22,10011105.SH,0.5,0.56,0.4540126548053403,0.7457529133090094,0.007339249146757678,0.010511945392491414,0.0001871508532423208,-0.003359847098976057,-0.4577916666666596,1.4322916666666596,1,0.006825938566553003,28.0
510050,D50_Q56,0,2026-04-22,2026-05-27,10011296.SH,0.5,0.56,0.5427555390554106,0.6960568981289701,0.010249584026622297,0.0014908485856905175,0.0002613643926788686,0.00849737104825291,0.8290454545454543,0.14545454545454561,1,-0.0016638935108153063,35.0
510300,D28_Q100,0,2022-09-30,2022-10-26,10004478.SH,0.28,1.0,0.2455703187942856,0.7544296812057144,0.006437435367114787,0.0,0.00016415460186142708,0.006273280765253361,0.9745,0.0,0,0.03412616339193386,26.0
510300,D28_Q100,0,2022-10-26,2022-11-23,10004617.SH,0.28,1.0,0.2103479556832472,0.7896520443167527,0.0065123789020452095,0.0,0.00016606566200215287,0.006346313240043057,0.9745,0.0,0,0.04951560818083944,28.0
510300,D28_Q100,0,2022-11-23,2022-12-28,10004260.SH,0.28,1.0,0.2690365850737664,0.7309634149262336,0.009963484611371934,0.0,0.00025406885758998436,0.009709415753781949,0.9744999999999999,0.0,0,0.0432968179447053,35.0
510300,D28_Q100,0,2022-12-28,2023-01-30,10004804.SH,0.28,1.0,0.2592796790575938,0.7407203209424063,0.005566853075749873,0.04270462633451961,0.00014195475343162177,-0.037279728012201356,-6.6967328767123355,7.6712328767123354,1,0.02618200305033036,33.0
510300,D28_Q100,0,2023-01-30,2023-02-22,10004993.SH,0.28,1.0,0.2680396633337895,0.7319603366662105,0.007110582639714625,0.0,0.00018131985731272295,0.006929262782401902,0.9745,0.0,0,0.03020214030915569,23.0
510300,D28_Q100,0,2023-02-22,2023-03-22,10004427.SH,0.28,1.0,0.2692762179863799,0.7307237820136201,0.007757989753598439,0.0,0.0001978287387167602,0.0075601610148816785,0.9745,0.0,0,0.032934862161502654,28.0
510300,D28_Q100,0,2023-03-22,2023-04-26,10005205.SH,0.28,1.0,0.3070408222671712,0.6929591777328288,0.008915602304032056,0.0,0.00022734785875281745,0.008688254445279238,0.9744999999999999,0.0,0,0.026796894565489504,35.0
510300,D28_Q100,0,2023-04-26,2023-05-24,10005284.SH,0.28,1.0,0.2167328823234314,0.7832671176765686,0.005340420146798279,0.0,0.0001361807137433561,0.005204239433054923,0.9745,0.0,0,0.03771197165274609,28.0
510300,D28_Q100,0,2023-05-24,2023-06-28,10005072.SH,0.28,1.0,0.2312316353952212,0.7687683646047788,0.006123508043591074,0.0,0.00015614945511157238,0.005967358588479502,0.9745,0.0,0,0.03788271925272446,35.0
510300,D28_Q100,0,2023-06-28,2023-07-26,10005422.SH,0.28,1.0,0.236892346628389,0.763107653371611,0.005493938612329121,0.0,0.0001400954346143926,0.005353843177714728,0.9744999999999999,0.0,0,0.03172556100077384,28.0
510300,D28_Q100,0,2023-07-26,2023-08-23,10005667.SH,0.28,1.0,0.2484151046476511,0.751584895352349,0.006036217303822938,0.0,0.00015392354124748494,0.0058822937625754535,0.9745,0.0,0,0.031187122736418438,28.0
510300,D28_Q100,0,2023-08-23,2023-09-27,10005124.SH,0.28,1.0,0.3032390776562319,0.6967609223437681,0.01117303609341826,0.0,0.0002849124203821656,0.010888123673036095,0.9745,0.0,0,0.035031847133758065,35.0
510300,D28_Q100,0,2023-09-27,2023-10-25,10005936.SH,0.28,1.0,0.2730853910927093,0.7269146089072906,0.007887771307570143,0.0,0.00020113816834303866,0.007686633139227105,0.9745,0.0,0,0.032292218104817305,28.0
510300,D28_Q100,0,2023-10-25,2023-11-22,10006046.SH,0.28,1.0,0.2242556914281434,0.7757443085718566,0.005603810591202018,0.0,0.00014289717007565146,0.005460913421126366,0.9744999999999999,0.0,0,0.03670495937237317,28.0
510300,D28_Q100,0,2023-11-22,2023-12-27,10005348.SH,0.28,1.0,0.3118618570791404,0.6881381429208596,0.008584879534754916,0.0,0.00021891442813625037,0.008365965106618665,0.9744999999999999,0.0,0,0.024646912212683558,35.0
510300,D28_Q100,0,2023-12-27,2024-01-24,10006295.SH,0.28,1.0,0.1649673423447394,0.8350326576552606,0.0028781204111600588,0.0,7.33920704845815e-05,0.0028047283406754772,0.9745,0.0,0,0.03524229074889873,28.0
510300,D28_Q100,0,2024-01-24,2024-02-28,10006657.SH,0.28,1.0,0.2424201623547271,0.7575798376452729,0.006648368405001525,0.014638609332113462,0.00016953339432753892,-0.008159774321439476,-1.2273348623853229,2.201834862385323,1,0.03690149435803591,35.0
510300,D28_Q100,0,2024-02-28,2024-03-27,10006677.SH,0.28,1.0,0.234614825447066,0.765385174552934,0.007395591647331786,0.0,0.00018858758700696055,0.007207004060324825,0.9744999999999999,0.0,0,0.044083526682134666,28.0
510300,D28_Q100,0,2024-03-27,2024-04-24,10006939.SH,0.28,1.0,0.2647774149959205,0.7352225850040794,0.0069281419982822785,0.0,0.00017666762095619812,0.0067514743773260805,0.9745,0.0,0,0.030632693959347312,28.0
510300,D28_Q100,0,2024-04-24,2024-05-22,10007058.SH,0.28,1.0,0.2932392212523736,0.7067607787476264,0.007344150298889838,0.0227725590663251,0.00018727583262169087,-0.015615684600056953,-2.1262751937984525,3.1007751937984525,1,0.02476515798462864,28.0
510300,D28_Q100,0,2024-05-22,2024-06-26,10006895.SH,0.28,1.0,0.2500840662253953,0.7499159337746046,0.0063315217391304345,0.0,0.0001614538043478261,0.0061700679347826085,0.9745,0.0,0,0.032608695652173836,35.0
510300,D28_Q100,0,2024-06-26,2024-07-24,10007354.SH,0.28,1.0,0.2486165936361218,0.7513834063638782,0.005601600457273506,0.0,0.00014284081166047443,0.005458759645613032,0.9745,0.0,0,0.028865390111460387,28.0
510300,D28_Q100,0,2024-07-24,2024-08-28,10007474.SH,0.28,1.0,0.2090201633601324,0.7909798366398676,0.00451279103190572,0.0,0.00011507617131359586,0.004397714860592124,0.9745,0.0,0,0.0347801092267892,35.0
510300,D28_Q100,0,2024-08-28,2024-09-25,10006752.SH,0.28,1.0,0.3681989595601658,0.6318010404398342,0.007893952934167411,0.022043491212392102,0.000201295799821269,-0.01435083407804596,-1.8179528301886902,2.79245283018869,1,0.012809055704497974,28.0
510300,D28_Q100,0,2024-09-25,2024-10-23,10007733.SH,0.28,1.0,0.2435470295862719,0.7564529704137282,0.0066781807714450196,0.13097294185377076,0.00017029360967184802,-0.12446505469199758,-18.637568965517225,19.612068965517228,1,0.03626943005181338,28.0
510300,D28_Q100,0,2024-10-23,2024-11-27,10008005.SH,0.28,1.0,0.2772157701528207,0.7227842298471794,0.014599260172626388,0.0,0.0003722811344019729,0.014226979038224416,0.9745,0.0,0,0.06041923551171391,35.0
510300,D28_Q100,0,2024-11-27,2024-12-25,10008009.SH,0.28,1.0,0.2265317578072575,0.7734682421927425,0.00820165537998495,0.0,0.00020914221218961622,0.007992513167795335,0.9745,0.0,0,0.05342362678705803,28.0
510300,D28_Q100,0,2024-12-25,2025-01-22,10008415.SH,0.28,1.0,0.3102559991532689,0.689744000846731,0.01087917485265226,0.0,0.0002774189587426327,0.010601755893909628,0.9745,0.0,0,0.03143418467583503,28.0
510300,D28_Q100,0,2025-01-22,2025-02-26,10008594.SH,0.28,1.0,0.3179635046401382,0.6820364953598619,0.01080802882141019,0.013896037056098886,0.00027560473494595987,-0.0033636129696346553,-0.31121428571429216,1.285714285714292,1,0.029336078229541984,35.0
510300,D28_Q100,0,2025-02-26,2025-03-26,10008014.SH,0.28,1.0,0.2455147864987322,0.7544852135012678,0.006758756783423778,0.0,0.00017234829797730636,0.006586408485446472,0.9745,0.0,0,0.03601381351751365,28.0
510300,D28_Q100,0,2025-03-26,2025-04-23,10008953.SH,0.28,1.0,0.3073505302924268,0.6926494697075731,0.007351108896087715,0.0,0.00018745327685023674,0.007163655619237478,0.9744999999999999,0.0,0,0.02167954149015694,28.0
510300,D28_Q100,0,2025-04-23,2025-05-28,10009073.SH,0.28,1.0,0.2608944346388168,0.7391055653611832,0.006543019062339,0.0,0.00016684698608964452,0.006376172076249355,0.9744999999999999,0.0,0,0.030396702730551173,35.0
510300,D28_Q100,0,2025-05-28,2025-06-25,10008283.SH,0.28,1.0,0.250070830185102,0.749929169814898,0.003297818366311517,0.0,8.409436834094368e-05,0.0032137239979705733,0.9745,0.0,0,0.016996448503297845,28.0
510300,D28_Q100,0,2025-06-25,2025-07-23,10009348.SH,0.28,1.0,0.3116833725853483,0.6883166274146517,0.009347663084228942,0.022994251437140623,0.00023836540864783805,-0.013884953761559519,-1.4853930481283326,2.4598930481283325,1,0.026493376655835954,28.0
510300,D28_Q100,0,2025-07-23,2025-08-27,10009535.SH,0.28,1.0,0.2220672488201285,0.7779327511798715,0.0070254822576804,0.01786139557037373,0.0001791497975708502,-0.011015063110264178,-1.567872881355908,2.542372881355908,1,0.04786854012860209,35.0
510300,D28_Q100,0,2025-08-27,2025-09-24,10009759.SH,0.28,1.0,0.2443542767269808,0.7556457232730192,0.009184357541899441,0.0,0.00023420111731843574,0.008950156424581005,0.9744999999999999,0.0,0,0.05027932960893877,28.0
510300,D28_Q100,0,2025-09-24,2025-10-22,10009914.SH,0.28,1.0,0.2907883963256183,0.7092116036743816,0.008492386875402103,0.0,0.0002165558653227536,0.00827583101007935,0.9745,0.0,0,0.029380227321466723,28.0
510300,D28_Q100,0,2025-10-22,2025-11-26,10010089.SH,0.28,1.0,0.2179871481246176,0.7820128518753824,0.00617678381256656,0.0,0.00015750798722044727,0.006019275825346113,0.9745,0.0,0,0.04366347177848784,35.0
510300,D28_Q100,0,2025-11-26,2025-12-24,10009761.SH,0.28,1.0,0.3463284077903185,0.6536715922096815,0.007911802853437094,0.012321660181582251,0.0002017509727626459,-0.004611608300907803,-0.5828770491803141,1.557377049180314,1,0.015996541288370025,28.0
510300,D28_Q100,0,2025-12-24,2026-01-28,10010467.SH,0.28,1.0,0.2132393191356324,0.7867606808643676,0.003279377759091865,0.0,8.362413285684256e-05,0.003195753626235022,0.9744999999999999,0.0,0,0.024385116670170293,35.0
510300,D28_Q100,0,2026-01-28,2026-02-25,10010651.SH,0.28,1.0,0.2848642196014452,0.7151357803985547,0.008550264550264551,0.0,0.00021803174603174605,0.008332232804232806,0.9745,0.0,0,0.03132275132275142,28.0
510300,D28_Q100,0,2026-02-25,2026-03-25,10009871.SH,0.28,1.0,0.2622717187083611,0.7377282812916389,0.0057263157894736835,0.0,0.00014602105263157892,0.005580294736842104,0.9744999999999999,0.0,0,0.025894736842105415,28.0
510300,D28_Q100,0,2026-03-25,2026-04-22,10011124.SH,0.28,1.0,0.2032336049568118,0.7967663950431882,0.004247359154929578,0.0244278169014084,0.00010830765845070423,-0.020288765404929528,-4.776795336787552,5.751295336787552,1,0.034330985915492995,28.0
510300,D28_Q100,0,2026-04-22,2026-05-27,10011317.SH,0.28,1.0,0.3516092526954463,0.6483907473045537,0.009478278944086468,0.0066514238204115625,0.00024169611307420496,0.002585159010600701,0.2727456140350871,0.7017543859649129,1,0.018499272500519748,35.0
510300,D35_Q80,0,2022-09-30,2022-10-26,10004477.SH,0.35,0.8,0.4489610935347199,0.6408311251722241,0.01189245087900724,0.0,0.00030325749741468466,0.011589193381592556,0.9744999999999999,0.0,0,0.008273009307135482,26.0
510300,D35_Q80,0,2022-10-26,2022-11-23,10004616.SH,0.35,0.8,0.3650811808136143,0.7079350553491086,0.010828848223896662,0.00731969860064591,0.0002761356297093649,0.003233013993541387,0.29855566600397104,0.6759443339960289,1,0.022604951560817987,28.0
510300,D35_Q80,0,2022-11-23,2022-12-28,10004259.SH,0.35,0.8,0.4171083268018049,0.666313338558556,0.014710485133020344,0.007094418362024049,0.0003751173708920188,0.007240949400104276,0.4922304964538971,0.48226950354610293,1,0.017214397496087663,35.0
510300,D35_Q80,0,2022-12-28,2023-01-30,10004804.SH,0.35,0.8,0.2592796790575938,0.792576256753925,0.004453482460599898,0.03416370106761569,0.00011356380274529741,-0.029823782409761086,-6.696732876712335,7.6712328767123354,1,0.02618200305033036,33.0
510300,D35_Q80,0,2023-01-30,2023-02-22,10005039.SH,0.35,0.8,0.3251432827097661,0.7398853738321871,0.007362663495838288,0.0,0.00018774791914387637,0.0071749155766944114,0.9744999999999999,0.0,0,0.022592152199762072,23.0
510300,D35_Q80,0,2023-02-22,2023-03-22,10005056.SH,0.35,0.8,0.3256766277932307,0.7394586977654154,0.007962917784825567,0.0,0.00020305440351305198,0.007759863381312515,0.9744999999999999,0.0,0,0.024640156135642854,28.0
510300,D35_Q80,0,2023-03-22,2023-04-26,10005205.SH,0.35,0.8,0.3070408222671712,0.754367342186263,0.007132481843225646,0.0,0.000181878287002254,0.006950603556223392,0.9744999999999999,0.0,0,0.026796894565489504,35.0
510300,D35_Q80,0,2023-04-26,2023-05-24,10005283.SH,0.35,0.8,0.4120077878635882,0.6703937697091293,0.010245507466464186,0.0,0.0002612604403948368,0.00998424702606935,0.9745,0.0,0,0.012401923563654771,28.0
510300,D35_Q80,0,2023-05-24,2023-06-28,10004704.SH,0.35,0.8,0.3492002274979593,0.7206398180016325,0.00873897249610794,0.0,0.00022284379865075249,0.008516128697457189,0.9745,0.0,0,0.02179553710430726,35.0
510300,D35_Q80,0,2023-06-28,2023-07-26,10005422.SH,0.35,0.8,0.236892346628389,0.8104861226972888,0.004395150889863296,0.0,0.00011207634769151406,0.004283074542171782,0.9744999999999999,0.0,0,0.03172556100077384,28.0
510300,D35_Q80,0,2023-07-26,2023-08-23,10005667.SH,0.35,0.8,0.2484151046476511,0.8012679162818791,0.004828973843058351,0.0,0.00012313883299798796,0.0047058350100603625,0.9744999999999999,0.0,0,0.031187122736418438,28.0
510300,D35_Q80,0,2023-08-23,2023-09-27,10005124.SH,0.35,0.8,0.3032390776562319,0.7574087378750145,0.008938428874734608,0.0,0.0002279299363057325,0.008710498938428875,0.9745,0.0,0,0.035031847133758065,35.0
510300,D35_Q80,0,2023-09-27,2023-10-25,10005936.SH,0.35,0.8,0.2730853910927093,0.7815316871258325,0.0063102170460561146,0.0,0.00016091053467443095,0.006149306511381684,0.9745,0.0,0,0.032292218104817305,28.0
510300,D35_Q80,0,2023-10-25,2023-11-22,10006045.SH,0.35,0.8,0.4435728082500065,0.6451417533999948,0.01125245166713365,0.002465676660128915,0.0002869375175119081,0.008499837489492828,0.755376494023902,0.21912350597609806,1,0.008685906416363132,28.0
510300,D35_Q80,0,2023-11-22,2023-12-27,10005348.SH,0.35,0.8,0.3118618570791404,0.7505105143366877,0.006867903627803933,0.0,0.00017513154250900032,0.006692772085294932,0.9744999999999999,0.0,0,0.024646912212683558,35.0
510300,D35_Q80,0,2023-12-27,2024-01-24,10006294.SH,0.35,0.8,0.4292076577776612,0.656633873777871,0.0063906020558002945,0.0,0.0001629603524229075,0.006227641703377387,0.9744999999999999,0.0,0,0.0064610866372980524,28.0
510300,D35_Q80,0,2024-01-24,2024-02-28,10006523.SH,0.35,0.8,0.394443886284671,0.6844448909722631,0.009905458981396768,0.029033241842024955,0.0002525892040256176,-0.019380372064653803,-1.9565344827586149,2.9310344827586152,1,0.015248551387618159,35.0
510300,D35_Q80,0,2024-02-28,2024-03-27,10005783.SH,0.35,0.8,0.3598002743492582,0.7121597805205935,0.010139211136890952,0.0,0.00025854988399071934,0.009880661252900233,0.9745,0.0,0,0.022331786542923338,28.0
510300,D35_Q80,0,2024-03-27,2024-04-24,10006939.SH,0.35,0.8,0.2647774149959205,0.7881780680032636,0.005542513598625824,0.0,0.00014133409676495853,0.005401179501860865,0.9744999999999999,0.0,0,0.030632693959347312,28.0
510300,D35_Q80,0,2024-04-24,2024-05-22,10007058.SH,0.35,0.8,0.2932392212523736,0.7654086229981011,0.005875320239111871,0.01821804725306008,0.00014982066609735273,-0.012492547680045563,-2.1262751937984525,3.1007751937984525,1,0.02476515798462864,28.0
510300,D35_Q80,0,2024-05-22,2024-06-26,10006191.SH,0.35,0.8,0.4233326944393099,0.6613338444485521,0.010043478260869565,0.0,0.0002561086956521739,0.009787369565217391,0.9744999999999999,0.0,0,0.010869565217391353,35.0
510300,D35_Q80,0,2024-06-26,2024-07-24,10007354.SH,0.35,0.8,0.2486165936361218,0.8011067250911026,0.004481280365818805,0.0,0.00011427264932837952,0.004367007716490425,0.9745,0.0,0,0.028865390111460387,28.0
510300,D35_Q80,0,2024-07-24,2024-08-28,10007473.SH,0.35,0.8,0.4634994425580903,0.6292004459535278,0.01032480597872952,0.0,0.00026328255245760277,0.010061523426271918,0.9745,0.0,0,0.006036217303822866,35.0
510300,D35_Q80,0,2024-08-28,2024-09-25,10006752.SH,0.35,0.8,0.3681989595601658,0.7054408323518673,0.006315162347333929,0.01763479296991368,0.0001610366398570152,-0.011480667262436767,-1.81795283018869,2.7924528301886897,1,0.012809055704497974,28.0
510300,D35_Q80,0,2024-09-25,2024-10-23,10007732.SH,0.35,0.8,0.4557931541065724,0.6353654767147421,0.011974668969487621,0.1278065630397236,0.00030535405872193436,-0.11613724812895791,-9.698576923076919,10.673076923076918,1,0.007484168105929667,28.0
510300,D35_Q80,0,2024-10-23,2024-11-27,10008004.SH,0.35,0.8,0.3635131887718567,0.7091894489825146,0.016098643649815045,0.0,0.0004105154130702837,0.015688128236744762,0.9745,0.0,0,0.035758323057953234,35.0
510300,D35_Q80,0,2024-11-27,2024-12-25,10007253.SH,0.35,0.8,0.339714465098715,0.728228427921028,0.010433910208176573,0.0,0.0002660647103085026,0.01016784549786807,0.9744999999999999,0.0,0,0.028342111863556507,28.0
510300,D35_Q80,0,2024-12-25,2025-01-22,10008415.SH,0.35,0.8,0.3102559991532689,0.7517952006773849,0.008703339882121807,0.0,0.00022193516699410608,0.008481404715127702,0.9745,0.0,0,0.03143418467583503,28.0
510300,D35_Q80,0,2025-01-22,2025-02-26,10008594.SH,0.35,0.8,0.3179635046401382,0.7456291962878894,0.008646423057128153,0.011116829644879108,0.00022048378795676792,-0.002690890375707723,-0.311214285714292,1.285714285714292,1,0.029336078229541984,35.0
510300,D35_Q80,0,2025-02-26,2025-03-26,10008013.SH,0.35,0.8,0.4213264583610332,0.6629388333111734,0.010596941292550566,0.0,0.00027022200296003947,0.010326719289590527,0.9745,0.0,0,0.011346817957572641,28.0
510300,D35_Q80,0,2025-03-26,2025-04-23,10008953.SH,0.35,0.8,0.3073505302924268,0.7541195757660586,0.005880887116870172,0.0,0.0001499626214801894,0.005730924495389983,0.9745,0.0,0,0.02167954149015694,28.0
510300,D35_Q80,0,2025-04-23,2025-05-28,10009073.SH,0.35,0.8,0.2608944346388168,0.7912844522889466,0.0052344152498712,0.0,0.0001334775888717156,0.005100937660999485,0.9745,0.0,0,0.030396702730551173,35.0
510300,D35_Q80,0,2025-05-28,2025-06-25,10008283.SH,0.35,0.8,0.250070830185102,0.7999433358519183,0.0026382546930492135,0.0,6.727549467275494e-05,0.0025709791983764586,0.9745,0.0,0,0.016996448503297845,28.0
510300,D35_Q80,0,2025-06-25,2025-07-23,10009443.SH,0.35,0.8,0.3241324543887701,0.7406940364889839,0.007878030492376904,0.01979505123719074,0.00020088977755561106,-0.012117910522369447,-1.5381903553299545,2.5126903553299544,1,0.024743814046488177,28.0
510300,D35_Q80,0,2025-07-23,2025-08-27,10009534.SH,0.35,0.8,0.3466333373231571,0.7226933301414743,0.009392712550607288,0.03334127173136458,0.00023951417004048584,-0.024188073350797777,-2.575195740365108,3.5496957403651077,1,0.024053346034770273,35.0
510300,D35_Q80,0,2025-08-27,2025-09-24,10009629.SH,0.35,0.8,0.3526304823781417,0.7178956140974866,0.011673743016759778,0.011262569832402345,0.0002976804469273744,0.00011349273743005851,0.009722052067371971,0.964777947932628,1,0.027932960893854775,28.0
510300,D35_Q80,0,2025-09-24,2025-10-22,10009914.SH,0.35,0.8,0.2907883963256183,0.7673692829395053,0.006793909500321682,0.0,0.0001732446922582029,0.00662066480806348,0.9745,0.0,0,0.029380227321466723,28.0
510300,D35_Q80,0,2025-10-22,2025-11-26,10010088.SH,0.35,0.8,0.3532348706196873,0.7174121035042502,0.009337593184238551,0.0,0.00023810862619808306,0.009099484558040468,0.9744999999999999,0.0,0,0.022364217252396124,35.0
510300,D35_Q80,0,2025-11-26,2025-12-24,10009761.SH,0.35,0.8,0.3463284077903185,0.7229372737677452,0.0063294422827496755,0.009857328145265801,0.00016140077821011673,-0.003689286640726243,-0.5828770491803142,1.5573770491803143,1,0.015996541288370025,28.0
510300,D35_Q80,0,2025-12-24,2026-01-28,10010466.SH,0.35,0.8,0.4597851692437651,0.6321718646049879,0.005196552449022494,0.0,0.0001325120874500736,0.00506404036157242,0.9745,0.0,0,0.003994113937355603,35.0
510300,D35_Q80,0,2026-01-28,2026-02-25,10010890.SH,0.35,0.8,0.3906646257214242,0.6874682994228607,0.010124867724867726,0.0,0.000258184126984127,0.0098666835978836,0.9745,0.0,0,0.015873015873015817,28.0
510300,D35_Q80,0,2026-02-25,2026-03-25,10010908.SH,0.35,0.8,0.4040700351347264,0.6767439718922188,0.007797894736842106,0.0,0.00019884631578947373,0.007599048421052633,0.9745,0.0,0,0.010526315789473717,28.0
510300,D35_Q80,0,2026-03-25,2026-04-22,10011123.SH,0.35,0.8,0.3930465622725504,0.6855627501819597,0.008045774647887326,0.037147887323943724,0.0002051672535211268,-0.029307279929577525,-3.6425678336980374,4.617067833698037,1,0.012323943661971759,28.0
510300,D35_Q80,0,2026-04-22,2026-05-27,10011317.SH,0.35,0.8,0.3516092526954463,0.7187125978436429,0.007582623155269176,0.005321139056329251,0.000193356890459364,0.0020681272084805613,0.2727456140350871,0.7017543859649129,1,0.018499272500519748,35.0
510300,D40_Q70,0,2022-09-30,2022-10-26,10004477.SH,0.4,0.7,0.4489610935347199,0.6857272345256961,0.010405894519131334,0.0,0.000265350310237849,0.010140544208893485,0.9745,0.0,0,0.008273009307135482,26.0
510300,D40_Q70,0,2022-10-26,2022-11-23,10004616.SH,0.4,0.7,0.3650811808136143,0.74444317343047,0.009475242195909579,0.006404736275565171,0.00024161867599569427,0.0028288872443487136,0.2985556660039711,0.6759443339960289,1,0.022604951560817987,28.0
510300,D40_Q70,0,2022-11-23,2022-12-28,10004259.SH,0.4,0.7,0.4171083268018049,0.7080241712387366,0.0128716744913928,0.006207616066771042,0.0003282276995305164,0.006335830725091241,0.4922304964538971,0.4822695035461029,1,0.017214397496087663,35.0
510300,D40_Q70,0,2022-12-28,2023-01-30,10004803.SH,0.4,0.7,0.5162929837403957,0.6385949113817231,0.009110320284697508,0.047508896797153005,0.00023231316725978648,-0.038630889679715286,-4.240343749999998,5.214843749999998,1,0.0010167768174884628,33.0
510300,D40_Q70,0,2023-01-30,2023-02-22,10004965.SH,0.4,0.7,0.4560713182107273,0.6807500772524909,0.010071343638525564,0.0,0.0002568192627824019,0.009814524375743162,0.9745,0.0,0,0.006896551724137945,23.0
510300,D40_Q70,0,2023-02-22,2023-03-22,10004426.SH,0.4,0.7,0.4492249538141477,0.6855425323300967,0.010963649670651377,0.0,0.0002795730666016101,0.010684076604049767,0.9745,0.0,0,0.008782629909733997,28.0
510300,D40_Q70,0,2023-03-22,2023-04-26,10005205.SH,0.4,0.7,0.3070408222671712,0.7850714244129802,0.006240921612822439,0.0,0.00015914350112697218,0.006081778111695467,0.9745,0.0,0,0.026796894565489504,35.0
510300,D40_Q70,0,2023-04-26,2023-05-24,10005283.SH,0.4,0.7,0.4120077878635882,0.7115945484954882,0.008964819033156162,0.0,0.00022860288534548215,0.00873621614781068,0.9745,0.0,0,0.012401923563654771,28.0
510300,D40_Q70,0,2023-05-24,2023-06-28,10005071.SH,0.4,0.7,0.428068932513742,0.7003517472403806,0.010371043072132848,0.0,0.00026446159833938765,0.010106581473793461,0.9745,0.0,0,0.011935651271406389,35.0
510300,D40_Q70,0,2023-06-28,2023-07-26,10005421.SH,0.4,0.7,0.4647011625796265,0.6747091861942615,0.009803972143409853,0.013721949961310305,0.0002500012896569513,-0.004167979107557403,-0.42513167587477113,1.399631675874771,1,0.005932421975754387,28.0
510300,D40_Q70,0,2023-07-26,2023-08-23,10005666.SH,0.4,0.7,0.4656676458299071,0.674032647919065,0.010211267605633801,0.0,0.00026038732394366193,0.009950880281690139,0.9744999999999999,0.0,0,0.006036217303822866,28.0
510300,D40_Q70,0,2023-08-23,2023-09-27,10005123.SH,0.4,0.7,0.4664004183426737,0.6735197071601284,0.013988853503184713,0.0,0.0003567157643312102,0.013632137738853503,0.9745,0.0,0,0.00849256900212314,35.0
510300,D40_Q70,0,2023-09-27,2023-10-25,10005935.SH,0.4,0.7,0.4738401484002928,0.668311896119795,0.01191371095817893,0.0,0.0003037996294335627,0.011609911328745367,0.9744999999999999,0.0,0,0.0058231868713605195,28.0
510300,D40_Q70,0,2023-10-25,2023-11-22,10006045.SH,0.4,0.7,0.4435728082500065,0.6894990342249955,0.009845895208741944,0.0021574670776128005,0.0002510703278229196,0.007437357803306224,0.755376494023902,0.21912350597609803,1,0.008685906416363132,28.0
510300,D40_Q70,0,2023-11-22,2023-12-27,10005348.SH,0.4,0.7,0.3118618570791404,0.7816967000446018,0.00600941567432844,0.0,0.0001532400996953752,0.005856175574633065,0.9745,0.0,0,0.024646912212683558,35.0
510300,D40_Q70,0,2023-12-27,2024-01-24,10006294.SH,0.4,0.7,0.4292076577776612,0.6995546395556371,0.0055917767988252565,0.0,0.00014259030837004405,0.005449186490455213,0.9745,0.0,0,0.0064610866372980524,28.0
510300,D40_Q70,0,2024-01-24,2024-02-28,10006523.SH,0.4,0.7,0.394443886284671,0.7238892796007304,0.008667276608722171,0.02540408661177183,0.00022101555352241537,-0.016957825556572076,-1.9565344827586149,2.931034482758615,1,0.015248551387618159,35.0
510300,D40_Q70,0,2024-02-28,2024-03-27,10006676.SH,0.4,0.7,0.4095788982083961,0.7132947712541228,0.010556844547563804,0.0,0.000269199535962877,0.010287645011600927,0.9744999999999999,0.0,0,0.015081206496519783,28.0
510300,D40_Q70,0,2024-03-27,2024-04-24,10006938.SH,0.4,0.7,0.5045759556026328,0.6467968310781571,0.012164328657314628,0.0026052104208416633,0.00031019038076152307,0.009248927855711441,0.7603319604612866,0.21416803953871336,1,0.002004008016032177,28.0
510300,D40_Q70,0,2024-04-24,2024-05-22,10007058.SH,0.4,0.7,0.2932392212523736,0.7947325451233385,0.005140905209222887,0.015940791346427566,0.00013109308283518363,-0.010930979220039863,-2.1262751937984516,3.1007751937984516,1,0.02476515798462864,28.0
510300,D40_Q70,0,2024-05-22,2024-06-26,10006191.SH,0.4,0.7,0.4233326944393099,0.703667113892483,0.008788043478260867,0.0,0.00022409510869565214,0.008563948369565215,0.9745,0.0,0,0.010869565217391353,35.0
510300,D40_Q70,0,2024-06-26,2024-07-24,10007353.SH,0.4,0.7,0.5207225328002402,0.6354942270398318,0.010963132323521006,0.0,0.00027955987424978565,0.01068357244927122,0.9745,0.0,0,0.00028579594169753086,28.0
510300,D40_Q70,0,2024-07-24,2024-08-28,10007473.SH,0.4,0.7,0.4634994425580903,0.6755503902093368,0.00903420523138833,0.0,0.00023037223340040242,0.008803832997987928,0.9744999999999999,0.0,0,0.006036217303822866,35.0
510300,D40_Q70,0,2024-08-28,2024-09-25,10006752.SH,0.4,0.7,0.3681989595601658,0.7422607283078839,0.005525767053917187,0.01543044384867447,0.00014090705987488826,-0.010045583854632171,-1.8179528301886902,2.79245283018869,1,0.012809055704497974,28.0
510300,D40_Q70,0,2024-09-25,2024-10-23,10007732.SH,0.4,0.7,0.4557931541065724,0.6809447921253993,0.010477835348301667,0.11183074265975813,0.0002671848013816925,-0.10162009211283815,-9.698576923076919,10.67307692307692,1,0.007484168105929667,28.0
510300,D40_Q70,0,2024-10-23,2024-11-27,10008004.SH,0.4,0.7,0.3635131887718567,0.7455407678597004,0.014086313193588162,0.0,0.0003592009864364982,0.013727112207151664,0.9744999999999999,0.0,0,0.035758323057953234,35.0
510300,D40_Q70,0,2024-11-27,2024-12-25,10007253.SH,0.4,0.7,0.339714465098715,0.7621998744308995,0.0091296714321545,0.0,0.00023280662151993977,0.00889686481063456,0.9744999999999999,0.0,0,0.028342111863556507,28.0
510300,D40_Q70,0,2024-12-25,2025-01-22,10008414.SH,0.4,0.7,0.4712669182666548,0.6701131572133416,0.013253929273084478,0.0,0.00033797519646365417,0.012915954076620825,0.9745,0.0,0,0.006876227897838705,28.0
510300,D40_Q70,0,2025-01-22,2025-02-26,10008594.SH,0.4,0.7,0.3179635046401382,0.7774255467519033,0.007565620174987133,0.009727225939269219,0.0001929233144621719,-0.002354529078744258,-0.31121428571429205,1.285714285714292,1,0.029336078229541984,35.0
510300,D40_Q70,0,2025-02-26,2025-03-26,10008013.SH,0.4,0.7,0.4213264583610332,0.7050714791472767,0.009272323630981745,0.0,0.00023644425259003452,0.00903587937839171,0.9745,0.0,0,0.011346817957572641,28.0
510300,D40_Q70,0,2025-03-26,2025-04-23,10008953.SH,0.4,0.7,0.3073505302924268,0.7848546287953012,0.0051457762272614,0.0,0.00013121729379516573,0.0050145589334662346,0.9745,0.0,0,0.02167954149015694,28.0
510300,D40_Q70,0,2025-04-23,2025-05-28,10009072.SH,0.4,0.7,0.4800493014159006,0.6639654890088695,0.00997166409067491,0.007573415765069598,0.00025427743431221024,0.002143970891293102,0.21500632911391945,0.7594936708860806,1,0.004636785162287493,35.0
510300,D40_Q70,0,2025-05-28,2025-06-25,10008283.SH,0.4,0.7,0.250070830185102,0.8249504188704286,0.0023084728564180617,0.0,5.886605783866057e-05,0.0022496067985794013,0.9745,0.0,0,0.016996448503297845,28.0
510300,D40_Q70,0,2025-06-25,2025-07-23,10009443.SH,0.4,0.7,0.3241324543887701,0.7731072819278609,0.006893276680829791,0.017320669832541897,0.00017577855536115967,-0.010603171707073264,-1.5381903553299543,2.5126903553299544,1,0.024743814046488177,28.0
510300,D40_Q70,0,2025-07-23,2025-08-27,10009534.SH,0.4,0.7,0.3466333373231571,0.7573566638737901,0.008218623481781375,0.029173612764944006,0.00020957489878542507,-0.021164564181948058,-2.575195740365109,3.5496957403651086,1,0.024053346034770273,35.0
510300,D40_Q70,0,2025-08-27,2025-09-24,10009629.SH,0.4,0.7,0.3526304823781417,0.7531586623353008,0.010214525139664804,0.00985474860335205,0.0002604703910614525,9.930614525130129e-05,0.009722052067371981,0.964777947932628,1,0.027932960893854775,28.0
510300,D40_Q70,0,2025-09-24,2025-10-22,10009913.SH,0.4,0.7,0.4539920001092219,0.6822055999235447,0.010763457001930087,0.0,0.0002744681535492172,0.01048898884838087,0.9745,0.0,0,0.00793480591893636,28.0
510300,D40_Q70,0,2025-10-22,2025-11-26,10010088.SH,0.4,0.7,0.3532348706196873,0.752735590566219,0.008170394036208731,0.0,0.00020834504792332264,0.00796204898828541,0.9745,0.0,0,0.022364217252396124,35.0
510300,D40_Q70,0,2025-11-26,2025-12-24,10009761.SH,0.4,0.7,0.3463284077903185,0.757570114546777,0.005538261997405966,0.008625162127107575,0.00014122568093385214,-0.003228125810635461,-0.582877049180314,1.557377049180314,1,0.015996541288370025,28.0
510300,D40_Q70,0,2025-12-24,2026-01-28,10010466.SH,0.4,0.7,0.4597851692437651,0.6781503815293645,0.004546983392894682,0.0,0.00011594807651881439,0.004431035316375868,0.9745,0.0,0,0.003994113937355603,35.0
510300,D40_Q70,0,2026-01-28,2026-02-25,10010890.SH,0.4,0.7,0.3906646257214242,0.7265347619950031,0.00885925925925926,0.0,0.00022591111111111112,0.008633348148148149,0.9745,0.0,0,0.015873015873015817,28.0
510300,D40_Q70,0,2026-02-25,2026-03-25,10010908.SH,0.4,0.7,0.4040700351347264,0.7171509754056915,0.006823157894736843,0.0,0.0001739905263157895,0.006649167368421053,0.9745,0.0,0,0.010526315789473717,28.0
510300,D40_Q70,0,2026-03-25,2026-04-22,10011123.SH,0.4,0.7,0.3930465622725504,0.7248674064092147,0.007040052816901408,0.03250440140845075,0.00017952134683098592,-0.025643869938380325,-3.642567833698037,4.617067833698037,1,0.012323943661971759,28.0
510300,D40_Q70,0,2026-04-22,2026-05-27,10011317.SH,0.4,0.7,0.3516092526954463,0.7538735231131877,0.006634795260860527,0.004655996674288093,0.00016918727915194345,0.0018096113074204908,0.2727456140350872,0.7017543859649128,1,0.018499272500519748,35.0
510300,D50_Q56,0,2022-09-30,2022-10-26,10004477.SH,0.5,0.56,0.4489610935347199,0.7485817876205568,0.008324715615305069,0.0,0.00021228024819027928,0.00811243536711479,0.9744999999999999,0.0,0,0.008273009307135482,26.0
510300,D50_Q56,0,2022-10-26,2022-11-23,10004615.SH,0.5,0.56,0.5519247213318312,0.6909221560541745,0.014497308934337998,0.02019375672766414,0.00036968137782561895,-0.006066129171151762,-0.418431392931392,1.392931392931392,1,-0.0043057050592034685,28.0
510300,D50_Q56,0,2022-11-23,2022-12-28,10004258.SH,0.5,0.56,0.5799196374369177,0.6752450030353261,0.01738132498695879,0.019572248304642725,0.00044322378716744914,-0.002634147104851385,-0.15155042016807038,1.1260504201680703,1,-0.008868022952530086,35.0
510300,D50_Q56,0,2022-12-28,2023-01-30,10004803.SH,0.5,0.56,0.5162929837403957,0.7108759291053783,0.007288256227758008,0.03800711743772241,0.0001858505338078292,-0.03090471174377223,-4.240343749999998,5.214843749999998,1,0.0010167768174884628,33.0
510300,D50_Q56,0,2023-01-30,2023-02-22,10005038.SH,0.5,0.56,0.5317518162531855,0.7022189828982162,0.009988109393579072,0.0,0.0002546967895362664,0.009733412604042806,0.9744999999999999,0.0,0,-0.0011890606420926764,23.0
510300,D50_Q56,0,2023-02-22,2023-03-22,10005055.SH,0.5,0.56,0.5202886794920404,0.7086383394844573,0.011093437423761893,0.0,0.0002828826543059283,0.010810554769455964,0.9744999999999999,0.0,0,0.00024396194193698761,28.0
510300,D50_Q56,0,2023-03-22,2023-04-26,10005204.SH,0.5,0.56,0.5109785954678004,0.7138519865380317,0.010798898071625346,0.0,0.0002753719008264463,0.0105235261707989,0.9745,0.0,0,0.001753067868770275,35.0
510300,D50_Q56,0,2023-04-26,2023-05-24,10005283.SH,0.5,0.56,0.4120077878635882,0.7692756387963906,0.007171855226524931,0.0,0.00018288230827638577,0.006988972918248545,0.9745,0.0,0,0.012401923563654771,28.0
510300,D50_Q56,0,2023-05-24,2023-06-28,10004703.SH,0.5,0.56,0.5546485171279847,0.6893968304083286,0.01259782044628957,0.005376232485729102,0.0003212444213803841,0.006900343539180085,0.5477410611303354,0.4267589388696646,1,-0.0036325895173845435,35.0
510300,D50_Q56,0,2023-06-28,2023-07-26,10005421.SH,0.5,0.56,0.4647011625796265,0.7397673489554091,0.007843177714727884,0.010977559969048244,0.00020000103172556106,-0.0033343832860459207,-0.42513167587477085,1.3996316758747709,1,0.005932421975754387,28.0
510300,D50_Q56,0,2023-07-26,2023-08-23,10005666.SH,0.5,0.56,0.4656676458299071,0.739226118335252,0.008169014084507042,0.0,0.0002083098591549296,0.007960704225352113,0.9745,0.0,0,0.006036217303822866,28.0
510300,D50_Q56,0,2023-08-23,2023-09-27,10005123.SH,0.5,0.56,0.4664004183426737,0.7388157657281027,0.011191082802547773,0.0,0.00028537261146496817,0.010905710191082805,0.9745,0.0,0,0.00849256900212314,35.0
510300,D50_Q56,0,2023-09-27,2023-10-25,10005935.SH,0.5,0.56,0.4738401484002928,0.734649516895836,0.009530968766543144,0.0,0.0002430397035468502,0.009287929062996294,0.9745,0.0,0,0.0058231868713605195,28.0
510300,D50_Q56,0,2023-10-25,2023-11-22,10006045.SH,0.5,0.56,0.4435728082500065,0.7515992273799963,0.007876716166993557,0.0017259736620902405,0.00020085626225833572,0.00594988624264498,0.755376494023902,0.219123505976098,1,0.008685906416363132,28.0
510300,D50_Q56,0,2023-11-22,2023-12-27,10005347.SH,0.5,0.56,0.5532555549040604,0.6901768892537261,0.011367488230407091,0.0,0.00028987094987538084,0.01107761728053171,0.9745,0.0,0,-0.003046247576848571,35.0
510300,D50_Q56,0,2023-12-27,2024-01-24,10006294.SH,0.5,0.56,0.4292076577776612,0.7596437116445097,0.004473421439060206,0.0,0.00011407224669603525,0.004359349192364171,0.9745,0.0,0,0.0064610866372980524,28.0
510300,D50_Q56,0,2024-01-24,2024-02-28,10006656.SH,0.5,0.56,0.4702712021641919,0.7366481267880525,0.00905154010369015,0.025275998780115914,0.00023081427264409887,-0.01645527294906986,-1.8179528301886816,2.7924528301886817,1,0.006404391582799596,35.0
510300,D50_Q56,0,2024-02-28,2024-03-27,10005875.SH,0.5,0.56,0.5686308292080335,0.6815667356435011,0.013837587006960559,0.010719257540603223,0.0003528584686774943,0.002765470997679842,0.1998521126760583,0.7746478873239417,1,-0.006090487238979092,28.0
510300,D50_Q56,0,2024-03-27,2024-04-24,10006938.SH,0.5,0.56,0.5045759556026328,0.7174374648625257,0.009731462925851704,0.002084168336673331,0.00024815230460921846,0.007399142284569155,0.7603319604612866,0.21416803953871338,1,0.002004008016032177,28.0
510300,D50_Q56,0,2024-04-24,2024-05-22,10007057.SH,0.5,0.56,0.5593842819403239,0.6867448021134186,0.010584685454027897,0.028693424423569626,0.00026990947907771135,-0.01837864844861944,-1.7363433734939784,2.7108433734939785,1,-0.0037005408482777558,28.0
510300,D50_Q56,0,2024-05-22,2024-06-26,10006711.SH,0.5,0.56,0.4758440565607549,0.7335273283259772,0.00861304347826087,0.0,0.00021963260869565216,0.008393410869565217,0.9745,0.0,0,0.005434782608695565,35.0
510300,D50_Q56,0,2024-06-26,2024-07-24,10007353.SH,0.5,0.56,0.5207225328002402,0.7083953816318656,0.008770505858816805,0.0,0.00022364789939982856,0.008546857959416976,0.9744999999999999,0.0,0,0.00028579594169753086,28.0
510300,D50_Q56,0,2024-07-24,2024-08-28,10007473.SH,0.5,0.56,0.4634994425580903,0.7404403121674694,0.007227364185110665,0.0,0.00018429778672032196,0.007043066398390343,0.9745,0.0,0,0.006036217303822866,35.0
510300,D50_Q56,0,2024-08-28,2024-09-25,10006752.SH,0.5,0.56,0.3681989595601658,0.7938085826463072,0.004420613643133751,0.012344355078939577,0.00011272564789991064,-0.008036467083705737,-1.8179528301886898,2.7924528301886897,1,0.012809055704497974,28.0
510300,D50_Q56,0,2024-09-25,2024-10-23,10007732.SH,0.5,0.56,0.4557931541065724,0.7447558337003195,0.008382268278641336,0.08946459412780651,0.0002137478411053541,-0.08129607369027053,-9.698576923076917,10.673076923076916,1,0.007484168105929667,28.0
510300,D50_Q56,0,2024-10-23,2024-11-27,10008003.SH,0.5,0.56,0.4708693527704878,0.7363131624485268,0.01560542540073983,0.0,0.00039793834771886566,0.015207487053020963,0.9744999999999999,0.0,0,0.011097410604192337,35.0
510300,D50_Q56,0,2024-11-27,2024-12-25,10007231.SH,0.5,0.56,0.4997499882411414,0.7201400065849608,0.012500627037873089,0.010112866817155765,0.00031876598946576376,0.00206899423125156,0.16551123595505557,0.8089887640449445,1,0.003260596940055205,28.0
510300,D50_Q56,0,2024-12-25,2025-01-22,10008414.SH,0.5,0.56,0.4712669182666548,0.7360905257706734,0.010603143418467584,0.0,0.00027038015717092344,0.010332763261296661,0.9745,0.0,0,0.006876227897838705,28.0
510300,D50_Q56,0,2025-01-22,2025-02-26,10008593.SH,0.5,0.56,0.4968362186037464,0.7217717175819021,0.010836850231600617,0.022192485846628977,0.00027633968090581574,-0.011631975295934176,-1.0733723404255369,2.0478723404255366,1,0.0036026762738032847,35.0
510300,D50_Q56,0,2025-02-26,2025-03-26,10008013.SH,0.5,0.56,0.4213264583610332,0.7640571833178214,0.007417858904785397,0.0,0.00018915540207202765,0.00722870350271337,0.9745,0.0,0,0.011346817957572641,28.0
510300,D50_Q56,0,2025-03-26,2025-04-23,10008952.SH,0.5,0.56,0.5605303845684199,0.6861029846416848,0.009321704460503365,0.0,0.0002377034637428358,0.009084000996760528,0.9744999999999999,0.0,0,-0.0032394717169199616,28.0
510300,D50_Q56,0,2025-04-23,2025-05-28,10009072.SH,0.5,0.56,0.4800493014159006,0.7311723912070957,0.007977331272539929,0.006058732612055679,0.0002034219474497682,0.0017151767130344812,0.21500632911391937,0.7594936708860807,1,0.004636785162287493,35.0
510300,D50_Q56,0,2025-05-28,2025-06-25,10008283.SH,0.5,0.56,0.250070830185102,0.8599603350963428,0.0018467782851344493,0.0,4.7092846270928465e-05,0.001799685438863521,0.9745,0.0,0,0.016996448503297845,28.0
510300,D50_Q56,0,2025-06-25,2025-07-23,10009347.SH,0.5,0.56,0.5041429794595264,0.7176799315026652,0.009377655586103475,0.02659335166208441,0.00023913021744563864,-0.01745482629342657,-1.8613208955223801,2.8358208955223803,1,0.001999500124968856,28.0
510300,D50_Q56,0,2025-07-23,2025-08-27,10009533.SH,0.5,0.56,0.5235001399898109,0.7068399216057059,0.011242676827816149,0.03667539890450101,0.0002866882591093118,-0.02571941033579417,-2.2876589561091274,3.2621589561091278,1,0.00023815194093845804,35.0
510300,D50_Q56,0,2025-08-27,2025-09-24,10009607.SH,0.5,0.56,0.485843502065709,0.727927638843203,0.012576536312849166,0.02039776536312853,0.0003207016759776538,-0.008141930726257017,-0.6473905472636841,1.621890547263684,1,0.005586592178770999,28.0
510300,D50_Q56,0,2025-09-24,2025-10-22,10009913.SH,0.5,0.56,0.4539920001092219,0.7457644799388357,0.008610765601544071,0.0,0.00021957452283937381,0.008391191078704697,0.9744999999999999,0.0,0,0.00793480591893636,28.0
510300,D50_Q56,0,2025-10-22,2025-11-26,10010087.SH,0.5,0.56,0.5168082635878596,0.7105873723907986,0.011510117145899893,0.0,0.0002935079872204473,0.011216609158679445,0.9744999999999999,0.0,0,0.0010649627263046302,35.0
510300,D50_Q56,0,2025-11-26,2025-12-24,10009631.SH,0.5,0.56,0.590672497168654,0.6692234015855537,0.009684392563769996,0.01900562040639862,0.00024695201037613495,-0.00956817985300476,-0.9880000000000004,1.9625000000000004,1,-0.005620406398616717,28.0
510300,D50_Q56,0,2025-12-24,2026-01-28,10010466.SH,0.5,0.56,0.4597851692437651,0.7425203052234914,0.0036375867143157463,0.0,9.275846121505154e-05,0.003544828253100695,0.9745,0.0,0,0.003994113937355603,35.0
510300,D50_Q56,0,2026-01-28,2026-02-25,10010650.SH,0.5,0.56,0.4308552464021405,0.7587210620148013,0.008071111111111112,0.0,0.00020581333333333338,0.007865297777777778,0.9744999999999999,0.0,0,0.0107936507936508,28.0
510300,D50_Q56,0,2026-02-25,2026-03-25,10009823.SH,0.5,0.56,0.4606789262754942,0.7420198012857232,0.006543157894736843,0.0,0.0001668505263157895,0.0063763073684210535,0.9745,0.0,0,0.005473684210526297,28.0
510300,D50_Q56,0,2026-03-25,2026-04-22,10011123.SH,0.5,0.56,0.3930465622725504,0.7798939251273718,0.005632042253521127,0.026003521126760607,0.00014361707746478875,-0.02051509595070427,-3.6425678336980383,4.617067833698038,1,0.012323943661971759,28.0
510300,D50_Q56,0,2026-04-22,2026-05-27,10011316.SH,0.5,0.56,0.5495119926075253,0.6922732841397858,0.010219912700062358,0.015364789025150762,0.0002606077738515901,-0.005405484098939994,-0.5289168564920336,1.5034168564920336,1,-0.002286426938266528,35.0
