trade_date,etf_code,open,high,low,close,adj_close,volume,amount
2022-09-19,159915,2.292,2.318,2.27,2.285,2.285,3991607.04,915197.464
2022-09-20,159915,2.295,2.327,2.285,2.297,2.297,3602172.0,830485.845
2022-09-21,159915,2.284,2.289,2.256,2.265,2.265,5211842.89,1181944.144
2022-09-22,159915,2.25,2.28,2.236,2.252,2.252,3672889.84,828818.165
2022-09-23,159915,2.245,2.268,2.209,2.239,2.239,5317416.68,1189493.314
2022-09-26,159915,2.226,2.288,2.22,2.253,2.253,5280029.75,1194645.335
2022-09-27,159915,2.258,2.306,2.258,2.306,2.306,4788444.29,1091035.686
2022-09-28,159915,2.294,2.3,2.248,2.249,2.249,4647199.6,1052922.692
2022-09-29,159915,2.269,2.288,2.251,2.267,2.267,4075693.26,925354.891
2022-09-30,159915,2.259,2.276,2.219,2.221,2.221,4371563.67,982234.934
2022-10-10,159915,2.219,2.232,2.166,2.166,2.166,4171627.07,915088.739
2022-10-11,159915,2.183,2.206,2.176,2.192,2.192,3940142.49,863598.84
2022-10-12,159915,2.191,2.275,2.169,2.274,2.274,7392729.78,1644065.088
2022-10-13,159915,2.255,2.305,2.252,2.282,2.282,5962607.79,1363147.675
2022-10-14,159915,2.315,2.38,2.297,2.365,2.365,6671159.77,1559025.001
2022-10-17,159915,2.349,2.375,2.333,2.362,2.362,3898715.12,918318.76
2022-10-18,159915,2.38,2.397,2.355,2.373,2.373,4509611.67,1071043.942
2022-10-19,159915,2.366,2.39,2.351,2.355,2.355,4024150.44,953362.761
2022-10-20,159915,2.34,2.375,2.296,2.337,2.337,6670186.98,1556557.604
2022-10-21,159915,2.337,2.342,2.31,2.321,2.321,4429153.41,1030042.924
2022-10-24,159915,2.323,2.348,2.253,2.266,2.266,7715407.69,1771918.161
2022-10-25,159915,2.252,2.279,2.214,2.241,2.241,6661030.65,1496709.733
2022-10-26,159915,2.251,2.329,2.251,2.302,2.302,6719578.5,1543143.214
2022-10-27,159915,2.319,2.32,2.265,2.265,2.265,5303539.94,1214527.195
2022-10-28,159915,2.247,2.259,2.179,2.187,2.187,7321985.5,1625576.083
2022-10-31,159915,2.166,2.231,2.164,2.202,2.202,6828842.0,1503479.168
2022-11-01,159915,2.208,2.275,2.186,2.275,2.275,7625569.02,1699347.631
2022-11-02,159915,2.261,2.325,2.256,2.305,2.305,7214614.96,1655586.783
2022-11-03,159915,2.283,2.316,2.283,2.309,2.309,6292291.71,1449665.101
2022-11-04,159915,2.307,2.394,2.304,2.383,2.383,6868598.59,1620339.903
2022-11-07,159915,2.372,2.4,2.36,2.379,2.379,5431514.68,1292475.455
2022-11-08,159915,2.379,2.386,2.341,2.363,2.363,4922189.0,1162296.853
2022-11-09,159915,2.356,2.362,2.326,2.326,2.326,5089810.25,1190843.694
2022-11-10,159915,2.313,2.321,2.276,2.288,2.288,7389731.67,1697717.815
2022-11-11,159915,2.4,2.4,2.33,2.33,2.33,10301880.96,2423406.668
2022-11-14,159915,2.333,2.345,2.296,2.302,2.302,5736870.99,1332197.395
2022-11-15,159915,2.297,2.362,2.287,2.361,2.361,6900639.41,1607887.432
2022-11-16,159915,2.359,2.372,2.327,2.33,2.33,5663526.02,1328655.95
2022-11-17,159915,2.322,2.322,2.281,2.316,2.316,6296815.85,1446037.62
2022-11-18,159915,2.317,2.348,2.312,2.315,2.315,7439798.8,1733414.577
2022-11-21,159915,2.298,2.32,2.291,2.319,2.319,3815405.53,879699.282
2022-11-22,159915,2.312,2.316,2.263,2.273,2.273,5982902.64,1368854.747
2022-11-23,159915,2.269,2.288,2.233,2.269,2.269,5826873.05,1317378.8
2022-11-24,159915,2.276,2.289,2.262,2.264,2.264,3179765.23,723242.428
2022-11-25,159915,2.261,2.261,2.238,2.242,2.242,3409458.98,766181.308
2022-11-28,159915,2.203,2.235,2.197,2.233,2.233,4870885.84,1077709.96
2022-11-29,159915,2.233,2.28,2.228,2.268,2.268,6475878.55,1462123.787
2022-11-30,159915,2.266,2.277,2.255,2.265,2.265,4449865.89,1007896.822
2022-12-01,159915,2.312,2.332,2.308,2.311,2.311,6205197.05,1439503.784
2022-12-02,159915,2.31,2.339,2.302,2.316,2.316,4384054.9,1018348.443
2022-12-05,159915,2.327,2.334,2.298,2.313,2.313,7615324.95,1758129.142
2022-12-06,159915,2.301,2.346,2.299,2.319,2.319,4939916.0,1147772.47
2022-12-07,159915,2.311,2.359,2.308,2.343,2.343,7450582.14,1744170.477
2022-12-08,159915,2.337,2.351,2.326,2.338,2.338,3043366.19,711782.39
2022-12-09,159915,2.337,2.353,2.323,2.348,2.348,3583371.53,837521.12
2022-12-12,159915,2.342,2.348,2.33,2.333,2.333,3881623.34,907490.955
2022-12-13,159915,2.334,2.336,2.303,2.305,2.305,3623504.29,838699.628
2022-12-14,159915,2.309,2.32,2.293,2.299,2.299,3335662.15,768091.407
2022-12-15,159915,2.299,2.33,2.295,2.326,2.326,4351061.95,1005896.265
2022-12-16,159915,2.312,2.319,2.291,2.298,2.298,3966390.29,913544.786
2022-12-19,159915,2.304,2.317,2.267,2.274,2.274,4476904.42,1025543.894
2022-12-20,159915,2.27,2.271,2.242,2.243,2.243,4084807.51,920756.611
2022-12-21,159915,2.244,2.253,2.225,2.24,2.24,3390578.32,759300.92
2022-12-22,159915,2.249,2.259,2.221,2.235,2.235,4067702.75,911848.118
2022-12-23,159915,2.216,2.236,2.207,2.222,2.222,4362469.0,969067.963
2022-12-26,159915,2.224,2.265,2.222,2.262,2.262,5714694.55,1287210.409
2022-12-27,159915,2.268,2.295,2.256,2.293,2.293,5650560.44,1286940.34
2022-12-28,159915,2.278,2.281,2.257,2.267,2.267,4269172.79,968584.394
2022-12-29,159915,2.255,2.295,2.252,2.277,2.277,4390877.69,1001296.98
2022-12-30,159915,2.287,2.298,2.278,2.279,2.279,3802276.63,869409.611
2023-01-03,159915,2.267,2.293,2.246,2.289,2.289,4154350.34,943665.756
2023-01-04,159915,2.28,2.283,2.255,2.267,2.267,3642832.2,827058.629
2023-01-05,159915,2.276,2.334,2.274,2.33,2.33,6603988.98,1524537.066
2023-01-06,159915,2.321,2.368,2.315,2.35,2.35,4965654.3,1164821.539
2023-01-09,159915,2.361,2.382,2.356,2.365,2.365,3195072.71,756781.804
2023-01-10,159915,2.365,2.406,2.36,2.401,2.401,3763983.22,898088.949
2023-01-11,159915,2.401,2.409,2.369,2.374,2.374,2923227.28,698040.666
2023-01-12,159915,2.383,2.404,2.375,2.382,2.382,3475973.13,829707.689
2023-01-13,159915,2.397,2.417,2.388,2.417,2.417,3792201.61,909951.5
2023-01-16,159915,2.421,2.492,2.417,2.462,2.462,5158873.14,1269926.087
2023-01-17,159915,2.465,2.483,2.46,2.47,2.47,2462065.14,608463.04
2023-01-18,159915,2.479,2.482,2.457,2.468,2.468,2641093.5,652164.937
2023-01-19,159915,2.465,2.498,2.454,2.496,2.496,3016618.04,748630.146
2023-01-20,159915,2.505,2.518,2.495,2.507,2.507,4008460.24,1004660.33
2023-01-30,159915,2.577,2.579,2.532,2.533,2.533,5683976.82,1450511.414
2023-01-31,159915,2.533,2.543,2.497,2.507,2.507,3745047.68,943675.151
2023-02-01,159915,2.516,2.538,2.495,2.537,2.537,4638570.96,1167804.024
2023-02-02,159915,2.544,2.554,2.519,2.524,2.524,3119553.63,791120.817
2023-02-03,159915,2.515,2.527,2.475,2.5,2.5,4632209.84,1158328.376
2023-02-06,159915,2.486,2.486,2.449,2.468,2.468,4240242.24,1045613.923
2023-02-07,159915,2.474,2.482,2.445,2.461,2.461,3967825.26,976604.426
2023-02-08,159915,2.466,2.475,2.445,2.447,2.447,3929468.61,966329.485
2023-02-09,159915,2.444,2.496,2.44,2.493,2.493,4730293.58,1172120.59
2023-02-10,159915,2.493,2.494,2.455,2.465,2.465,4264097.95,1054102.719
2023-02-13,159915,2.463,2.502,2.463,2.495,2.495,4003011.31,995868.215
2023-02-14,159915,2.502,2.508,2.475,2.49,2.49,2709498.48,673563.677
2023-02-15,159915,2.488,2.498,2.466,2.468,2.468,2759203.64,682666.615
2023-02-16,159915,2.473,2.491,2.422,2.436,2.436,4404393.97,1083733.097
2023-02-17,159915,2.433,2.439,2.375,2.378,2.378,5949467.63,1429280.29
2023-02-20,159915,2.372,2.409,2.353,2.403,2.403,5333659.51,1269505.061
2023-02-21,159915,2.401,2.407,2.378,2.395,2.395,3780998.0,905100.098
2023-02-22,159915,2.385,2.399,2.372,2.377,2.377,3420616.27,815119.185
2023-02-23,159915,2.379,2.398,2.374,2.385,2.385,3849256.71,918343.004
2023-02-24,159915,2.388,2.39,2.354,2.357,2.357,4935287.69,1167374.63
2023-02-27,159915,2.347,2.362,2.333,2.34,2.34,5052813.0,1183931.502
2023-02-28,159915,2.35,2.362,2.334,2.359,2.359,4766879.44,1120630.125
2023-03-01,159915,2.358,2.378,2.344,2.372,2.372,6412398.39,1515000.132
2023-03-02,159915,2.368,2.371,2.341,2.347,2.347,5046453.48,1187932.736
2023-03-03,159915,2.353,2.362,2.332,2.352,2.352,5632115.85,1323371.045
2023-03-06,159915,2.356,2.365,2.32,2.361,2.361,7738048.02,1815382.145
2023-03-07,159915,2.354,2.359,2.311,2.312,2.312,8956964.16,2091310.411
2023-03-08,159915,2.303,2.319,2.296,2.308,2.308,7611736.23,1754539.003
2023-03-09,159915,2.309,2.316,2.296,2.303,2.303,6948050.94,1602665.742
2023-03-10,159915,2.295,2.318,2.284,2.3,2.3,9929629.72,2284813.245
2023-03-13,159915,2.295,2.306,2.276,2.287,2.287,10195899.99,2333097.12
2023-03-14,159915,2.285,2.287,2.238,2.276,2.276,11674301.39,2646251.584
2023-03-15,159915,2.285,2.303,2.266,2.268,2.268,10187440.45,2327203.774
2023-03-16,159915,2.257,2.265,2.23,2.233,2.233,12835765.2,2884549.88
2023-03-17,159915,2.248,2.252,2.221,2.228,2.228,16480314.49,3685846.85
2023-03-20,159915,2.229,2.25,2.213,2.226,2.226,15921009.23,3546732.508
2023-03-21,159915,2.233,2.266,2.232,2.265,2.265,16259210.35,3658666.378
2023-03-22,159915,2.27,2.286,2.26,2.27,2.27,14370671.21,3267475.374
2023-03-23,159915,2.262,2.288,2.259,2.288,2.288,8626969.93,1965791.419
2023-03-24,159915,2.292,2.3,2.282,2.297,2.297,8485594.09,1946226.68
2023-03-27,159915,2.293,2.325,2.29,2.323,2.323,12049123.51,2786917.098
2023-03-28,159915,2.322,2.322,2.293,2.298,2.298,6173109.42,1422968.347
2023-03-29,159915,2.3,2.309,2.294,2.297,2.297,5585027.47,1286214.707
2023-03-30,159915,2.3,2.313,2.29,2.313,2.313,5651994.58,1301419.79
2023-03-31,159915,2.321,2.328,2.314,2.327,2.327,6808435.45,1580918.255
2023-04-03,159915,2.327,2.37,2.327,2.366,2.366,11096152.98,2608463.108
2023-04-04,159915,2.366,2.367,2.336,2.35,2.35,7764313.9,1822002.563
2023-04-06,159915,2.334,2.355,2.331,2.354,2.354,5487068.55,1285376.423
2023-04-07,159915,2.351,2.38,2.347,2.369,2.369,5684291.37,1346645.921
2023-04-10,159915,2.379,2.385,2.358,2.368,2.368,8264410.1,1960483.426
2023-04-11,159915,2.367,2.386,2.351,2.362,2.362,5058053.74,1197323.526
2023-04-12,159915,2.364,2.364,2.342,2.353,2.353,5356209.49,1259523.938
2023-04-13,159915,2.345,2.352,2.332,2.332,2.332,4415316.04,1033292.67
2023-04-14,159915,2.342,2.356,2.336,2.355,2.355,5338871.58,1254207.925
2023-04-17,159915,2.354,2.366,2.348,2.364,2.364,4229752.0,997150.265
2023-04-18,159915,2.362,2.372,2.35,2.354,2.354,4686560.41,1105884.332
2023-04-19,159915,2.356,2.356,2.338,2.339,2.339,3090912.79,724993.726
2023-04-20,159915,2.337,2.338,2.304,2.314,2.314,5434873.88,1259885.383
2023-04-21,159915,2.318,2.326,2.268,2.269,2.269,6917726.25,1587990.019
2023-04-24,159915,2.267,2.269,2.22,2.234,2.234,7294237.12,1633647.558
2023-04-25,159915,2.236,2.241,2.178,2.193,2.193,13608451.53,2993352.612
2023-04-26,159915,2.187,2.238,2.184,2.226,2.226,11083036.93,2461077.825
2023-04-27,159915,2.219,2.247,2.215,2.24,2.24,4590208.43,1025641.028
2023-04-28,159915,2.247,2.26,2.236,2.255,2.255,4133145.76,929424.456
2023-05-04,159915,2.253,2.253,2.224,2.23,2.23,3845669.57,858954.724
2023-05-05,159915,2.228,2.23,2.194,2.202,2.202,5257951.07,1161401.101
2023-05-08,159915,2.21,2.214,2.188,2.213,2.213,7761581.04,1709956.981
2023-05-09,159915,2.209,2.211,2.179,2.18,2.18,8089629.24,1776822.708
2023-05-10,159915,2.176,2.21,2.166,2.199,2.199,11774380.87,2574160.726
2023-05-11,159915,2.201,2.229,2.2,2.211,2.211,8314268.55,1841293.786
2023-05-12,159915,2.211,2.22,2.185,2.185,2.185,5986893.06,1317692.907
2023-05-15,159915,2.192,2.235,2.19,2.234,2.234,6916403.44,1532618.073
2023-05-16,159915,2.242,2.244,2.222,2.228,2.228,6250010.08,1395160.844
2023-05-17,159915,2.23,2.236,2.217,2.229,2.229,6221352.61,1384597.412
2023-05-18,159915,2.233,2.237,2.198,2.215,2.215,7670418.72,1699666.378
2023-05-19,159915,2.212,2.229,2.206,2.215,2.215,4472283.31,991730.762
2023-05-22,159915,2.216,2.227,2.201,2.214,2.214,5172903.0,1144617.725
2023-05-23,159915,2.216,2.218,2.186,2.187,2.187,6933644.45,1527019.909
2023-05-24,159915,2.181,2.204,2.175,2.183,2.183,7395046.63,1618149.752
2023-05-25,159915,2.179,2.194,2.166,2.184,2.184,8126966.88,1770841.548
2023-05-26,159915,2.183,2.183,2.153,2.167,2.167,9181841.07,1990154.129
2023-05-29,159915,2.171,2.177,2.136,2.143,2.143,7125224.85,1531858.752
2023-05-30,159915,2.139,2.157,2.12,2.155,2.155,7249693.16,1552001.557
2023-05-31,159915,2.149,2.153,2.125,2.131,2.131,8498794.78,1815634.533
2023-06-01,159915,2.133,2.163,2.127,2.148,2.148,8826449.49,1899353.7
2023-06-02,159915,2.156,2.179,2.152,2.175,2.175,7879768.75,1708637.642
2023-06-05,159915,2.173,2.173,2.138,2.143,2.143,8672138.47,1861880.059
2023-06-06,159915,2.14,2.141,2.102,2.106,2.106,9012031.89,1912088.171
2023-06-07,159915,2.105,2.106,2.069,2.075,2.075,9359429.12,1949152.966
2023-06-08,159915,2.075,2.083,2.064,2.071,2.071,9368151.59,1941993.647
2023-06-09,159915,2.073,2.086,2.064,2.086,2.086,8745659.24,1814523.638
2023-06-12,159915,2.08,2.106,2.076,2.095,2.095,7595907.89,1588662.807
2023-06-13,159915,2.093,2.113,2.09,2.111,2.111,7058033.63,1485189.091
2023-06-14,159915,2.115,2.121,2.106,2.106,2.106,6824059.91,1441646.659
2023-06-15,159915,2.114,2.18,2.114,2.179,2.179,18945139.24,4072250.914
2023-06-16,159915,2.185,2.215,2.178,2.208,2.208,10714323.29,2354504.583
2023-06-19,159915,2.211,2.219,2.201,2.207,2.207,7367843.04,1627002.668
2023-06-20,159915,2.203,2.22,2.199,2.21,2.21,5795830.67,1280742.118
2023-06-21,159915,2.206,2.208,2.155,2.156,2.156,7175165.75,1563223.806
2023-06-26,159915,2.14,2.158,2.118,2.133,2.133,6925302.0,1478758.274
2023-06-27,159915,2.133,2.151,2.124,2.138,2.138,5959135.85,1273123.147
2023-06-28,159915,2.134,2.135,2.107,2.126,2.126,6467057.09,1373018.916
2023-06-29,159915,2.121,2.139,2.121,2.129,2.129,3774614.0,804433.119
2023-06-30,159915,2.126,2.174,2.118,2.164,2.164,10091435.76,2177900.542
2023-07-03,159915,2.168,2.185,2.16,2.171,2.171,5582985.27,1213190.975
2023-07-04,159915,2.169,2.178,2.161,2.174,2.174,4306543.35,934176.288
2023-07-05,159915,2.176,2.182,2.152,2.156,2.156,3978490.0,861355.844
2023-07-06,159915,2.15,2.163,2.133,2.137,2.137,5978723.73,1281170.746
2023-07-07,159915,2.13,2.132,2.116,2.118,2.118,4742779.41,1006764.647
2023-07-10,159915,2.127,2.158,2.126,2.145,2.145,5823234.52,1248499.025
2023-07-11,159915,2.147,2.162,2.138,2.161,2.161,3706788.96,797744.815
2023-07-12,159915,2.162,2.163,2.138,2.139,2.139,4353128.27,935868.566
2023-07-13,159915,2.151,2.182,2.151,2.182,2.182,6341779.56,1378630.702
2023-07-14,159915,2.184,2.187,2.167,2.169,2.169,5191817.64,1128574.32
2023-07-17,159915,2.163,2.164,2.142,2.152,2.152,3642697.95,783461.345
2023-07-18,159915,2.155,2.159,2.143,2.147,2.147,4462888.74,958560.16
2023-07-19,159915,2.145,2.148,2.117,2.125,2.125,6795780.94,1445979.321
2023-07-20,159915,2.129,2.145,2.098,2.103,2.103,8536234.59,1811813.285
2023-07-21,159915,2.1,2.123,2.097,2.11,2.11,5375403.01,1134454.1
2023-07-24,159915,2.1,2.114,2.088,2.09,2.09,6242249.79,1308892.79
2023-07-25,159915,2.123,2.14,2.113,2.136,2.136,9349574.64,1988807.315
2023-07-26,159915,2.13,2.138,2.125,2.135,2.135,6837817.17,1458159.715
2023-07-27,159915,2.14,2.15,2.125,2.129,2.129,4941274.57,1056226.089
2023-07-28,159915,2.12,2.169,2.117,2.163,2.163,9366864.82,2013407.725
2023-07-31,159915,2.172,2.199,2.172,2.182,2.182,6609652.87,1445212.384
2023-08-01,159915,2.18,2.192,2.161,2.168,2.168,4864459.86,1058105.269
2023-08-02,159915,2.166,2.177,2.158,2.164,2.164,4060986.32,879593.775
2023-08-03,159915,2.158,2.187,2.158,2.187,2.187,4455753.12,969634.983
2023-08-04,159915,2.21,2.225,2.19,2.204,2.204,8867474.51,1959096.599
2023-08-07,159915,2.198,2.201,2.179,2.185,2.185,5951738.94,1301999.178
2023-08-08,159915,2.183,2.19,2.171,2.177,2.177,5264216.85,1147757.817
2023-08-09,159915,2.17,2.185,2.169,2.174,2.174,4116311.66,895238.679
2023-08-10,159915,2.173,2.186,2.165,2.184,2.184,4737376.27,1031790.345
2023-08-11,159915,2.187,2.187,2.129,2.129,2.129,7023687.27,1512087.616
2023-08-14,159915,2.112,2.115,2.087,2.113,2.113,7658516.96,1610654.413
2023-08-15,159915,2.112,2.116,2.078,2.096,2.096,6416058.73,1342676.081
2023-08-16,159915,2.085,2.102,2.08,2.082,2.082,4670579.83,976619.953
2023-08-17,159915,2.078,2.099,2.061,2.094,2.094,7563131.44,1574016.216
2023-08-18,159915,2.09,2.101,2.064,2.065,2.065,6226474.59,1297043.878
2023-08-21,159915,2.061,2.061,2.033,2.035,2.035,6871950.28,1407292.362
2023-08-22,159915,2.043,2.05,1.998,2.038,2.038,11460185.77,2319842.202
2023-08-23,159915,2.023,2.028,1.984,1.987,1.987,9056674.48,1816410.149
2023-08-24,159915,1.995,2.031,1.99,2.014,2.014,9914097.96,1994099.514
2023-08-25,159915,2.0,2.007,1.982,1.991,1.991,6827771.33,1362246.861
2023-08-28,159915,2.136,2.136,2.003,2.01,2.01,13123418.02,2700032.794
2023-08-29,159915,2.002,2.08,2.0,2.067,2.067,10960279.17,2248179.74
2023-08-30,159915,2.064,2.088,2.057,2.066,2.066,6586467.18,1364718.724
2023-08-31,159915,2.062,2.064,2.048,2.052,2.052,4098959.41,842366.262
2023-09-01,159915,2.058,2.068,2.04,2.049,2.049,3885205.05,797102.948
2023-09-04,159915,2.058,2.069,2.038,2.067,2.067,6799680.51,1398673.132
2023-09-05,159915,2.06,2.069,2.055,2.057,2.057,4350852.0,896796.27
2023-09-06,159915,2.05,2.053,2.037,2.049,2.049,4481242.58,916192.385
2023-09-07,159915,2.043,2.043,2.003,2.003,2.003,6253926.18,1262214.404
2023-09-08,159915,2.0,2.005,1.987,1.998,1.998,4690668.96,936024.552
2023-09-11,159915,2.0,2.025,1.99,2.011,2.011,5840379.29,1172438.835
2023-09-12,159915,2.007,2.012,1.997,1.998,1.998,4265937.99,854262.968
2023-09-13,159915,1.995,2.002,1.964,1.974,1.974,7345141.0,1453391.113
2023-09-14,159915,1.969,1.974,1.952,1.96,1.96,7055404.31,1383425.958
2023-09-15,159915,1.962,1.972,1.946,1.954,1.954,8965207.62,1753078.111
2023-09-18,159915,1.951,1.982,1.946,1.968,1.968,7729081.04,1521163.681
2023-09-19,159915,1.966,1.967,1.945,1.952,1.952,6882451.82,1343148.109
2023-09-20,159915,1.947,1.952,1.935,1.936,1.936,5492623.59,1066751.867
2023-09-21,159915,1.93,1.94,1.917,1.917,1.917,5594248.9,1077187.922
2023-09-22,159915,1.913,1.964,1.911,1.964,1.964,9745011.48,1892135.675
2023-09-25,159915,1.955,1.963,1.949,1.953,1.953,4760781.92,930583.695
2023-09-26,159915,1.951,1.958,1.938,1.938,1.938,4548459.02,884715.812
2023-09-27,159915,1.935,1.977,1.935,1.956,1.956,7918953.21,1549533.283
2023-09-28,159915,1.958,1.968,1.945,1.953,1.953,4960486.24,969167.462
2023-10-09,159915,1.95,1.956,1.928,1.947,1.947,5801127.21,1125998.597
2023-10-10,159915,1.954,1.962,1.936,1.938,1.938,4585177.75,893269.4
2023-10-11,159915,1.945,1.969,1.945,1.954,1.954,5787960.16,1132965.435
2023-10-12,159915,1.969,1.971,1.951,1.968,1.968,5099397.16,1001556.845
2023-10-13,159915,1.954,1.956,1.936,1.945,1.945,5708362.27,1110367.167
2023-10-16,159915,1.945,1.947,1.9,1.906,1.906,7719278.07,1479735.212
2023-10-17,159915,1.91,1.919,1.9,1.912,1.912,4152577.07,793332.534
2023-10-18,159915,1.906,1.906,1.885,1.887,1.887,5781098.25,1093760.513
2023-10-19,159915,1.878,1.887,1.864,1.867,1.867,7172697.67,1345516.353
2023-10-20,159915,1.86,1.874,1.845,1.85,1.85,7344155.0,1363194.269
2023-10-23,159915,1.845,1.845,1.806,1.815,1.815,9515481.55,1734577.39
2023-10-24,159915,1.818,1.842,1.812,1.832,1.832,8474433.61,1548311.385
2023-10-25,159915,1.844,1.848,1.814,1.815,1.815,9044607.24,1655296.717
2023-10-26,159915,1.802,1.83,1.793,1.829,1.829,8462440.15,1530249.533
2023-10-27,159915,1.82,1.888,1.816,1.881,1.881,13235087.41,2456974.471
2023-10-30,159915,1.874,1.933,1.874,1.926,1.926,14828830.41,2835314.842
2023-10-31,159915,1.92,1.923,1.907,1.916,1.916,4614183.14,883490.876
2023-11-01,159915,1.921,1.923,1.899,1.908,1.908,4354752.45,831878.499
2023-11-02,159915,1.912,1.922,1.889,1.89,1.89,4815026.47,916837.552
2023-11-03,159915,1.894,1.925,1.894,1.918,1.918,6255220.07,1196348.05
2023-11-06,159915,1.93,1.982,1.93,1.981,1.981,10733074.31,2108232.238
2023-11-07,159915,1.974,1.98,1.96,1.967,1.967,6945657.56,1367621.073
2023-11-08,159915,1.964,1.983,1.957,1.971,1.971,6967775.73,1374036.921
2023-11-09,159915,1.968,1.983,1.961,1.967,1.967,5760085.78,1134900.129
2023-11-10,159915,1.958,1.96,1.948,1.955,1.955,5055579.27,987856.579
2023-11-13,159915,1.965,1.97,1.945,1.958,1.958,5083840.42,994005.985
2023-11-14,159915,1.957,1.973,1.943,1.953,1.953,5992595.09,1173304.817
2023-11-15,159915,1.98,1.983,1.956,1.963,1.963,6513421.75,1282823.009
2023-11-16,159915,1.961,1.962,1.925,1.925,1.925,7428397.49,1439596.75
2023-11-17,159915,1.92,1.935,1.918,1.934,1.934,3698542.51,713018.364
2023-11-20,159915,1.934,1.947,1.918,1.942,1.942,6020103.87,1162760.021
2023-11-21,159915,1.949,1.962,1.928,1.931,1.931,7599572.42,1477950.38
2023-11-22,159915,1.923,1.93,1.899,1.899,1.899,7736299.87,1478989.71
2023-11-23,159915,1.898,1.912,1.891,1.911,1.911,5082926.78,966151.374
2023-11-24,159915,1.908,1.91,1.885,1.888,1.888,5475883.58,1036666.689
2023-11-27,159915,1.883,1.886,1.868,1.878,1.878,4792836.1,898970.208
2023-11-28,159915,1.874,1.89,1.87,1.89,1.89,4044167.55,760640.146
2023-11-29,159915,1.886,1.888,1.867,1.867,1.867,4509925.37,846641.825
2023-11-30,159915,1.869,1.884,1.863,1.874,1.874,4464594.0,836239.285
2023-12-01,159915,1.873,1.887,1.856,1.881,1.881,6312007.11,1181661.362
2023-12-04,159915,1.878,1.88,1.858,1.858,1.858,6568211.2,1226999.42
2023-12-05,159915,1.854,1.857,1.822,1.823,1.823,7334469.34,1349960.022
2023-12-06,159915,1.818,1.85,1.816,1.834,1.834,5351235.28,983248.292
2023-12-07,159915,1.828,1.841,1.817,1.829,1.829,5021060.61,917245.049
2023-12-08,159915,1.831,1.848,1.823,1.843,1.843,4918462.06,903724.816
2023-12-11,159915,1.836,1.872,1.819,1.868,1.868,9670300.82,1784431.94
2023-12-12,159915,1.861,1.865,1.851,1.856,1.856,6573033.04,1220686.878
2023-12-13,159915,1.85,1.85,1.822,1.822,1.822,6941014.15,1272670.98
2023-12-14,159915,1.833,1.846,1.812,1.812,1.812,5317267.88,971479.847
2023-12-15,159915,1.82,1.83,1.795,1.802,1.802,7355922.34,1331806.828
2023-12-18,159915,1.792,1.799,1.767,1.773,1.773,6636732.5,1182987.159
2023-12-19,159915,1.771,1.791,1.767,1.781,1.781,6635994.08,1178902.788
2023-12-20,159915,1.783,1.787,1.755,1.755,1.755,7435956.96,1314787.691
2023-12-21,159915,1.749,1.794,1.747,1.787,1.787,9659933.97,1712190.864
2023-12-22,159915,1.779,1.801,1.766,1.78,1.78,8841372.15,1576158.511
2023-12-25,159915,1.777,1.791,1.772,1.783,1.783,5703304.01,1015507.699
2023-12-26,159915,1.78,1.781,1.753,1.761,1.761,8185801.14,1442271.69
2023-12-27,159915,1.762,1.771,1.75,1.763,1.763,6536878.15,1150699.72
2023-12-28,159915,1.761,1.84,1.757,1.833,1.833,15884490.99,2875816.786
2023-12-29,159915,1.828,1.848,1.827,1.842,1.842,7493274.41,1378547.224
2024-01-02,159915,1.842,1.842,1.806,1.806,1.806,7089133.6,1289636.676
2024-01-03,159915,1.802,1.809,1.778,1.787,1.787,7887161.84,1412240.535
2024-01-04,159915,1.783,1.786,1.748,1.754,1.754,10753850.99,1892807.411
2024-01-05,159915,1.751,1.768,1.72,1.728,1.728,11806030.65,2058616.833
2024-01-08,159915,1.724,1.734,1.698,1.699,1.699,12421989.54,2127475.777
2024-01-09,159915,1.702,1.729,1.691,1.706,1.706,12561516.56,2143990.455
2024-01-10,159915,1.696,1.726,1.681,1.698,1.698,11066784.16,1886530.671
2024-01-11,159915,1.694,1.744,1.694,1.732,1.732,13703936.09,2359728.392
2024-01-12,159915,1.722,1.739,1.713,1.714,1.714,10125457.0,1746324.895
2024-01-15,159915,1.702,1.72,1.692,1.698,1.698,8517910.11,1451523.479
2024-01-16,159915,1.692,1.709,1.679,1.708,1.708,12847604.75,2176231.828
2024-01-17,159915,1.7,1.7,1.653,1.656,1.656,12653379.18,2123585.815
2024-01-18,159915,1.643,1.69,1.635,1.683,1.683,16880885.23,2794540.413
2024-01-19,159915,1.675,1.697,1.669,1.669,1.669,14864531.32,2498436.774
2024-01-22,159915,1.663,1.67,1.612,1.623,1.623,13022843.6,2144565.815
2024-01-23,159915,1.62,1.656,1.612,1.642,1.642,14088141.53,2311645.671
2024-01-24,159915,1.65,1.657,1.599,1.65,1.65,15021492.9,2449723.396
2024-01-25,159915,1.641,1.676,1.628,1.675,1.675,17851988.99,2958236.063
2024-01-26,159915,1.665,1.67,1.633,1.637,1.637,13965335.4,2307114.646
2024-01-29,159915,1.638,1.643,1.58,1.58,1.58,16865286.96,2705441.121
2024-01-30,159915,1.57,1.589,1.541,1.544,1.544,15955558.16,2493371.607
2024-01-31,159915,1.544,1.56,1.53,1.533,1.533,18661332.06,2884546.066
2024-02-01,159915,1.527,1.574,1.522,1.548,1.548,19813257.68,3070980.292
2024-02-02,159915,1.546,1.554,1.471,1.508,1.508,25536277.18,3868328.779
2024-02-05,159915,1.491,1.56,1.444,1.527,1.527,62847942.2,9548912.111
2024-02-06,159915,1.508,1.624,1.502,1.623,1.623,36880750.91,5835093.267
2024-02-07,159915,1.622,1.666,1.614,1.66,1.66,43618910.6,7203702.866
2024-02-08,159915,1.67,1.718,1.669,1.681,1.681,25603676.2,4328895.568
2024-02-19,159915,1.704,1.707,1.675,1.697,1.697,22819198.83,3851174.614
2024-02-20,159915,1.688,1.701,1.676,1.696,1.696,13329437.21,2253230.303
2024-02-21,159915,1.681,1.736,1.676,1.703,1.703,12371674.33,2116292.414
2024-02-22,159915,1.7,1.714,1.694,1.71,1.71,9607939.58,1636373.905
2024-02-23,159915,1.717,1.719,1.695,1.709,1.709,8398755.47,1432116.125
2024-02-26,159915,1.706,1.72,1.69,1.704,1.704,12311414.76,2098414.308
2024-02-27,159915,1.696,1.746,1.694,1.746,1.746,12148527.78,2089515.169
2024-02-28,159915,1.749,1.78,1.701,1.701,1.701,18649875.38,3255806.446
2024-02-29,159915,1.696,1.762,1.693,1.761,1.761,14247781.62,2471440.725
2024-03-01,159915,1.757,1.781,1.746,1.775,1.775,12881947.2,2273286.642
2024-03-04,159915,1.773,1.796,1.767,1.783,1.783,9626856.27,1715526.745
2024-03-05,159915,1.771,1.794,1.765,1.78,1.78,34464319.98,6145635.732
2024-03-06,159915,1.773,1.805,1.761,1.782,1.782,15007242.06,2665126.136
2024-03-07,159915,1.779,1.788,1.74,1.742,1.742,12194753.63,2142139.665
2024-03-08,159915,1.745,1.763,1.73,1.756,1.756,8227489.25,1438428.485
2024-03-11,159915,1.76,1.84,1.76,1.84,1.84,20127242.9,3627820.399
2024-03-12,159915,1.845,1.863,1.832,1.851,1.851,11138938.7,2058508.902
2024-03-13,159915,1.854,1.859,1.838,1.841,1.841,8936893.64,1650375.298
2024-03-14,159915,1.841,1.86,1.818,1.832,1.832,8278951.32,1520527.764
2024-03-15,159915,1.825,1.836,1.796,1.833,1.833,10764746.99,1953112.039
2024-03-18,159915,1.85,1.875,1.848,1.875,1.875,14211895.85,2643711.004
2024-03-19,159915,1.87,1.873,1.852,1.853,1.853,7903053.84,1474010.254
2024-03-20,159915,1.848,1.862,1.844,1.856,1.856,6171236.07,1143969.188
2024-03-21,159915,1.86,1.868,1.844,1.846,1.846,7108849.38,1316880.02
2024-03-22,159915,1.843,1.844,1.808,1.817,1.817,10667120.85,1943555.229
2024-03-25,159915,1.809,1.819,1.781,1.781,1.781,11583245.9,2087959.021
2024-03-26,159915,1.782,1.805,1.777,1.792,1.792,10141588.9,1815893.657
2024-03-27,159915,1.787,1.788,1.741,1.742,1.742,7599031.51,1339840.544
2024-03-28,159915,1.74,1.778,1.738,1.758,1.758,7390774.16,1300045.015
2024-03-29,159915,1.756,1.773,1.75,1.768,1.768,5988697.27,1055046.937
2024-04-01,159915,1.78,1.822,1.78,1.822,1.822,8830135.33,1596048.945
2024-04-02,159915,1.822,1.822,1.801,1.808,1.808,6401949.03,1158298.115
2024-04-03,159915,1.804,1.804,1.789,1.79,1.79,4609269.72,827315.04
2024-04-08,159915,1.785,1.789,1.756,1.758,1.758,5396913.31,955289.219
2024-04-09,159915,1.759,1.778,1.752,1.777,1.777,4864696.17,859278.565
2024-04-10,159915,1.774,1.774,1.731,1.739,1.739,9000052.81,1569964.687
2024-04-11,159915,1.725,1.752,1.725,1.731,1.731,7246190.07,1258500.432
2024-04-12,159915,1.73,1.74,1.711,1.713,1.713,7251323.73,1249364.654
2024-04-15,159915,1.712,1.757,1.712,1.746,1.746,11357926.22,1979130.289
2024-04-16,159915,1.74,1.742,1.709,1.713,1.713,7561462.36,1303733.28
2024-04-17,159915,1.718,1.748,1.718,1.747,1.747,6311059.56,1094935.987
2024-04-18,159915,1.739,1.759,1.717,1.738,1.738,7231806.29,1258117.106
2024-04-19,159915,1.725,1.728,1.692,1.705,1.705,8437474.5,1441227.373
2024-04-22,159915,1.695,1.718,1.687,1.703,1.703,5119593.06,872464.902
2024-04-23,159915,1.708,1.716,1.693,1.705,1.705,4772878.94,813383.061
2024-04-24,159915,1.709,1.72,1.696,1.719,1.719,5444651.44,930652.228
2024-04-25,159915,1.71,1.73,1.7,1.716,1.716,5916389.77,1015097.836
2024-04-26,159915,1.717,1.777,1.717,1.774,1.774,10455628.82,1835092.513
2024-04-29,159915,1.78,1.854,1.78,1.837,1.837,12330808.28,2249887.447
2024-04-30,159915,1.837,1.837,1.816,1.816,1.816,7158339.99,1307150.517
2024-05-06,159915,1.852,1.863,1.846,1.853,1.853,8690890.56,1611906.606
2024-05-07,159915,1.851,1.857,1.844,1.85,1.85,5551162.44,1027079.885
2024-05-08,159915,1.847,1.847,1.82,1.821,1.821,5926798.0,1083975.323
2024-05-09,159915,1.828,1.86,1.828,1.856,1.856,7593648.0,1404404.804
2024-05-10,159915,1.858,1.859,1.829,1.84,1.84,6345732.9,1166185.264
2024-05-13,159915,1.819,1.835,1.808,1.817,1.817,5506427.0,1003162.016
2024-05-14,159915,1.821,1.831,1.809,1.813,1.813,5137244.54,933390.406
2024-05-15,159915,1.814,1.823,1.795,1.797,1.797,6397223.65,1155215.878
2024-05-16,159915,1.806,1.819,1.794,1.801,1.801,6594688.8,1191189.941
2024-05-17,159915,1.795,1.825,1.791,1.824,1.824,7089806.47,1282770.696
2024-05-20,159915,1.828,1.844,1.823,1.831,1.831,8230897.81,1508793.859
2024-05-21,159915,1.826,1.831,1.813,1.818,1.818,4508420.56,820583.253
2024-05-22,159915,1.819,1.842,1.814,1.839,1.839,7434674.14,1358050.289
2024-05-23,159915,1.837,1.837,1.807,1.811,1.811,6599888.69,1199542.616
2024-05-24,159915,1.804,1.821,1.778,1.781,1.781,6828318.99,1226193.737
2024-05-27,159915,1.784,1.793,1.762,1.792,1.792,6219238.69,1104233.033
2024-05-28,159915,1.784,1.789,1.766,1.769,1.769,4237288.43,752314.72
2024-05-29,159915,1.768,1.793,1.765,1.772,1.772,6817607.0,1212774.232
2024-05-30,159915,1.772,1.783,1.767,1.777,1.777,4575191.0,811975.922
2024-05-31,159915,1.781,1.794,1.77,1.772,1.772,5199314.43,926361.099
2024-06-03,159915,1.769,1.786,1.764,1.782,1.782,5534371.46,983357.009
2024-06-04,159915,1.778,1.812,1.777,1.806,1.806,7450204.94,1338179.961
2024-06-05,159915,1.805,1.821,1.796,1.796,1.796,5298416.62,958489.684
2024-06-06,159915,1.804,1.808,1.778,1.785,1.785,6577509.19,1180252.982
2024-06-07,159915,1.784,1.786,1.729,1.748,1.748,10017844.58,1757294.815
2024-06-11,159915,1.735,1.757,1.727,1.752,1.752,6034655.1,1050263.763
2024-06-12,159915,1.746,1.754,1.742,1.743,1.743,3943802.0,689179.252
2024-06-13,159915,1.752,1.766,1.741,1.742,1.742,7245042.0,1267620.108
2024-06-14,159915,1.745,1.762,1.726,1.756,1.756,6487355.41,1130929.527
2024-06-17,159915,1.746,1.775,1.743,1.768,1.768,6088884.0,1074684.61
2024-06-18,159915,1.769,1.785,1.766,1.776,1.776,4924350.65,874882.847
2024-06-19,159915,1.781,1.783,1.752,1.753,1.753,6303647.1,1108481.83
2024-06-20,159915,1.75,1.758,1.727,1.728,1.728,5944620.1,1033472.874
2024-06-21,159915,1.725,1.729,1.709,1.723,1.723,6062895.0,1042667.756
2024-06-24,159915,1.711,1.721,1.693,1.696,1.696,7359958.42,1256397.082
2024-06-25,159915,1.694,1.698,1.657,1.666,1.666,8888545.7,1489330.687
2024-06-26,159915,1.665,1.7,1.662,1.699,1.699,7668658.83,1288964.862
2024-06-27,159915,1.689,1.689,1.669,1.67,1.67,7214332.64,1209479.321
2024-06-28,159915,1.665,1.688,1.647,1.652,1.652,7560790.6,1261766.761
2024-07-01,159915,1.648,1.658,1.621,1.65,1.65,8680997.09,1421609.503
2024-07-02,159915,1.643,1.652,1.627,1.633,1.633,6926317.51,1134882.672
2024-07-03,159915,1.633,1.645,1.616,1.629,1.629,7416437.74,1208017.83
2024-07-04,159915,1.633,1.643,1.615,1.616,1.616,7168738.65,1165540.3
2024-07-05,159915,1.615,1.63,1.601,1.623,1.623,8138205.37,1313878.496
2024-07-08,159915,1.615,1.62,1.592,1.596,1.596,7936130.42,1273747.612
2024-07-09,159915,1.594,1.629,1.584,1.62,1.62,11008809.92,1768440.724
2024-07-10,159915,1.609,1.636,1.608,1.618,1.618,7768890.0,1262057.167
2024-07-11,159915,1.64,1.664,1.627,1.654,1.654,9657456.52,1590536.255
2024-07-12,159915,1.648,1.661,1.64,1.653,1.653,8332843.52,1376375.909
2024-07-15,159915,1.644,1.648,1.633,1.64,1.64,7912562.44,1297951.1
2024-07-16,159915,1.638,1.665,1.637,1.664,1.664,8758555.45,1448026.916
2024-07-17,159915,1.66,1.674,1.653,1.663,1.663,7834299.81,1303083.813
2024-07-18,159915,1.653,1.687,1.649,1.686,1.686,20806962.28,3469057.541
2024-07-19,159915,1.673,1.699,1.672,1.692,1.692,14700685.45,2486560.315
2024-07-22,159915,1.693,1.702,1.679,1.693,1.693,7726956.73,1307253.171
2024-07-23,159915,1.691,1.691,1.639,1.64,1.64,7606748.58,1262944.817
2024-07-24,159915,1.634,1.651,1.614,1.619,1.619,6715404.05,1095298.51
2024-07-25,159915,1.61,1.627,1.607,1.614,1.614,5649907.56,912831.629
2024-07-26,159915,1.617,1.638,1.615,1.627,1.627,7502580.59,1220285.927
2024-07-29,159915,1.622,1.623,1.603,1.604,1.604,5724427.68,920370.352
2024-07-30,159915,1.6,1.607,1.591,1.601,1.601,6106035.38,975027.426
2024-07-31,159915,1.594,1.658,1.592,1.658,1.658,14320519.0,2339588.94
2024-08-01,159915,1.659,1.663,1.631,1.636,1.636,9030439.0,1484320.327
2024-08-02,159915,1.621,1.639,1.604,1.609,1.609,11190242.76,1810881.106
2024-08-05,159915,1.592,1.625,1.576,1.576,1.576,12579837.73,2010902.184
2024-08-06,159915,1.594,1.607,1.581,1.597,1.597,8932551.74,1423912.521
2024-08-07,159915,1.593,1.601,1.587,1.589,1.589,6887507.62,1098120.312
2024-08-08,159915,1.582,1.599,1.568,1.582,1.582,8938445.78,1413969.052
2024-08-09,159915,1.59,1.598,1.566,1.566,1.566,8196082.0,1294422.206
2024-08-12,159915,1.566,1.572,1.558,1.563,1.563,6462704.0,1011415.437
2024-08-13,159915,1.562,1.578,1.558,1.578,1.578,7636057.25,1195477.104
2024-08-14,159915,1.575,1.576,1.554,1.555,1.555,8798503.84,1373900.548
2024-08-15,159915,1.551,1.579,1.55,1.565,1.565,13802744.79,2158889.979
2024-08-16,159915,1.564,1.573,1.558,1.561,1.561,6554594.44,1025138.603
2024-08-19,159915,1.56,1.577,1.557,1.559,1.559,7943774.0,1244095.195
2024-08-20,159915,1.561,1.562,1.536,1.539,1.539,9367585.43,1447293.515
2024-08-21,159915,1.532,1.543,1.527,1.529,1.529,7341937.01,1125584.865
2024-08-22,159915,1.53,1.534,1.515,1.516,1.516,8555917.0,1301647.485
2024-08-23,159915,1.512,1.526,1.509,1.517,1.517,12097258.05,1835561.828
2024-08-26,159915,1.517,1.528,1.511,1.515,1.515,7052689.82,1070720.953
2024-08-27,159915,1.511,1.512,1.497,1.5,1.5,7951118.9,1194899.266
2024-08-28,159915,1.499,1.505,1.494,1.501,1.501,7883197.3,1182047.815
2024-08-29,159915,1.488,1.522,1.484,1.513,1.513,18401289.65,2770964.892
2024-08-30,159915,1.511,1.571,1.511,1.552,1.552,20670044.15,3199131.567
2024-09-02,159915,1.547,1.552,1.506,1.507,1.507,15867300.3,2416710.682
2024-09-03,159915,1.504,1.532,1.503,1.525,1.525,11015247.0,1675797.248
2024-09-04,159915,1.512,1.54,1.51,1.525,1.525,9785096.26,1492736.476
2024-09-05,159915,1.525,1.546,1.524,1.536,1.536,8624512.0,1323868.192
2024-09-06,159915,1.535,1.538,1.508,1.508,1.508,9896846.0,1503394.565
2024-09-09,159915,1.5,1.519,1.498,1.513,1.513,18135288.56,2736028.699
2024-09-10,159915,1.514,1.524,1.495,1.512,1.512,15412588.16,2323816.829
2024-09-11,159915,1.51,1.534,1.507,1.528,1.528,14352293.16,2187736.486
2024-09-12,159915,1.536,1.549,1.521,1.525,1.525,12617762.53,1936399.815
2024-09-13,159915,1.525,1.528,1.508,1.509,1.509,8784237.07,1332460.552
2024-09-18,159915,1.505,1.513,1.494,1.504,1.504,9657148.0,1451166.498
2024-09-19,159915,1.511,1.537,1.492,1.519,1.519,18394237.1,2789678.359
2024-09-20,159915,1.516,1.517,1.498,1.508,1.508,20920584.0,3150914.9
2024-09-23,159915,1.507,1.52,1.5,1.501,1.501,13035359.33,1967069.134
2024-09-24,159915,1.515,1.588,1.504,1.587,1.587,33377295.44,5158211.997
2024-09-25,159915,1.621,1.649,1.609,1.61,1.61,26730082.66,4346647.262
2024-09-26,159915,1.604,1.686,1.595,1.686,1.686,28442154.63,4662498.812
2024-09-27,159915,1.713,1.89,1.713,1.86,1.86,56125984.82,10096030.847
2024-09-30,159915,2.0,2.232,1.928,2.232,2.232,69772144.73,14533319.604
2024-10-08,159915,2.678,2.678,2.29,2.678,2.678,185677265.32,47486377.734
2024-10-09,159915,2.41,2.478,2.238,2.242,2.242,164618813.15,38584923.665
2024-10-10,159915,2.241,2.297,2.137,2.174,2.174,80625516.31,17811734.056
2024-10-11,159915,2.134,2.152,2.026,2.06,2.06,72995287.56,15183685.405
2024-10-14,159915,2.078,2.124,2.022,2.116,2.116,57004798.73,11851253.262
2024-10-15,159915,2.094,2.135,2.045,2.045,2.045,43784761.81,9145503.484
2024-10-16,159915,2.001,2.044,1.989,2.0,2.0,38151330.51,7664940.633
2024-10-17,159915,2.019,2.042,1.993,1.995,1.995,31361055.41,6333780.718
2024-10-18,159915,1.986,2.256,1.986,2.156,2.156,81695885.46,17246253.907
2024-10-21,159915,2.162,2.225,2.139,2.167,2.167,52905363.33,11510502.663
2024-10-22,159915,2.158,2.186,2.139,2.175,2.175,27314768.61,5911593.01
2024-10-23,159915,2.166,2.211,2.145,2.162,2.162,30454404.03,6623460.718
2024-10-24,159915,2.149,2.161,2.126,2.132,2.132,19996472.92,4281073.037
2024-10-25,159915,2.147,2.236,2.138,2.196,2.196,41856616.08,9158136.092
2024-10-28,159915,2.193,2.193,2.158,2.188,2.188,20357121.02,4432947.301
2024-10-29,159915,2.191,2.198,2.133,2.135,2.135,26794604.09,5783642.894
2024-10-30,159915,2.119,2.138,2.086,2.111,2.111,23065016.5,4870460.597
2024-10-31,159915,2.105,2.164,2.09,2.122,2.122,31276689.69,6665871.258
2024-11-01,159915,2.104,2.125,2.08,2.084,2.084,23885767.98,5027417.593
2024-11-04,159915,2.081,2.146,2.08,2.145,2.145,20837386.0,4424060.318
2024-11-05,159915,2.144,2.258,2.13,2.249,2.249,52481837.67,11653247.663
2024-11-06,159915,2.249,2.316,2.202,2.223,2.223,45986097.26,10389830.35
2024-11-07,159915,2.202,2.306,2.198,2.306,2.306,36027815.75,8123542.737
2024-11-08,159915,2.355,2.365,2.274,2.282,2.282,34984929.91,8113596.733
2024-11-11,159915,2.25,2.35,2.249,2.349,2.349,31861164.88,7362300.484
2024-11-12,159915,2.365,2.402,2.316,2.345,2.345,32230534.32,7623609.143
2024-11-13,159915,2.325,2.381,2.3,2.372,2.372,28539851.35,6672901.458
2024-11-14,159915,2.37,2.372,2.285,2.288,2.288,21661198.64,5043001.876
2024-11-15,159915,2.276,2.294,2.201,2.204,2.204,27246692.11,6126017.644
2024-11-18,159915,2.205,2.219,2.132,2.149,2.149,28609468.63,6207444.237
2024-11-19,159915,2.155,2.219,2.132,2.215,2.215,31529902.14,6860088.378
2024-11-20,159915,2.201,2.24,2.195,2.223,2.223,23956978.76,5309861.882
2024-11-21,159915,2.213,2.237,2.206,2.223,2.223,15526238.95,3449564.223
2024-11-22,159915,2.218,2.226,2.133,2.136,2.136,20256843.08,4419031.313
2024-11-25,159915,2.14,2.151,2.1,2.132,2.132,19946017.12,4239346.267
2024-11-26,159915,2.122,2.146,2.107,2.109,2.109,13881307.68,2950218.247
2024-11-27,159915,2.1,2.167,2.079,2.165,2.165,23812604.78,5063215.465
2024-11-28,159915,2.162,2.165,2.124,2.128,2.128,15812141.59,3390963.014
2024-11-29,159915,2.122,2.221,2.12,2.179,2.179,30698302.07,6686251.148
2024-12-02,159915,2.172,2.218,2.166,2.211,2.211,20748569.13,4569798.1
2024-12-03,159915,2.211,2.219,2.182,2.198,2.198,15916814.12,3502377.944
2024-12-04,159915,2.195,2.203,2.161,2.17,2.17,14083118.22,3072274.746
2024-12-05,159915,2.167,2.195,2.163,2.177,2.177,10881279.8,2370569.445
2024-12-06,159915,2.18,2.247,2.17,2.224,2.224,25903279.32,5742016.666
2024-12-09,159915,2.219,2.23,2.185,2.206,2.206,14918244.13,3292494.593
2024-12-10,159915,2.32,2.32,2.214,2.221,2.221,35328842.51,7987491.172
2024-12-11,159915,2.215,2.235,2.209,2.218,2.218,14406912.44,3197772.57
2024-12-12,159915,2.217,2.258,2.212,2.248,2.248,19109548.45,4274890.548
2024-12-13,159915,2.231,2.233,2.19,2.193,2.193,17805550.11,3936277.775
2024-12-16,159915,2.19,2.192,2.148,2.158,2.158,12552536.61,2716261.843
2024-12-17,159915,2.156,2.189,2.153,2.159,2.159,16959954.91,3681413.047
2024-12-18,159915,2.167,2.173,2.15,2.158,2.158,10734338.14,2318259.676
2024-12-19,159915,2.137,2.178,2.132,2.171,2.171,14482075.91,3123320.233
2024-12-20,159915,2.166,2.19,2.157,2.169,2.169,12555581.93,2726937.858
2024-12-23,159915,2.163,2.18,2.142,2.147,2.147,13008414.0,2810536.45
2024-12-24,159915,2.148,2.172,2.143,2.17,2.17,15581879.82,3361542.138
2024-12-25,159915,2.173,2.175,2.144,2.156,2.156,11594528.44,2502557.662
2024-12-26,159915,2.16,2.176,2.152,2.166,2.166,10655083.75,2309054.269
2024-12-27,159915,2.166,2.192,2.154,2.163,2.163,14826587.99,3218106.312
2024-12-30,159915,2.158,2.174,2.155,2.165,2.165,10202963.18,2207790.488
2024-12-31,159915,2.162,2.165,2.101,2.102,2.102,19047475.73,4056325.483
2025-01-02,159915,2.096,2.097,2.0,2.019,2.019,22999092.69,4709844.391
2025-01-03,159915,2.02,2.027,1.976,1.978,1.978,20166723.9,4033494.99
2025-01-06,159915,1.978,1.994,1.962,1.976,1.976,16794769.0,3322854.221
2025-01-07,159915,1.965,1.99,1.951,1.99,1.99,16954313.21,3344010.729
2025-01-08,159915,1.975,1.99,1.925,1.968,1.968,22795328.95,4466166.489
2025-01-09,159915,1.956,1.985,1.954,1.971,1.971,13525681.36,2671984.315
2025-01-10,159915,1.967,1.983,1.938,1.938,1.938,12061622.09,2366472.762
2025-01-13,159915,1.916,1.959,1.916,1.942,1.942,13517608.25,2622517.596
2025-01-14,159915,1.95,2.037,1.942,2.036,2.036,28363154.55,5666356.597
2025-01-15,159915,2.022,2.025,1.992,1.999,1.999,17505190.97,3511330.421
2025-01-16,159915,2.009,2.044,1.99,2.01,2.01,19330738.44,3896733.94
2025-01-17,159915,1.999,2.043,1.998,2.026,2.026,16072144.73,3249604.106
2025-01-20,159915,2.047,2.077,2.046,2.062,2.062,19351278.01,3993926.764
2025-01-21,159915,2.081,2.083,2.048,2.07,2.07,10659994.29,2200295.029
2025-01-22,159915,2.063,2.069,2.041,2.059,2.059,11106114.38,2281647.143
2025-01-23,159915,2.082,2.11,2.052,2.052,2.052,17381340.66,3618632.283
2025-01-24,159915,2.045,2.092,2.044,2.084,2.084,15011413.44,3113708.667
2025-01-27,159915,2.086,2.087,2.028,2.028,2.028,14246932.01,2922348.703
2025-02-05,159915,2.043,2.047,2.016,2.024,2.024,11049675.02,2240818.342
2025-02-06,159915,2.022,2.082,2.017,2.08,2.08,17017749.51,3505456.955
2025-02-07,159915,2.08,2.159,2.08,2.131,2.131,27469983.48,5838438.1
2025-02-10,159915,2.14,2.147,2.114,2.142,2.142,13228398.17,2821357.497
2025-02-11,159915,2.141,2.142,2.11,2.113,2.113,10674532.35,2260595.044
2025-02-12,159915,2.107,2.154,2.101,2.15,2.15,15623364.4,3322841.476
2025-02-13,159915,2.145,2.163,2.133,2.135,2.135,14983655.82,3217541.986
2025-02-14,159915,2.134,2.181,2.132,2.174,2.174,21577860.96,4668509.747
2025-02-17,159915,2.198,2.2,2.166,2.182,2.182,16500526.95,3606618.049
2025-02-18,159915,2.178,2.19,2.131,2.14,2.14,13363110.44,2892733.135
2025-02-19,159915,2.136,2.186,2.133,2.185,2.185,13819063.67,2996598.071
2025-02-20,159915,2.179,2.191,2.161,2.184,2.184,10073319.83,2194588.122
2025-02-21,159915,2.185,2.242,2.185,2.239,2.239,18182522.73,4035502.065
2025-02-24,159915,2.232,2.24,2.201,2.221,2.221,15447323.65,3431453.112
2025-02-25,159915,2.189,2.222,2.185,2.197,2.197,14558335.9,3203034.929
2025-02-26,159915,2.199,2.225,2.19,2.223,2.223,13441085.88,2970832.858
2025-02-27,159915,2.224,2.237,2.183,2.212,2.212,13424834.72,2963835.96
2025-02-28,159915,2.197,2.198,2.123,2.128,2.128,18951792.14,4095199.129
2025-03-03,159915,2.133,2.189,2.12,2.154,2.154,20129436.56,4353725.07
2025-03-04,159915,2.131,2.151,2.12,2.149,2.149,10755615.54,2299059.817
2025-03-05,159915,2.147,2.159,2.131,2.149,2.149,9583045.31,2053850.546
2025-03-06,159915,2.162,2.2,2.16,2.191,2.191,17630606.23,3849695.006
2025-03-07,159915,2.181,2.183,2.152,2.16,2.16,12596179.35,2731623.95
2025-03-10,159915,2.166,2.174,2.14,2.159,2.159,10578257.06,2277006.445
2025-03-11,159915,2.135,2.161,2.131,2.159,2.159,11097011.87,2382242.786
2025-03-12,159915,2.17,2.172,2.148,2.149,2.149,10441195.31,2254199.739
2025-03-13,159915,2.146,2.158,2.113,2.125,2.125,11140607.01,2373852.235
2025-03-14,159915,2.125,2.19,2.12,2.186,2.186,19647220.65,4259564.96
2025-03-17,159915,2.188,2.191,2.169,2.173,2.173,10186892.0,2217737.744
2025-03-18,159915,2.182,2.201,2.173,2.185,2.185,11167340.54,2442376.91
2025-03-19,159915,2.181,2.195,2.166,2.178,2.178,9564472.33,2084327.408
2025-03-20,159915,2.178,2.18,2.155,2.158,2.158,8744021.55,1894715.234
2025-03-21,159915,2.153,2.159,2.108,2.112,2.112,14212017.2,3023428.322
2025-03-24,159915,2.11,2.118,2.084,2.112,2.112,9427422.71,1982939.078
2025-03-25,159915,2.112,2.123,2.094,2.105,2.105,9336351.7,1967146.654
2025-03-26,159915,2.1,2.117,2.097,2.098,2.098,8839484.52,1861535.855
2025-03-27,159915,2.093,2.125,2.076,2.103,2.103,9348640.47,1963608.469
2025-03-28,159915,2.101,2.112,2.087,2.089,2.089,8162006.0,1710499.76
2025-03-31,159915,2.079,2.083,2.047,2.064,2.064,12318221.43,2541748.556
2025-04-01,159915,2.067,2.087,2.06,2.062,2.062,9304838.77,1927320.561
2025-04-02,159915,2.062,2.081,2.057,2.064,2.064,7303188.17,1510412.683
2025-04-03,159915,2.042,2.057,2.018,2.027,2.027,15626422.78,3181472.986
2025-04-07,159915,1.93,1.931,1.721,1.775,1.775,69505867.6,12659759.619
2025-04-08,159915,1.792,1.844,1.777,1.804,1.804,29297322.12,5298034.547
2025-04-09,159915,1.762,1.838,1.743,1.823,1.823,31929857.07,5760841.736
2025-04-10,159915,1.88,1.908,1.86,1.863,1.863,29094618.25,5475498.059
2025-04-11,159915,1.845,1.907,1.844,1.892,1.892,18605348.88,3492329.847
2025-04-14,159915,1.915,1.919,1.892,1.895,1.895,13033280.59,2481540.1
2025-04-15,159915,1.895,1.903,1.881,1.893,1.893,9943364.04,1879135.556
2025-04-16,159915,1.885,1.885,1.844,1.87,1.87,17281809.34,3218073.684
2025-04-17,159915,1.859,1.887,1.856,1.873,1.873,11084083.92,2081248.946
2025-04-18,159915,1.865,1.881,1.862,1.878,1.878,8888569.81,1664135.335
2025-04-21,159915,1.874,1.91,1.865,1.908,1.908,12287906.51,2328928.107
2025-04-22,159915,1.903,1.911,1.895,1.899,1.899,8689826.66,1652435.884
2025-04-23,159915,1.917,1.933,1.906,1.919,1.919,15179640.84,2915749.902
2025-04-24,159915,1.916,1.929,1.902,1.907,1.907,12207396.38,2336068.859
2025-04-25,159915,1.913,1.932,1.908,1.92,1.92,12024520.0,2309659.993
2025-04-28,159915,1.918,1.921,1.901,1.906,1.906,6991261.0,1334167.133
2025-04-29,159915,1.902,1.912,1.895,1.903,1.903,6795070.27,1293918.095
2025-04-30,159915,1.905,1.926,1.904,1.921,1.921,10655595.28,2044909.416
2025-05-06,159915,1.936,1.959,1.935,1.958,1.958,10395144.55,2026370.673
2025-05-07,159915,1.995,2.007,1.953,1.967,1.967,17348732.21,3426132.326
2025-05-08,159915,1.963,2.006,1.961,2.001,2.001,15804046.68,3148925.965
2025-05-09,159915,2.0,2.001,1.975,1.984,1.984,8209132.01,1629568.541
2025-05-12,159915,2.013,2.037,2.007,2.037,2.037,15584948.86,3149770.589
2025-05-13,159915,2.062,2.065,2.027,2.03,2.03,10952121.69,2234622.684
2025-05-14,159915,2.032,2.074,2.021,2.054,2.054,12210653.38,2496059.354
2025-05-15,159915,2.046,2.047,2.012,2.012,2.012,8533395.14,1727955.312
2025-05-16,159915,2.006,2.02,2.005,2.008,2.008,5946975.16,1197218.183
2025-05-19,159915,2.006,2.008,1.988,2.002,2.002,7379949.9,1474714.685
2025-05-20,159915,2.009,2.031,1.997,2.018,2.018,7844446.46,1580369.547
2025-05-21,159915,2.02,2.047,2.019,2.034,2.034,10241285.12,2083759.005
2025-05-22,159915,2.036,2.037,2.014,2.016,2.016,5615394.03,1135814.241
2025-05-23,159915,2.015,2.03,1.994,1.994,1.994,7272379.04,1463619.654
2025-05-26,159915,1.99,1.997,1.965,1.977,1.977,7532962.12,1489711.308
2025-05-27,159915,1.976,1.976,1.957,1.967,1.967,7464291.14,1466776.07
2025-05-28,159915,1.969,1.975,1.956,1.959,1.959,7195167.54,1414015.463
2025-05-29,159915,1.962,1.991,1.961,1.989,1.989,9341379.46,1850177.077
2025-05-30,159915,1.98,1.98,1.963,1.972,1.972,6612254.55,1303691.548
2025-06-03,159915,1.961,1.987,1.96,1.977,1.977,5758778.29,1139384.009
2025-06-04,159915,1.983,2.006,1.982,2.0,2.0,7389093.33,1475808.291
2025-06-05,159915,2.001,2.029,1.989,2.023,2.023,8084529.49,1624628.22
2025-06-06,159915,2.022,2.027,2.01,2.017,2.017,5147504.01,1037863.344
2025-06-09,159915,2.02,2.051,2.02,2.034,2.034,8445346.84,1721674.806
2025-06-10,159915,2.034,2.041,1.999,2.012,2.012,9385022.85,1894152.205
2025-06-11,159915,2.016,2.053,2.016,2.038,2.038,8732720.46,1781856.917
2025-06-12,159915,2.033,2.052,2.027,2.04,2.04,6124760.4,1250732.89
2025-06-13,159915,2.033,2.042,2.015,2.02,2.02,7302115.3,1480102.735
2025-06-16,159915,2.019,2.039,2.016,2.037,2.037,4976447.94,1011261.424
2025-06-17,159915,2.04,2.041,2.023,2.028,2.028,4252574.74,863471.367
2025-06-18,159915,2.027,2.038,2.017,2.034,2.034,4931127.27,999608.205
2025-06-19,159915,2.028,2.036,2.0,2.005,2.005,6989479.02,1408373.55
2025-06-20,159915,2.005,2.015,1.987,1.988,1.988,5926744.0,1183215.437
2025-06-23,159915,1.98,2.001,1.975,1.998,1.998,6068657.2,1207204.147
2025-06-24,159915,2.004,2.044,2.003,2.044,2.044,12388429.43,2518135.496
2025-06-25,159915,2.05,2.113,2.05,2.109,2.109,16381972.67,3406556.996
2025-06-26,159915,2.109,2.121,2.092,2.093,2.093,11040739.01,2325635.079
2025-06-27,159915,2.1,2.125,2.091,2.101,2.101,11326780.36,2389373.181
2025-06-30,159915,2.11,2.134,2.106,2.133,2.133,10634131.34,2255934.78
2025-07-01,159915,2.128,2.131,2.112,2.126,2.126,6758007.51,1434048.675
2025-07-02,159915,2.123,2.123,2.097,2.104,2.104,6869307.71,1445894.926
2025-07-03,159915,2.11,2.147,2.108,2.141,2.141,10437515.82,2221641.222
2025-07-04,159915,2.141,2.167,2.131,2.133,2.133,10770846.73,2308805.613
2025-07-07,159915,2.126,2.134,2.106,2.11,2.11,7631513.65,1613281.87
2025-07-08,159915,2.109,2.161,2.107,2.159,2.159,12591227.42,2700369.075
2025-07-09,159915,2.157,2.183,2.155,2.163,2.163,11223645.24,2435284.014
2025-07-10,159915,2.17,2.179,2.153,2.169,2.169,8455356.37,1830798.185
2025-07-11,159915,2.169,2.202,2.159,2.185,2.185,11419299.26,2493790.368
2025-07-14,159915,2.18,2.187,2.167,2.177,2.177,6661324.75,1449095.599
2025-07-15,159915,2.184,2.223,2.184,2.212,2.212,14273177.46,3151896.334
2025-07-16,159915,2.217,2.237,2.205,2.206,2.206,8014570.56,1778554.12
2025-07-17,159915,2.205,2.247,2.204,2.247,2.247,9615693.62,2146267.403
2025-07-18,159915,2.256,2.274,2.241,2.252,2.252,9440409.57,2131513.001
2025-07-21,159915,2.258,2.275,2.251,2.275,2.275,9911441.98,2244881.619
2025-07-22,159915,2.274,2.291,2.267,2.289,2.289,10784624.81,2460630.715
2025-07-23,159915,2.288,2.31,2.281,2.287,2.287,12335622.31,2829799.317
2025-07-24,159915,2.297,2.325,2.291,2.325,2.325,10346952.3,2386144.788
2025-07-25,159915,2.326,2.326,2.308,2.318,2.318,7610292.32,1763030.434
2025-07-28,159915,2.322,2.344,2.311,2.342,2.342,8647995.3,2015532.116
2025-07-29,159915,2.338,2.384,2.332,2.383,2.383,10423052.53,2458006.719
2025-07-30,159915,2.378,2.378,2.325,2.345,2.345,17952943.39,4225955.58
2025-07-31,159915,2.354,2.37,2.299,2.301,2.301,19803836.19,4628163.692
2025-08-01,159915,2.296,2.324,2.281,2.303,2.303,11371253.38,2620619.508
2025-08-04,159915,2.285,2.313,2.282,2.313,2.313,7651038.95,1755984.115
2025-08-05,159915,2.326,2.328,2.3,2.32,2.32,10464315.24,2423350.452
2025-08-06,159915,2.314,2.338,2.312,2.336,2.336,8691742.4,2023667.991
2025-08-07,159915,2.338,2.35,2.3,2.32,2.32,11035688.55,2561935.101
2025-08-08,159915,2.314,2.331,2.307,2.312,2.312,7461764.13,1728760.97
2025-08-11,159915,2.317,2.362,2.312,2.357,2.357,11597518.41,2719858.28
2025-08-12,159915,2.358,2.385,2.345,2.385,2.385,11120494.74,2635788.948
2025-08-13,159915,2.395,2.475,2.391,2.473,2.473,18976850.98,4624232.806
2025-08-14,159915,2.473,2.489,2.438,2.446,2.446,14892826.6,3670028.994
2025-08-15,159915,2.435,2.518,2.435,2.509,2.509,14271172.83,3545929.725
2025-08-18,159915,2.52,2.608,2.504,2.582,2.582,22969315.19,5893785.524
2025-08-19,159915,2.575,2.61,2.561,2.575,2.575,16354090.32,4222774.162
2025-08-20,159915,2.551,2.588,2.524,2.588,2.588,20594441.26,5260550.95
2025-08-21,159915,2.589,2.605,2.558,2.572,2.572,18828043.91,4859237.813
2025-08-22,159915,2.566,2.663,2.563,2.662,2.662,21659089.4,5681941.123
2025-08-25,159915,2.693,2.76,2.675,2.737,2.737,27514140.23,7457636.148
2025-08-26,159915,2.727,2.75,2.702,2.716,2.716,20918321.59,5706483.427
2025-08-27,159915,2.716,2.796,2.696,2.696,2.696,29434775.89,8091776.959
2025-08-28,159915,2.68,2.807,2.677,2.806,2.806,26820207.71,7337066.72
2025-08-29,159915,2.799,2.909,2.78,2.865,2.865,24760607.62,7050495.859
2025-09-01,159915,2.88,2.932,2.859,2.927,2.927,20641011.71,5979182.419
2025-09-02,159915,2.922,2.954,2.815,2.848,2.848,30202205.27,8691244.493
2025-09-03,159915,2.852,2.899,2.832,2.87,2.87,29187032.47,8367566.301
2025-09-04,159915,2.899,2.93,2.716,2.751,2.751,35046019.3,9856433.542
2025-09-05,159915,2.75,2.947,2.749,2.944,2.944,27420788.99,7802431.01
2025-09-08,159915,2.946,2.951,2.856,2.908,2.908,24968781.53,7234949.538
2025-09-09,159915,2.866,2.898,2.818,2.845,2.845,17046754.52,4870733.789
2025-09-10,159915,2.857,2.9,2.833,2.875,2.875,18595793.8,5345322.586
2025-09-11,159915,2.883,3.027,2.871,3.025,3.025,26297372.83,7786806.668
2025-09-12,159915,3.01,3.033,2.982,2.995,2.995,21253622.96,6394148.106
2025-09-15,159915,3.006,3.08,3.006,3.037,3.037,17136620.26,5227741.888
2025-09-16,159915,3.039,3.064,2.993,3.059,3.059,18886349.8,5729177.909
2025-09-17,159915,3.055,3.125,3.036,3.119,3.119,16687572.76,5154304.123
2025-09-18,159915,3.115,3.141,3.024,3.067,3.067,27190631.97,8408306.052
2025-09-19,159915,3.067,3.101,3.046,3.062,3.062,17122317.71,5266798.692
2025-09-22,159915,3.068,3.082,3.026,3.082,3.082,13820787.42,4228087.84
2025-09-23,159915,3.115,3.13,3.015,3.093,3.093,22320034.21,6865555.807
2025-09-24,159915,3.063,3.162,3.061,3.16,3.16,19449895.13,6065237.036
2025-09-25,159915,3.15,3.24,3.134,3.211,3.211,16257324.22,5199641.84
2025-09-26,159915,3.193,3.226,3.126,3.129,3.129,16927558.81,5368043.518
2025-09-29,159915,3.126,3.233,3.126,3.213,3.213,16328471.3,5208289.767
2025-09-30,159915,3.221,3.254,3.194,3.217,3.217,12401711.75,3995389.305
2025-10-09,159915,3.217,3.297,3.217,3.235,3.235,17435665.68,5667232.67
2025-10-10,159915,3.201,3.217,3.072,3.095,3.095,22276431.25,6981652.423
2025-10-13,159915,2.952,3.073,2.951,3.054,3.054,22235482.67,6730538.313
2025-10-14,159915,3.093,3.106,2.92,2.934,2.934,24116472.85,7241505.142
2025-10-15,159915,2.932,3.01,2.905,3.003,3.003,18770042.8,5552036.995
2025-10-16,159915,2.984,3.044,2.978,3.014,3.014,15488703.53,4670184.542
2025-10-17,159915,3.002,3.021,2.91,2.915,2.915,15526406.74,4576629.143
2025-10-20,159915,2.976,3.02,2.948,2.971,2.971,15566786.78,4642754.506
2025-10-21,159915,2.999,3.078,2.972,3.062,3.062,17359633.11,5272466.544
2025-10-22,159915,3.037,3.067,3.02,3.039,3.039,11741287.49,3571697.635
2025-10-23,159915,3.021,3.045,2.98,3.038,3.038,9985457.86,3006639.972
2025-10-24,159915,3.069,3.147,3.058,3.147,3.147,14948804.9,4637974.087
2025-10-27,159915,3.209,3.218,3.155,3.209,3.209,15096684.63,4823568.5
2025-10-28,159915,3.189,3.258,3.181,3.205,3.205,13533297.04,4352354.39
2025-10-29,159915,3.235,3.3,3.234,3.3,3.3,13701356.46,4473209.146
2025-10-30,159915,3.296,3.308,3.235,3.239,3.239,14068839.99,4602035.005
2025-10-31,159915,3.235,3.258,3.164,3.166,3.166,14956428.75,4795957.339
2025-11-03,159915,3.152,3.178,3.098,3.176,3.176,12919887.94,4057838.467
2025-11-04,159915,3.166,3.184,3.087,3.112,3.112,12779002.58,3999079.271
2025-11-05,159915,3.06,3.157,3.046,3.142,3.142,13128614.92,4073292.025
2025-11-06,159915,3.158,3.213,3.153,3.201,3.201,13344229.74,4251348.431
2025-11-07,159915,3.184,3.218,3.155,3.185,3.185,9705146.2,3090346.851
2025-11-10,159915,3.2,3.215,3.117,3.158,3.158,11746888.49,3697770.213
2025-11-11,159915,3.175,3.188,3.107,3.113,3.113,10573097.79,3323335.999
2025-11-12,159915,3.095,3.116,3.058,3.108,3.108,11814661.17,3648762.909
2025-11-13,159915,3.094,3.188,3.086,3.182,3.182,16018682.61,5045454.815
2025-11-14,159915,3.146,3.146,3.091,3.093,3.093,12217522.98,3818689.061
2025-11-17,159915,3.074,3.101,3.06,3.084,3.084,9828891.05,3024962.848
2025-11-18,159915,3.069,3.095,3.032,3.051,3.051,12524586.81,3834326.363
2025-11-19,159915,3.051,3.092,3.041,3.057,3.057,13254195.41,4059815.545
2025-11-20,159915,3.106,3.113,3.019,3.026,3.026,13808022.67,4222309.799
2025-11-21,159915,2.99,2.99,2.903,2.904,2.904,23813254.32,7001980.047
2025-11-24,159915,2.925,2.932,2.873,2.908,2.908,15108008.87,4394186.366
2025-11-25,159915,2.951,3.008,2.94,2.961,2.961,21847137.31,6485664.185
2025-11-26,159915,2.955,3.061,2.943,3.027,3.027,18263483.17,5496575.403
2025-11-27,159915,3.018,3.093,3.007,3.012,3.012,12497687.16,3812794.596
2025-11-28,159915,3.008,3.048,2.993,3.035,3.035,9092535.4,2745371.289
2025-12-01,159915,3.044,3.074,3.017,3.073,3.073,10046772.36,3065143.123
2025-12-02,159915,3.075,3.075,3.036,3.052,3.052,6232245.65,1904764.495
2025-12-03,159915,3.058,3.086,3.01,3.019,3.019,7761190.12,2361211.728
2025-12-04,159915,3.014,3.056,2.997,3.051,3.051,8084379.62,2449923.929
2025-12-05,159915,3.063,3.098,3.028,3.089,3.089,8738436.62,2681407.787
2025-12-08,159915,3.101,3.194,3.099,3.171,3.171,12681256.41,4001557.936
2025-12-09,159915,3.168,3.215,3.153,3.188,3.188,10825660.9,3451146.148
2025-12-10,159915,3.185,3.2,3.124,3.192,3.192,8529586.07,2694949.38
2025-12-11,159915,3.192,3.226,3.145,3.146,3.146,9362313.49,2993222.526
2025-12-12,159915,3.152,3.186,3.12,3.174,3.174,10110131.42,3194779.883
2025-12-15,159915,3.14,3.167,3.119,3.12,3.12,7984532.4,2506448.325
2025-12-16,159915,3.112,3.125,3.043,3.06,3.06,13098986.81,4025761.889
2025-12-17,159915,3.057,3.165,3.054,3.164,3.164,15861636.74,4937699.275
2025-12-18,159915,3.134,3.14,3.092,3.092,3.092,13805173.91,4297352.252
2025-12-19,159915,3.118,3.141,3.096,3.107,3.107,10670931.03,3326085.605
2025-12-22,159915,3.135,3.18,3.135,3.175,3.175,13260798.91,4197241.564
2025-12-23,159915,3.18,3.21,3.166,3.185,3.185,9460188.2,3015016.523
2025-12-24,159915,3.194,3.219,3.177,3.212,3.212,7828621.19,2505014.135
2025-12-25,159915,3.21,3.234,3.184,3.222,3.222,8825070.27,2835992.188
2025-12-26,159915,3.222,3.252,3.202,3.226,3.226,9532783.67,3075750.266
2025-12-29,159915,3.217,3.234,3.19,3.205,3.205,9520732.48,3055961.797
2025-12-30,159915,3.19,3.234,3.19,3.229,3.229,11809654.7,3800219.967
2025-12-31,159915,3.23,3.239,3.182,3.186,3.186,7178897.14,2302045.752
2026-01-05,159915,3.215,3.281,3.21,3.281,3.281,10935771.25,3551323.048
2026-01-06,159915,3.278,3.305,3.249,3.303,3.303,13170597.79,4324236.362
2026-01-07,159915,3.311,3.336,3.281,3.311,3.311,12270467.4,4059296.356
2026-01-08,159915,3.291,3.313,3.27,3.287,3.287,11039129.63,3632320.85
2026-01-09,159915,3.269,3.315,3.253,3.314,3.314,15451462.54,5087072.562
2026-01-12,159915,3.314,3.387,3.267,3.371,3.371,21937201.24,7314374.488
2026-01-13,159915,3.372,3.402,3.291,3.306,3.306,19314672.8,6466148.012
2026-01-14,159915,3.307,3.388,3.292,3.332,3.332,28740078.68,9606956.789
2026-01-15,159915,3.306,3.359,3.293,3.352,3.352,38865232.69,12904865.517
2026-01-16,159915,3.382,3.394,3.337,3.346,3.346,40925187.6,13720977.212
2026-01-19,159915,3.327,3.369,3.31,3.318,3.318,19437417.67,6480798.73
2026-01-20,159915,3.319,3.335,3.242,3.263,3.263,23282674.55,7628206.634
2026-01-21,159915,3.243,3.315,3.242,3.281,3.281,11950615.29,3933094.023
2026-01-22,159915,3.298,3.323,3.264,3.315,3.315,17919800.17,5894354.074
2026-01-23,159915,3.322,3.337,3.304,3.337,3.337,9079938.9,3018742.908
2026-01-26,159915,3.352,3.355,3.292,3.305,3.305,16782456.55,5559095.524
2026-01-27,159915,3.31,3.352,3.263,3.327,3.327,17652714.7,5853388.037
2026-01-28,159915,3.342,3.345,3.29,3.307,3.307,19496401.7,6465046.669
2026-01-29,159915,3.297,3.342,3.284,3.292,3.292,16261187.43,5378675.115
2026-01-30,159915,3.286,3.355,3.241,3.335,3.335,12918380.77,4271421.135
2026-02-02,159915,3.338,3.376,3.248,3.252,3.252,11487593.49,3801816.673
2026-02-03,159915,3.302,3.32,3.238,3.313,3.313,12015892.98,3952454.659
2026-02-04,159915,3.29,3.307,3.233,3.297,3.297,11797862.09,3852326.602
2026-02-05,159915,3.264,3.278,3.227,3.238,3.238,9852893.6,3200834.323
2026-02-06,159915,3.21,3.275,3.187,3.229,3.229,8785306.33,2843474.221
2026-02-09,159915,3.288,3.327,3.263,3.321,3.321,9896213.32,3265112.642
2026-02-10,159915,3.327,3.335,3.307,3.311,3.311,5381155.5,1786183.382
2026-02-11,159915,3.3,3.312,3.272,3.273,3.273,8118673.03,2669085.869
2026-02-12,159915,3.28,3.323,3.277,3.319,3.319,9516282.47,3145580.564
2026-02-13,159915,3.303,3.313,3.263,3.265,3.265,9359663.63,3077154.441
2026-02-24,159915,3.318,3.331,3.282,3.295,3.295,9249639.54,3059400.028
2026-02-25,159915,3.301,3.352,3.293,3.344,3.344,11022264.04,3669068.17
2026-02-26,159915,3.338,3.343,3.301,3.336,3.336,8912843.1,2959414.787
2026-02-27,159915,3.31,3.317,3.283,3.301,3.301,12708820.79,4189212.907
2026-03-02,159915,3.251,3.308,3.25,3.282,3.282,16917590.57,5551369.279
2026-03-03,159915,3.303,3.32,3.198,3.205,3.205,16751168.6,5460114.838
2026-03-04,159915,3.17,3.207,3.138,3.154,3.154,14046227.62,4453321.263
2026-03-05,159915,3.216,3.254,3.183,3.206,3.206,15918682.55,5123994.849
2026-03-06,159915,3.191,3.238,3.169,3.225,3.225,8594460.68,2755966.768
2026-03-09,159915,3.183,3.21,3.1,3.201,3.201,13719188.88,4311143.644
2026-03-10,159915,3.267,3.298,3.252,3.296,3.296,12409335.59,4069373.222
2026-03-11,159915,3.303,3.377,3.303,3.335,3.335,10731783.39,3585290.331
2026-03-12,159915,3.34,3.35,3.278,3.308,3.308,7876461.08,2601723.474
2026-03-13,159915,3.29,3.334,3.28,3.3,3.3,8097918.68,2682651.221
2026-03-16,159915,3.308,3.35,3.275,3.349,3.349,10653744.25,3529085.209
2026-03-17,159915,3.369,3.379,3.271,3.273,3.273,11597773.95,3853089.118
2026-03-18,159915,3.293,3.341,3.265,3.338,3.338,11208680.25,3701559.654
2026-03-19,159915,3.297,3.353,3.287,3.303,3.303,12469344.76,4139744.624
2026-03-20,159915,3.337,3.417,3.337,3.341,3.341,19596728.59,6613612.449
2026-03-23,159915,3.3,3.326,3.206,3.228,3.228,16832931.8,5505326.628
2026-03-24,159915,3.275,3.277,3.145,3.237,3.237,14810266.92,4747716.097
2026-03-25,159915,3.279,3.315,3.262,3.307,3.307,11788367.57,3885554.464
2026-03-26,159915,3.306,3.338,3.256,3.263,3.263,9530418.36,3137106.085
2026-03-27,159915,3.241,3.313,3.221,3.293,3.293,9411777.48,3079351.984
2026-03-30,159915,3.242,3.273,3.216,3.264,3.264,9884803.58,3210679.548
2026-03-31,159915,3.248,3.272,3.178,3.182,3.182,13794789.6,4434723.77
2026-04-01,159915,3.245,3.247,3.2,3.232,3.232,11374567.99,3666283.81
2026-04-02,159915,3.224,3.224,3.148,3.164,3.164,10357473.86,3296758.515
2026-04-03,159915,3.182,3.189,3.139,3.141,3.141,7353195.82,2326714.625
2026-04-07,159915,3.153,3.173,3.125,3.151,3.151,7493724.36,2361499.071
2026-04-08,159915,3.241,3.345,3.235,3.345,3.345,14569399.01,4785824.706
2026-04-09,159915,3.316,3.331,3.292,3.32,3.32,7267214.15,2407159.487
2026-04-10,159915,3.339,3.462,3.339,3.437,3.437,13933264.33,4765722.094
2026-04-13,159915,3.43,3.485,3.421,3.468,3.468,10417628.58,3606546.238
2026-04-14,159915,3.501,3.552,3.484,3.55,3.55,10632436.29,3744100.707
2026-04-15,159915,3.589,3.595,3.482,3.511,3.511,13524690.21,4785008.636
2026-04-16,159915,3.522,3.624,3.511,3.624,3.624,14796541.81,5298080.775
2026-04-17,159915,3.638,3.678,3.61,3.67,3.67,15033058.04,5489998.911
2026-04-20,159915,3.657,3.689,3.636,3.672,3.672,14853588.4,5444544.524
2026-04-21,159915,3.663,3.688,3.614,3.681,3.681,13828382.79,5051182.323
2026-04-22,159915,3.66,3.761,3.66,3.758,3.758,18615005.62,6923895.011
2026-04-23,159915,3.769,3.789,3.684,3.728,3.728,14580921.07,5446610.05
2026-04-24,159915,3.689,3.704,3.63,3.674,3.674,17128265.13,6285359.225
2026-04-27,159915,3.68,3.691,3.643,3.652,3.652,9604111.27,3519636.45
2026-04-28,159915,3.63,3.643,3.588,3.602,3.602,11061019.37,3998704.631
2026-04-29,159915,3.585,3.7,3.578,3.694,3.694,10641460.64,3886447.435
2026-04-30,159915,3.703,3.727,3.668,3.689,3.689,10039839.95,3710117.031
2026-05-06,159915,3.763,3.824,3.733,3.786,3.786,19639487.18,7445851.678
2026-05-07,159915,3.814,3.849,3.769,3.845,3.845,8949954.93,3408781.901
2026-05-08,159915,3.811,3.851,3.796,3.806,3.806,9696179.59,3704430.721
2026-05-11,159915,3.834,3.947,3.806,3.947,3.947,13488227.85,5237822.671
2026-05-12,159915,3.952,3.966,3.907,3.94,3.94,12480831.42,4919168.16
2026-05-13,159915,3.91,4.054,3.904,4.048,4.048,12150098.87,4827427.703
2026-05-14,159915,4.092,4.104,3.948,3.961,3.961,14719687.93,5906571.389
2026-05-15,159915,3.961,4.015,3.88,3.97,3.97,19036007.06,7510651.175
2026-05-18,159915,3.912,3.971,3.892,3.923,3.923,13870921.69,5450614.721
2026-05-19,159915,3.901,3.931,3.82,3.922,3.922,14732403.45,5712080.576
2026-05-20,159915,3.895,3.959,3.895,3.932,3.932,11602678.46,4551859.988
2026-05-21,159915,3.97,4.029,3.835,3.846,3.846,18284145.22,7219559.133
2026-05-22,159915,3.877,3.959,3.866,3.946,3.946,14475800.04,5660833.954
2026-05-25,159915,3.982,4.034,3.916,4.034,4.034,13650326.11,5436396.96
2026-05-26,159915,4.012,4.07,3.997,4.055,4.055,16023245.64,6460251.325
2026-05-27,159915,4.053,4.158,4.027,4.056,4.056,17473331.42,7161587.255
2026-05-28,159915,4.039,4.148,3.984,4.138,4.138,14011681.81,5679123.15
2026-05-29,159915,4.143,4.174,4.022,4.053,4.053,16171880.56,6627594.2349
2026-06-01,159915,4.047,4.094,3.956,3.964,3.964,13224451.04,5325031.1141
2026-06-02,159915,3.981,4.098,3.959,4.071,4.071,14821750.13,5968727.7196
2026-06-03,159915,4.095,4.23,4.076,4.145,4.145,16490581.34,6853479.7311
