option_code,underlying_etf,option_type,strike,expiry
90001219.SZ,159915,C,2.1,2022-10-26
90001220.SZ,159915,C,2.15,2022-10-26
90001221.SZ,159915,C,2.2,2022-10-26
90001222.SZ,159915,C,2.25,2022-10-26
90001223.SZ,159915,C,2.3,2022-10-26
90001224.SZ,159915,C,2.35,2022-10-26
90001225.SZ,159915,C,2.4,2022-10-26
90001226.SZ,159915,C,2.45,2022-10-26
90001227.SZ,159915,C,2.5,2022-10-26
90001228.SZ,159915,P,2.1,2022-10-26
90001229.SZ,159915,P,2.15,2022-10-26
90001230.SZ,159915,P,2.2,2022-10-26
90001231.SZ,159915,P,2.25,2022-10-26
90001232.SZ,159915,P,2.3,2022-10-26
90001233.SZ,159915,P,2.35,2022-10-26
90001234.SZ,159915,P,2.4,2022-10-26
90001235.SZ,159915,P,2.45,2022-10-26
90001236.SZ,159915,P,2.5,2022-10-26
90001237.SZ,159915,C,2.1,2022-11-23
90001238.SZ,159915,C,2.15,2022-11-23
90001239.SZ,159915,C,2.2,2022-11-23
90001240.SZ,159915,C,2.25,2022-11-23
90001241.SZ,159915,C,2.3,2022-11-23
90001242.SZ,159915,C,2.35,2022-11-23
90001243.SZ,159915,C,2.4,2022-11-23
90001244.SZ,159915,C,2.45,2022-11-23
90001245.SZ,159915,C,2.5,2022-11-23
90001246.SZ,159915,P,2.1,2022-11-23
90001247.SZ,159915,P,2.15,2022-11-23
90001248.SZ,159915,P,2.2,2022-11-23
90001249.SZ,159915,P,2.25,2022-11-23
90001250.SZ,159915,P,2.3,2022-11-23
90001251.SZ,159915,P,2.35,2022-11-23
90001252.SZ,159915,P,2.4,2022-11-23
90001253.SZ,159915,P,2.45,2022-11-23
90001254.SZ,159915,P,2.5,2022-11-23
90001255.SZ,159915,C,2.1,2022-12-28
90001256.SZ,159915,C,2.15,2022-12-28
90001257.SZ,159915,C,2.2,2022-12-28
90001258.SZ,159915,C,2.25,2022-12-28
90001259.SZ,159915,C,2.3,2022-12-28
90001260.SZ,159915,C,2.35,2022-12-28
90001261.SZ,159915,C,2.4,2022-12-28
90001262.SZ,159915,C,2.45,2022-12-28
90001263.SZ,159915,C,2.5,2022-12-28
90001264.SZ,159915,P,2.1,2022-12-28
90001265.SZ,159915,P,2.15,2022-12-28
90001266.SZ,159915,P,2.2,2022-12-28
90001267.SZ,159915,P,2.25,2022-12-28
90001268.SZ,159915,P,2.3,2022-12-28
90001269.SZ,159915,P,2.35,2022-12-28
90001270.SZ,159915,P,2.4,2022-12-28
90001271.SZ,159915,P,2.45,2022-12-28
90001272.SZ,159915,P,2.5,2022-12-28
90001273.SZ,159915,C,2.1,2023-03-22
90001274.SZ,159915,C,2.15,2023-03-22
90001275.SZ,159915,C,2.2,2023-03-22
90001276.SZ,159915,C,2.25,2023-03-22
90001277.SZ,159915,C,2.3,2023-03-22
90001278.SZ,159915,C,2.35,2023-03-22
90001279.SZ,159915,C,2.4,2023-03-22
90001280.SZ,159915,C,2.45,2023-03-22
90001281.SZ,159915,C,2.5,2023-03-22
90001282.SZ,159915,P,2.1,2023-03-22
90001283.SZ,159915,P,2.15,2023-03-22
90001284.SZ,159915,P,2.2,2023-03-22
90001285.SZ,159915,P,2.25,2023-03-22
90001286.SZ,159915,P,2.3,2023-03-22
90001287.SZ,159915,P,2.35,2023-03-22
90001288.SZ,159915,P,2.4,2023-03-22
90001289.SZ,159915,P,2.45,2023-03-22
90001290.SZ,159915,P,2.5,2023-03-22
90001367.SZ,159915,C,2.05,2022-10-26
90001368.SZ,159915,P,2.05,2022-10-26
90001369.SZ,159915,C,2.05,2022-11-23
90001370.SZ,159915,P,2.05,2022-11-23
90001371.SZ,159915,C,2.05,2022-12-28
90001372.SZ,159915,P,2.05,2022-12-28
90001373.SZ,159915,C,2.05,2023-03-22
90001374.SZ,159915,P,2.05,2023-03-22
90001397.SZ,159915,C,2.0,2022-10-26
90001398.SZ,159915,P,2.0,2022-10-26
90001399.SZ,159915,C,2.0,2022-11-23
90001400.SZ,159915,P,2.0,2022-11-23
90001401.SZ,159915,C,2.0,2022-12-28
90001402.SZ,159915,P,2.0,2022-12-28
90001403.SZ,159915,C,2.0,2023-03-22
90001404.SZ,159915,P,2.0,2023-03-22
90001413.SZ,159915,C,1.95,2022-10-26
90001414.SZ,159915,P,1.95,2022-10-26
90001415.SZ,159915,C,1.95,2022-11-23
90001416.SZ,159915,P,1.95,2022-11-23
90001417.SZ,159915,C,1.95,2022-12-28
90001418.SZ,159915,P,1.95,2022-12-28
90001419.SZ,159915,C,1.95,2023-03-22
90001420.SZ,159915,P,1.95,2023-03-22
90001429.SZ,159915,C,2.55,2022-10-26
90001430.SZ,159915,P,2.55,2022-10-26
90001431.SZ,159915,C,2.55,2022-11-23
90001432.SZ,159915,P,2.55,2022-11-23
90001433.SZ,159915,C,2.55,2022-12-28
90001434.SZ,159915,P,2.55,2022-12-28
90001435.SZ,159915,C,2.55,2023-03-22
90001436.SZ,159915,P,2.55,2023-03-22
90001453.SZ,159915,C,2.1,2023-06-28
90001454.SZ,159915,C,2.15,2023-06-28
90001455.SZ,159915,C,2.2,2023-06-28
90001456.SZ,159915,C,2.25,2023-06-28
90001457.SZ,159915,C,2.3,2023-06-28
90001458.SZ,159915,C,2.35,2023-06-28
90001459.SZ,159915,C,2.4,2023-06-28
90001460.SZ,159915,C,2.45,2023-06-28
90001461.SZ,159915,C,2.5,2023-06-28
90001462.SZ,159915,P,2.1,2023-06-28
90001463.SZ,159915,P,2.15,2023-06-28
90001464.SZ,159915,P,2.2,2023-06-28
90001465.SZ,159915,P,2.25,2023-06-28
90001466.SZ,159915,P,2.3,2023-06-28
90001467.SZ,159915,P,2.35,2023-06-28
90001468.SZ,159915,P,2.4,2023-06-28
90001469.SZ,159915,P,2.45,2023-06-28
90001470.SZ,159915,P,2.5,2023-06-28
90001507.SZ,159915,C,2.05,2023-06-28
90001508.SZ,159915,P,2.05,2023-06-28
90001509.SZ,159915,C,2.0,2023-06-28
90001510.SZ,159915,P,2.0,2023-06-28
90001519.SZ,159915,C,2.6,2022-11-23
90001520.SZ,159915,P,2.6,2022-11-23
90001521.SZ,159915,C,2.6,2022-12-28
90001522.SZ,159915,P,2.6,2022-12-28
90001523.SZ,159915,C,2.6,2023-03-22
90001524.SZ,159915,P,2.6,2023-03-22
90001525.SZ,159915,C,2.55,2023-06-28
90001526.SZ,159915,C,2.6,2023-06-28
90001527.SZ,159915,P,2.55,2023-06-28
90001528.SZ,159915,P,2.6,2023-06-28
90001535.SZ,159915,C,2.05,2023-01-30
90001536.SZ,159915,C,2.1,2023-01-30
90001537.SZ,159915,C,2.15,2023-01-30
90001538.SZ,159915,C,2.2,2023-01-30
90001539.SZ,159915,C,2.25,2023-01-30
90001540.SZ,159915,C,2.3,2023-01-30
90001541.SZ,159915,C,2.35,2023-01-30
90001542.SZ,159915,C,2.4,2023-01-30
90001543.SZ,159915,C,2.45,2023-01-30
90001544.SZ,159915,P,2.05,2023-01-30
90001545.SZ,159915,P,2.1,2023-01-30
90001546.SZ,159915,P,2.15,2023-01-30
90001547.SZ,159915,P,2.2,2023-01-30
90001548.SZ,159915,P,2.25,2023-01-30
90001549.SZ,159915,P,2.3,2023-01-30
90001550.SZ,159915,P,2.35,2023-01-30
90001551.SZ,159915,P,2.4,2023-01-30
90001552.SZ,159915,P,2.45,2023-01-30
90001591.SZ,159915,C,2.5,2023-01-30
90001592.SZ,159915,P,2.5,2023-01-30
90001597.SZ,159915,C,2.55,2023-01-30
90001598.SZ,159915,P,2.55,2023-01-30
90001693.SZ,159915,C,2.0,2023-01-30
90001694.SZ,159915,P,2.0,2023-01-30
90001695.SZ,159915,C,2.05,2023-02-22
90001696.SZ,159915,C,2.1,2023-02-22
90001697.SZ,159915,C,2.15,2023-02-22
90001698.SZ,159915,C,2.2,2023-02-22
90001699.SZ,159915,C,2.25,2023-02-22
90001700.SZ,159915,C,2.3,2023-02-22
90001701.SZ,159915,C,2.35,2023-02-22
90001702.SZ,159915,C,2.4,2023-02-22
90001703.SZ,159915,C,2.45,2023-02-22
90001704.SZ,159915,P,2.05,2023-02-22
90001705.SZ,159915,P,2.1,2023-02-22
90001706.SZ,159915,P,2.15,2023-02-22
90001707.SZ,159915,P,2.2,2023-02-22
90001708.SZ,159915,P,2.25,2023-02-22
90001709.SZ,159915,P,2.3,2023-02-22
90001710.SZ,159915,P,2.35,2023-02-22
90001711.SZ,159915,P,2.4,2023-02-22
90001712.SZ,159915,P,2.45,2023-02-22
90001749.SZ,159915,C,2.5,2023-02-22
90001750.SZ,159915,P,2.5,2023-02-22
90001753.SZ,159915,C,2.55,2023-02-22
90001754.SZ,159915,P,2.55,2023-02-22
90001767.SZ,159915,C,2.6,2023-01-30
90001768.SZ,159915,P,2.6,2023-01-30
90001769.SZ,159915,C,2.6,2023-02-22
90001770.SZ,159915,P,2.6,2023-02-22
90001779.SZ,159915,C,2.65,2023-01-30
90001780.SZ,159915,P,2.65,2023-01-30
90001781.SZ,159915,C,2.65,2023-02-22
90001782.SZ,159915,P,2.65,2023-02-22
90001783.SZ,159915,C,2.65,2023-03-22
90001784.SZ,159915,P,2.65,2023-03-22
90001785.SZ,159915,C,2.65,2023-06-28
90001786.SZ,159915,P,2.65,2023-06-28
90001793.SZ,159915,C,2.7,2023-01-30
90001794.SZ,159915,P,2.7,2023-01-30
90001795.SZ,159915,C,2.7,2023-02-22
90001796.SZ,159915,P,2.7,2023-02-22
90001797.SZ,159915,C,2.7,2023-03-22
90001798.SZ,159915,P,2.7,2023-03-22
90001799.SZ,159915,C,2.7,2023-06-28
90001800.SZ,159915,P,2.7,2023-06-28
90001833.SZ,159915,C,2.35,2023-09-27
90001834.SZ,159915,C,2.4,2023-09-27
90001835.SZ,159915,C,2.45,2023-09-27
90001836.SZ,159915,C,2.5,2023-09-27
90001837.SZ,159915,C,2.55,2023-09-27
90001838.SZ,159915,C,2.6,2023-09-27
90001839.SZ,159915,C,2.65,2023-09-27
90001840.SZ,159915,C,2.7,2023-09-27
90001841.SZ,159915,C,2.75,2023-09-27
90001842.SZ,159915,P,2.35,2023-09-27
90001843.SZ,159915,P,2.4,2023-09-27
90001844.SZ,159915,P,2.45,2023-09-27
90001845.SZ,159915,P,2.5,2023-09-27
90001846.SZ,159915,P,2.55,2023-09-27
90001847.SZ,159915,P,2.6,2023-09-27
90001848.SZ,159915,P,2.65,2023-09-27
90001849.SZ,159915,P,2.7,2023-09-27
90001850.SZ,159915,P,2.75,2023-09-27
90001887.SZ,159915,C,2.75,2023-02-22
90001888.SZ,159915,P,2.75,2023-02-22
90001889.SZ,159915,C,2.75,2023-03-22
90001890.SZ,159915,P,2.75,2023-03-22
90001891.SZ,159915,C,2.75,2023-06-28
90001892.SZ,159915,P,2.75,2023-06-28
90001893.SZ,159915,C,2.3,2023-09-27
90001894.SZ,159915,P,2.3,2023-09-27
90001899.SZ,159915,C,2.25,2023-09-27
90001900.SZ,159915,P,2.25,2023-09-27
90001903.SZ,159915,C,2.2,2023-09-27
90001904.SZ,159915,P,2.2,2023-09-27
90001925.SZ,159915,C,2.2,2023-04-26
90001926.SZ,159915,C,2.25,2023-04-26
90001927.SZ,159915,C,2.3,2023-04-26
90001928.SZ,159915,C,2.35,2023-04-26
90001929.SZ,159915,C,2.4,2023-04-26
90001930.SZ,159915,C,2.45,2023-04-26
90001931.SZ,159915,C,2.5,2023-04-26
90001932.SZ,159915,C,2.55,2023-04-26
90001933.SZ,159915,C,2.6,2023-04-26
90001934.SZ,159915,P,2.2,2023-04-26
90001935.SZ,159915,P,2.25,2023-04-26
90001936.SZ,159915,P,2.3,2023-04-26
90001937.SZ,159915,P,2.35,2023-04-26
90001938.SZ,159915,P,2.4,2023-04-26
90001939.SZ,159915,P,2.45,2023-04-26
90001940.SZ,159915,P,2.5,2023-04-26
90001941.SZ,159915,P,2.55,2023-04-26
90001942.SZ,159915,P,2.6,2023-04-26
90001979.SZ,159915,C,2.15,2023-04-26
90001980.SZ,159915,P,2.15,2023-04-26
90001981.SZ,159915,C,2.15,2023-09-27
90001982.SZ,159915,P,2.15,2023-09-27
90001989.SZ,159915,C,2.1,2023-04-26
90001990.SZ,159915,P,2.1,2023-04-26
90001991.SZ,159915,C,2.1,2023-09-27
90001992.SZ,159915,P,2.1,2023-09-27
90002003.SZ,159915,C,2.05,2023-04-26
90002004.SZ,159915,P,2.05,2023-04-26
90002005.SZ,159915,C,2.05,2023-09-27
90002006.SZ,159915,P,2.05,2023-09-27
90002029.SZ,159915,C,2.05,2023-05-24
90002030.SZ,159915,C,2.1,2023-05-24
90002031.SZ,159915,C,2.15,2023-05-24
90002032.SZ,159915,C,2.2,2023-05-24
90002033.SZ,159915,C,2.25,2023-05-24
90002034.SZ,159915,C,2.3,2023-05-24
90002035.SZ,159915,C,2.35,2023-05-24
90002036.SZ,159915,C,2.4,2023-05-24
90002037.SZ,159915,C,2.45,2023-05-24
90002038.SZ,159915,P,2.05,2023-05-24
90002039.SZ,159915,P,2.1,2023-05-24
90002040.SZ,159915,P,2.15,2023-05-24
90002041.SZ,159915,P,2.2,2023-05-24
90002042.SZ,159915,P,2.25,2023-05-24
90002043.SZ,159915,P,2.3,2023-05-24
90002044.SZ,159915,P,2.35,2023-05-24
90002045.SZ,159915,P,2.4,2023-05-24
90002046.SZ,159915,P,2.45,2023-05-24
90002083.SZ,159915,C,2.5,2023-05-24
90002084.SZ,159915,P,2.5,2023-05-24
90002087.SZ,159915,C,2.55,2023-05-24
90002088.SZ,159915,P,2.55,2023-05-24
90002097.SZ,159915,C,2.0,2023-04-26
90002098.SZ,159915,P,2.0,2023-04-26
90002099.SZ,159915,C,2.0,2023-05-24
90002100.SZ,159915,P,2.0,2023-05-24
90002101.SZ,159915,C,2.0,2023-09-27
90002102.SZ,159915,P,2.0,2023-09-27
90002123.SZ,159915,C,2.05,2023-12-27
90002124.SZ,159915,C,2.1,2023-12-27
90002125.SZ,159915,C,2.15,2023-12-27
90002126.SZ,159915,C,2.2,2023-12-27
90002127.SZ,159915,C,2.25,2023-12-27
90002128.SZ,159915,C,2.3,2023-12-27
90002129.SZ,159915,C,2.35,2023-12-27
90002130.SZ,159915,C,2.4,2023-12-27
90002131.SZ,159915,C,2.45,2023-12-27
90002132.SZ,159915,P,2.05,2023-12-27
90002133.SZ,159915,P,2.1,2023-12-27
90002134.SZ,159915,P,2.15,2023-12-27
90002135.SZ,159915,P,2.2,2023-12-27
90002136.SZ,159915,P,2.25,2023-12-27
90002137.SZ,159915,P,2.3,2023-12-27
90002138.SZ,159915,P,2.35,2023-12-27
90002139.SZ,159915,P,2.4,2023-12-27
90002140.SZ,159915,P,2.45,2023-12-27
90002183.SZ,159915,C,2.0,2023-12-27
90002184.SZ,159915,P,2.0,2023-12-27
90002211.SZ,159915,C,2.0,2023-07-26
90002212.SZ,159915,C,2.05,2023-07-26
90002213.SZ,159915,C,2.1,2023-07-26
90002214.SZ,159915,C,2.15,2023-07-26
90002215.SZ,159915,C,2.2,2023-07-26
90002216.SZ,159915,C,2.25,2023-07-26
90002217.SZ,159915,C,2.3,2023-07-26
90002218.SZ,159915,C,2.35,2023-07-26
90002219.SZ,159915,C,2.4,2023-07-26
90002220.SZ,159915,P,2.0,2023-07-26
90002221.SZ,159915,P,2.05,2023-07-26
90002222.SZ,159915,P,2.1,2023-07-26
90002223.SZ,159915,P,2.15,2023-07-26
90002224.SZ,159915,P,2.2,2023-07-26
90002225.SZ,159915,P,2.25,2023-07-26
90002226.SZ,159915,P,2.3,2023-07-26
90002227.SZ,159915,P,2.35,2023-07-26
90002228.SZ,159915,P,2.4,2023-07-26
90002277.SZ,159915,C,1.95,2023-06-28
90002278.SZ,159915,P,1.95,2023-06-28
90002279.SZ,159915,C,1.95,2023-07-26
90002280.SZ,159915,P,1.95,2023-07-26
90002281.SZ,159915,C,1.95,2023-09-27
90002282.SZ,159915,P,1.95,2023-09-27
90002283.SZ,159915,C,1.95,2023-12-27
90002284.SZ,159915,P,1.95,2023-12-27
90002293.SZ,159915,C,1.9,2023-06-28
90002294.SZ,159915,P,1.9,2023-06-28
90002295.SZ,159915,C,1.9,2023-07-26
90002296.SZ,159915,P,1.9,2023-07-26
90002297.SZ,159915,C,1.9,2023-09-27
90002298.SZ,159915,P,1.9,2023-09-27
90002299.SZ,159915,C,1.9,2023-12-27
90002300.SZ,159915,P,1.9,2023-12-27
90002301.SZ,159915,C,1.85,2023-06-28
90002302.SZ,159915,P,1.85,2023-06-28
90002303.SZ,159915,C,1.85,2023-07-26
90002304.SZ,159915,P,1.85,2023-07-26
90002305.SZ,159915,C,1.85,2023-09-27
90002306.SZ,159915,P,1.85,2023-09-27
90002307.SZ,159915,C,1.85,2023-12-27
90002308.SZ,159915,P,1.85,2023-12-27
90002339.SZ,159915,C,1.95,2023-08-23
90002340.SZ,159915,C,2.0,2023-08-23
90002341.SZ,159915,C,2.05,2023-08-23
90002342.SZ,159915,C,2.1,2023-08-23
90002343.SZ,159915,C,2.15,2023-08-23
90002344.SZ,159915,C,2.2,2023-08-23
90002345.SZ,159915,C,2.25,2023-08-23
90002346.SZ,159915,C,2.3,2023-08-23
90002347.SZ,159915,C,2.35,2023-08-23
90002348.SZ,159915,P,1.95,2023-08-23
90002349.SZ,159915,P,2.0,2023-08-23
90002350.SZ,159915,P,2.05,2023-08-23
90002351.SZ,159915,P,2.1,2023-08-23
90002352.SZ,159915,P,2.15,2023-08-23
90002353.SZ,159915,P,2.2,2023-08-23
90002354.SZ,159915,P,2.25,2023-08-23
90002355.SZ,159915,P,2.3,2023-08-23
90002356.SZ,159915,P,2.35,2023-08-23
90002397.SZ,159915,C,1.9,2023-08-23
90002398.SZ,159915,P,1.9,2023-08-23
90002399.SZ,159915,C,2.4,2023-08-23
90002400.SZ,159915,P,2.4,2023-08-23
90002423.SZ,159915,C,1.95,2024-03-27
90002424.SZ,159915,C,2.0,2024-03-27
90002425.SZ,159915,C,2.05,2024-03-27
90002426.SZ,159915,C,2.1,2024-03-27
90002427.SZ,159915,C,2.15,2024-03-27
90002428.SZ,159915,C,2.2,2024-03-27
90002429.SZ,159915,C,2.25,2024-03-27
90002430.SZ,159915,C,2.3,2024-03-27
90002431.SZ,159915,C,2.35,2024-03-27
90002432.SZ,159915,P,1.95,2024-03-27
90002433.SZ,159915,P,2.0,2024-03-27
90002434.SZ,159915,P,2.05,2024-03-27
90002435.SZ,159915,P,2.1,2024-03-27
90002436.SZ,159915,P,2.15,2024-03-27
90002437.SZ,159915,P,2.2,2024-03-27
90002438.SZ,159915,P,2.25,2024-03-27
90002439.SZ,159915,P,2.3,2024-03-27
90002440.SZ,159915,P,2.35,2024-03-27
90002483.SZ,159915,C,2.4,2024-03-27
90002484.SZ,159915,P,2.4,2024-03-27
90002493.SZ,159915,C,1.9,2024-03-27
90002494.SZ,159915,P,1.9,2024-03-27
90002505.SZ,159915,C,1.85,2023-08-23
90002506.SZ,159915,P,1.85,2023-08-23
90002507.SZ,159915,C,1.85,2024-03-27
90002508.SZ,159915,P,1.85,2024-03-27
90002537.SZ,159915,C,1.8,2023-10-25
90002538.SZ,159915,C,1.85,2023-10-25
90002539.SZ,159915,C,1.9,2023-10-25
90002540.SZ,159915,C,1.95,2023-10-25
90002541.SZ,159915,C,2.0,2023-10-25
90002542.SZ,159915,C,2.05,2023-10-25
90002543.SZ,159915,C,2.1,2023-10-25
90002544.SZ,159915,C,2.15,2023-10-25
90002545.SZ,159915,C,2.2,2023-10-25
90002546.SZ,159915,P,1.8,2023-10-25
90002547.SZ,159915,P,1.85,2023-10-25
90002548.SZ,159915,P,1.9,2023-10-25
90002549.SZ,159915,P,1.95,2023-10-25
90002550.SZ,159915,P,2.0,2023-10-25
90002551.SZ,159915,P,2.05,2023-10-25
90002552.SZ,159915,P,2.1,2023-10-25
90002553.SZ,159915,P,2.15,2023-10-25
90002554.SZ,159915,P,2.2,2023-10-25
90002597.SZ,159915,C,1.8,2023-09-27
90002598.SZ,159915,P,1.8,2023-09-27
90002599.SZ,159915,C,1.8,2023-12-27
90002600.SZ,159915,P,1.8,2023-12-27
90002601.SZ,159915,C,1.8,2024-03-27
90002602.SZ,159915,P,1.8,2024-03-27
90002621.SZ,159915,C,2.25,2023-10-25
90002622.SZ,159915,P,2.25,2023-10-25
90002629.SZ,159915,C,1.75,2023-09-27
90002630.SZ,159915,P,1.75,2023-09-27
90002631.SZ,159915,C,1.75,2023-10-25
90002632.SZ,159915,P,1.75,2023-10-25
90002633.SZ,159915,C,1.75,2023-12-27
90002634.SZ,159915,P,1.75,2023-12-27
90002635.SZ,159915,C,1.75,2024-03-27
90002636.SZ,159915,P,1.75,2024-03-27
90002645.SZ,159915,C,1.7,2023-09-27
90002646.SZ,159915,P,1.7,2023-09-27
90002647.SZ,159915,C,1.7,2023-10-25
90002648.SZ,159915,P,1.7,2023-10-25
90002649.SZ,159915,C,1.7,2023-12-27
90002650.SZ,159915,P,1.7,2023-12-27
90002651.SZ,159915,C,1.7,2024-03-27
90002652.SZ,159915,P,1.7,2024-03-27
90002671.SZ,159915,C,1.75,2023-11-22
90002672.SZ,159915,C,1.8,2023-11-22
90002673.SZ,159915,C,1.85,2023-11-22
90002674.SZ,159915,C,1.9,2023-11-22
90002675.SZ,159915,C,1.95,2023-11-22
90002676.SZ,159915,C,2.0,2023-11-22
90002677.SZ,159915,C,2.05,2023-11-22
90002678.SZ,159915,C,2.1,2023-11-22
90002679.SZ,159915,C,2.15,2023-11-22
90002680.SZ,159915,P,1.75,2023-11-22
90002681.SZ,159915,P,1.8,2023-11-22
90002682.SZ,159915,P,1.85,2023-11-22
90002683.SZ,159915,P,1.9,2023-11-22
90002684.SZ,159915,P,1.95,2023-11-22
90002685.SZ,159915,P,2.0,2023-11-22
90002686.SZ,159915,P,2.05,2023-11-22
90002687.SZ,159915,P,2.1,2023-11-22
90002688.SZ,159915,P,2.15,2023-11-22
90002729.SZ,159915,C,1.7,2023-11-22
90002730.SZ,159915,P,1.7,2023-11-22
90002755.SZ,159915,C,1.65,2023-10-25
90002756.SZ,159915,P,1.65,2023-10-25
90002757.SZ,159915,C,1.65,2023-11-22
90002758.SZ,159915,P,1.65,2023-11-22
90002759.SZ,159915,C,1.65,2023-12-27
90002760.SZ,159915,P,1.65,2023-12-27
90002761.SZ,159915,C,1.65,2024-03-27
90002762.SZ,159915,P,1.65,2024-03-27
90002779.SZ,159915,C,1.6,2023-10-25
90002780.SZ,159915,P,1.6,2023-10-25
90002781.SZ,159915,C,1.6,2023-11-22
90002782.SZ,159915,P,1.6,2023-11-22
90002783.SZ,159915,C,1.6,2023-12-27
90002784.SZ,159915,P,1.6,2023-12-27
90002785.SZ,159915,C,1.6,2024-03-27
90002786.SZ,159915,P,1.6,2024-03-27
90002813.SZ,159915,C,1.6,2024-06-26
90002814.SZ,159915,C,1.65,2024-06-26
90002815.SZ,159915,C,1.7,2024-06-26
90002816.SZ,159915,C,1.75,2024-06-26
90002817.SZ,159915,C,1.8,2024-06-26
90002818.SZ,159915,C,1.85,2024-06-26
90002819.SZ,159915,C,1.9,2024-06-26
90002820.SZ,159915,C,1.95,2024-06-26
90002821.SZ,159915,C,2.0,2024-06-26
90002822.SZ,159915,P,1.6,2024-06-26
90002823.SZ,159915,P,1.65,2024-06-26
90002824.SZ,159915,P,1.7,2024-06-26
90002825.SZ,159915,P,1.75,2024-06-26
90002826.SZ,159915,P,1.8,2024-06-26
90002827.SZ,159915,P,1.85,2024-06-26
90002828.SZ,159915,P,1.9,2024-06-26
90002829.SZ,159915,P,1.95,2024-06-26
90002830.SZ,159915,P,2.0,2024-06-26
90002867.SZ,159915,C,2.05,2024-06-26
90002868.SZ,159915,P,2.05,2024-06-26
90002871.SZ,159915,C,2.1,2024-06-26
90002872.SZ,159915,P,2.1,2024-06-26
90002879.SZ,159915,C,2.15,2024-06-26
90002880.SZ,159915,P,2.15,2024-06-26
90002883.SZ,159915,C,2.2,2023-11-22
90002884.SZ,159915,P,2.2,2023-11-22
90002885.SZ,159915,C,2.2,2024-06-26
90002886.SZ,159915,P,2.2,2024-06-26
90002909.SZ,159915,C,1.7,2024-01-24
90002910.SZ,159915,C,1.75,2024-01-24
90002911.SZ,159915,C,1.8,2024-01-24
90002912.SZ,159915,C,1.85,2024-01-24
90002913.SZ,159915,C,1.9,2024-01-24
90002914.SZ,159915,C,1.95,2024-01-24
90002915.SZ,159915,C,2.0,2024-01-24
90002916.SZ,159915,C,2.05,2024-01-24
90002917.SZ,159915,C,2.1,2024-01-24
90002918.SZ,159915,P,1.7,2024-01-24
90002919.SZ,159915,P,1.75,2024-01-24
90002920.SZ,159915,P,1.8,2024-01-24
90002921.SZ,159915,P,1.85,2024-01-24
90002922.SZ,159915,P,1.9,2024-01-24
90002923.SZ,159915,P,1.95,2024-01-24
90002924.SZ,159915,P,2.0,2024-01-24
90002925.SZ,159915,P,2.05,2024-01-24
90002926.SZ,159915,P,2.1,2024-01-24
90002967.SZ,159915,C,1.65,2024-01-24
90002968.SZ,159915,P,1.65,2024-01-24
90002981.SZ,159915,C,1.6,2024-01-24
90002982.SZ,159915,P,1.6,2024-01-24
90002999.SZ,159915,C,1.55,2023-12-27
90003000.SZ,159915,P,1.55,2023-12-27
90003001.SZ,159915,C,1.55,2024-01-24
90003002.SZ,159915,P,1.55,2024-01-24
90003003.SZ,159915,C,1.55,2024-03-27
90003004.SZ,159915,P,1.55,2024-03-27
90003005.SZ,159915,C,1.55,2024-06-26
90003006.SZ,159915,P,1.55,2024-06-26
90003035.SZ,159915,C,1.55,2024-02-28
90003036.SZ,159915,C,1.6,2024-02-28
90003037.SZ,159915,C,1.65,2024-02-28
90003038.SZ,159915,C,1.7,2024-02-28
90003039.SZ,159915,C,1.75,2024-02-28
90003040.SZ,159915,C,1.8,2024-02-28
90003041.SZ,159915,C,1.85,2024-02-28
90003042.SZ,159915,C,1.9,2024-02-28
90003043.SZ,159915,C,1.95,2024-02-28
90003044.SZ,159915,P,1.55,2024-02-28
90003045.SZ,159915,P,1.6,2024-02-28
90003046.SZ,159915,P,1.65,2024-02-28
90003047.SZ,159915,P,1.7,2024-02-28
90003048.SZ,159915,P,1.75,2024-02-28
90003049.SZ,159915,P,1.8,2024-02-28
90003050.SZ,159915,P,1.85,2024-02-28
90003051.SZ,159915,P,1.9,2024-02-28
90003052.SZ,159915,P,1.95,2024-02-28
90003093.SZ,159915,C,2.0,2024-02-28
90003094.SZ,159915,C,2.05,2024-02-28
90003095.SZ,159915,P,2.0,2024-02-28
90003096.SZ,159915,P,2.05,2024-02-28
90003109.SZ,159915,C,1.5,2024-01-24
90003110.SZ,159915,P,1.5,2024-01-24
90003111.SZ,159915,C,1.5,2024-02-28
90003112.SZ,159915,P,1.5,2024-02-28
90003113.SZ,159915,C,1.5,2024-03-27
90003114.SZ,159915,P,1.5,2024-03-27
90003115.SZ,159915,C,1.5,2024-06-26
90003116.SZ,159915,P,1.5,2024-06-26
90003135.SZ,159915,C,1.45,2024-01-24
90003136.SZ,159915,P,1.45,2024-01-24
90003137.SZ,159915,C,1.45,2024-02-28
90003138.SZ,159915,P,1.45,2024-02-28
90003139.SZ,159915,C,1.45,2024-03-27
90003140.SZ,159915,P,1.45,2024-03-27
90003141.SZ,159915,C,1.45,2024-06-26
90003142.SZ,159915,P,1.45,2024-06-26
90003143.SZ,159915,C,1.4,2024-01-24
90003144.SZ,159915,P,1.4,2024-01-24
90003145.SZ,159915,C,1.4,2024-02-28
90003146.SZ,159915,P,1.4,2024-02-28
90003147.SZ,159915,C,1.4,2024-03-27
90003148.SZ,159915,P,1.4,2024-03-27
90003149.SZ,159915,C,1.4,2024-06-26
90003150.SZ,159915,P,1.4,2024-06-26
90003193.SZ,159915,C,1.45,2024-09-25
90003194.SZ,159915,C,1.5,2024-09-25
90003195.SZ,159915,C,1.55,2024-09-25
90003196.SZ,159915,C,1.6,2024-09-25
90003197.SZ,159915,C,1.65,2024-09-25
90003198.SZ,159915,C,1.7,2024-09-25
90003199.SZ,159915,C,1.75,2024-09-25
90003200.SZ,159915,C,1.8,2024-09-25
90003201.SZ,159915,C,1.85,2024-09-25
90003202.SZ,159915,P,1.45,2024-09-25
90003203.SZ,159915,P,1.5,2024-09-25
90003204.SZ,159915,P,1.55,2024-09-25
90003205.SZ,159915,P,1.6,2024-09-25
90003206.SZ,159915,P,1.65,2024-09-25
90003207.SZ,159915,P,1.7,2024-09-25
90003208.SZ,159915,P,1.75,2024-09-25
90003209.SZ,159915,P,1.8,2024-09-25
90003210.SZ,159915,P,1.85,2024-09-25
90003249.SZ,159915,C,1.9,2024-09-25
90003250.SZ,159915,P,1.9,2024-09-25
90003253.SZ,159915,C,1.4,2024-09-25
90003254.SZ,159915,P,1.4,2024-09-25
90003265.SZ,159915,C,1.35,2024-02-28
90003266.SZ,159915,P,1.35,2024-02-28
90003267.SZ,159915,C,1.35,2024-03-27
90003268.SZ,159915,P,1.35,2024-03-27
90003269.SZ,159915,C,1.35,2024-06-26
90003270.SZ,159915,P,1.35,2024-06-26
90003271.SZ,159915,C,1.35,2024-09-25
90003272.SZ,159915,P,1.35,2024-09-25
90003285.SZ,159915,C,1.3,2024-02-28
90003286.SZ,159915,P,1.3,2024-02-28
90003287.SZ,159915,C,1.3,2024-03-27
90003288.SZ,159915,P,1.3,2024-03-27
90003289.SZ,159915,C,1.3,2024-06-26
90003290.SZ,159915,P,1.3,2024-06-26
90003291.SZ,159915,C,1.3,2024-09-25
90003292.SZ,159915,P,1.3,2024-09-25
90003317.SZ,159915,C,1.95,2024-09-25
90003318.SZ,159915,P,1.95,2024-09-25
90003337.SZ,159915,C,1.5,2024-04-24
90003338.SZ,159915,C,1.55,2024-04-24
90003339.SZ,159915,C,1.6,2024-04-24
90003340.SZ,159915,C,1.65,2024-04-24
90003341.SZ,159915,C,1.7,2024-04-24
90003342.SZ,159915,C,1.75,2024-04-24
90003343.SZ,159915,C,1.8,2024-04-24
90003344.SZ,159915,C,1.85,2024-04-24
90003345.SZ,159915,C,1.9,2024-04-24
90003346.SZ,159915,P,1.5,2024-04-24
90003347.SZ,159915,P,1.55,2024-04-24
90003348.SZ,159915,P,1.6,2024-04-24
90003349.SZ,159915,P,1.65,2024-04-24
90003350.SZ,159915,P,1.7,2024-04-24
90003351.SZ,159915,P,1.75,2024-04-24
90003352.SZ,159915,P,1.8,2024-04-24
90003353.SZ,159915,P,1.85,2024-04-24
90003354.SZ,159915,P,1.9,2024-04-24
90003397.SZ,159915,C,1.95,2024-04-24
90003398.SZ,159915,P,1.95,2024-04-24
90003399.SZ,159915,C,2.0,2024-04-24
90003400.SZ,159915,P,2.0,2024-04-24
90003401.SZ,159915,C,2.0,2024-09-25
90003402.SZ,159915,P,2.0,2024-09-25
90003411.SZ,159915,C,2.05,2024-04-24
90003412.SZ,159915,P,2.05,2024-04-24
90003413.SZ,159915,C,2.05,2024-09-25
90003414.SZ,159915,P,2.05,2024-09-25
90003423.SZ,159915,C,2.1,2024-04-24
90003424.SZ,159915,P,2.1,2024-04-24
90003425.SZ,159915,C,2.1,2024-09-25
90003426.SZ,159915,P,2.1,2024-09-25
90003445.SZ,159915,C,1.55,2024-05-22
90003446.SZ,159915,C,1.6,2024-05-22
90003447.SZ,159915,C,1.65,2024-05-22
90003448.SZ,159915,C,1.7,2024-05-22
90003449.SZ,159915,C,1.75,2024-05-22
90003450.SZ,159915,C,1.8,2024-05-22
90003451.SZ,159915,C,1.85,2024-05-22
90003452.SZ,159915,C,1.9,2024-05-22
90003453.SZ,159915,C,1.95,2024-05-22
90003454.SZ,159915,P,1.55,2024-05-22
90003455.SZ,159915,P,1.6,2024-05-22
90003456.SZ,159915,P,1.65,2024-05-22
90003457.SZ,159915,P,1.7,2024-05-22
90003458.SZ,159915,P,1.75,2024-05-22
90003459.SZ,159915,P,1.8,2024-05-22
90003460.SZ,159915,P,1.85,2024-05-22
90003461.SZ,159915,P,1.9,2024-05-22
90003462.SZ,159915,P,1.95,2024-05-22
90003507.SZ,159915,C,2.0,2024-05-22
90003508.SZ,159915,P,2.0,2024-05-22
90003511.SZ,159915,C,1.5,2024-05-22
90003512.SZ,159915,P,1.5,2024-05-22
90003531.SZ,159915,C,1.5,2024-12-25
90003532.SZ,159915,C,1.55,2024-12-25
90003533.SZ,159915,C,1.6,2024-12-25
90003534.SZ,159915,C,1.65,2024-12-25
90003535.SZ,159915,C,1.7,2024-12-25
90003536.SZ,159915,C,1.75,2024-12-25
90003537.SZ,159915,C,1.8,2024-12-25
90003538.SZ,159915,C,1.85,2024-12-25
90003539.SZ,159915,C,1.9,2024-12-25
90003540.SZ,159915,P,1.5,2024-12-25
90003541.SZ,159915,P,1.55,2024-12-25
90003542.SZ,159915,P,1.6,2024-12-25
90003543.SZ,159915,P,1.65,2024-12-25
90003544.SZ,159915,P,1.7,2024-12-25
90003545.SZ,159915,P,1.75,2024-12-25
90003546.SZ,159915,P,1.8,2024-12-25
90003547.SZ,159915,P,1.85,2024-12-25
90003548.SZ,159915,P,1.9,2024-12-25
90003587.SZ,159915,C,1.95,2024-12-25
90003588.SZ,159915,P,1.95,2024-12-25
90003595.SZ,159915,C,2.05,2024-05-22
90003596.SZ,159915,P,2.05,2024-05-22
90003597.SZ,159915,C,2.0,2024-12-25
90003598.SZ,159915,C,2.05,2024-12-25
90003599.SZ,159915,P,2.0,2024-12-25
90003600.SZ,159915,P,2.05,2024-12-25
90003629.SZ,159915,C,1.65,2024-07-24
90003630.SZ,159915,C,1.7,2024-07-24
90003631.SZ,159915,C,1.75,2024-07-24
90003632.SZ,159915,C,1.8,2024-07-24
90003633.SZ,159915,C,1.85,2024-07-24
90003634.SZ,159915,C,1.9,2024-07-24
90003635.SZ,159915,C,1.95,2024-07-24
90003636.SZ,159915,C,2.0,2024-07-24
90003637.SZ,159915,C,2.05,2024-07-24
90003638.SZ,159915,P,1.65,2024-07-24
90003639.SZ,159915,P,1.7,2024-07-24
90003640.SZ,159915,P,1.75,2024-07-24
90003641.SZ,159915,P,1.8,2024-07-24
90003642.SZ,159915,P,1.85,2024-07-24
90003643.SZ,159915,P,1.9,2024-07-24
90003644.SZ,159915,P,1.95,2024-07-24
90003645.SZ,159915,P,2.0,2024-07-24
90003646.SZ,159915,P,2.05,2024-07-24
90003685.SZ,159915,C,1.6,2024-07-24
90003686.SZ,159915,P,1.6,2024-07-24
90003693.SZ,159915,C,1.55,2024-07-24
90003694.SZ,159915,P,1.55,2024-07-24
90003701.SZ,159915,C,1.5,2024-07-24
90003702.SZ,159915,P,1.5,2024-07-24
90003711.SZ,159915,C,1.45,2024-07-24
90003712.SZ,159915,P,1.45,2024-07-24
90003713.SZ,159915,C,1.45,2024-12-25
90003714.SZ,159915,P,1.45,2024-12-25
90003733.SZ,159915,C,1.5,2024-08-28
90003734.SZ,159915,C,1.55,2024-08-28
90003735.SZ,159915,C,1.6,2024-08-28
90003736.SZ,159915,C,1.65,2024-08-28
90003737.SZ,159915,C,1.7,2024-08-28
90003738.SZ,159915,C,1.75,2024-08-28
90003739.SZ,159915,C,1.8,2024-08-28
90003740.SZ,159915,C,1.85,2024-08-28
90003741.SZ,159915,C,1.9,2024-08-28
90003742.SZ,159915,P,1.5,2024-08-28
90003743.SZ,159915,P,1.55,2024-08-28
90003744.SZ,159915,P,1.6,2024-08-28
90003745.SZ,159915,P,1.65,2024-08-28
90003746.SZ,159915,P,1.7,2024-08-28
90003747.SZ,159915,P,1.75,2024-08-28
90003748.SZ,159915,P,1.8,2024-08-28
90003749.SZ,159915,P,1.85,2024-08-28
90003750.SZ,159915,P,1.9,2024-08-28
90003787.SZ,159915,C,1.45,2024-08-28
90003788.SZ,159915,P,1.45,2024-08-28
90003791.SZ,159915,C,1.4,2024-07-24
90003792.SZ,159915,P,1.4,2024-07-24
90003793.SZ,159915,C,1.4,2024-08-28
90003794.SZ,159915,P,1.4,2024-08-28
90003795.SZ,159915,C,1.4,2024-12-25
90003796.SZ,159915,P,1.4,2024-12-25
90003829.SZ,159915,C,1.4,2025-03-26
90003830.SZ,159915,C,1.45,2025-03-26
90003831.SZ,159915,C,1.5,2025-03-26
90003832.SZ,159915,C,1.55,2025-03-26
90003833.SZ,159915,C,1.6,2025-03-26
90003834.SZ,159915,C,1.65,2025-03-26
90003835.SZ,159915,C,1.7,2025-03-26
90003836.SZ,159915,C,1.75,2025-03-26
90003837.SZ,159915,C,1.8,2025-03-26
90003838.SZ,159915,P,1.4,2025-03-26
90003839.SZ,159915,P,1.45,2025-03-26
90003840.SZ,159915,P,1.5,2025-03-26
90003841.SZ,159915,P,1.55,2025-03-26
90003842.SZ,159915,P,1.6,2025-03-26
90003843.SZ,159915,P,1.65,2025-03-26
90003844.SZ,159915,P,1.7,2025-03-26
90003845.SZ,159915,P,1.75,2025-03-26
90003846.SZ,159915,P,1.8,2025-03-26
90003889.SZ,159915,C,1.85,2025-03-26
90003890.SZ,159915,P,1.85,2025-03-26
90003907.SZ,159915,C,1.35,2024-08-28
90003908.SZ,159915,P,1.35,2024-08-28
90003909.SZ,159915,C,1.35,2024-12-25
90003910.SZ,159915,P,1.35,2024-12-25
90003911.SZ,159915,C,1.35,2025-03-26
90003912.SZ,159915,P,1.35,2025-03-26
90003925.SZ,159915,C,1.3,2024-08-28
90003926.SZ,159915,P,1.3,2024-08-28
90003927.SZ,159915,C,1.3,2024-12-25
90003928.SZ,159915,P,1.3,2024-12-25
90003929.SZ,159915,C,1.3,2025-03-26
90003930.SZ,159915,P,1.3,2025-03-26
90003955.SZ,159915,C,1.3,2024-10-23
90003956.SZ,159915,C,1.35,2024-10-23
90003957.SZ,159915,C,1.4,2024-10-23
90003958.SZ,159915,C,1.45,2024-10-23
90003959.SZ,159915,C,1.5,2024-10-23
90003960.SZ,159915,C,1.55,2024-10-23
90003961.SZ,159915,C,1.6,2024-10-23
90003962.SZ,159915,C,1.65,2024-10-23
90003963.SZ,159915,C,1.7,2024-10-23
90003964.SZ,159915,P,1.3,2024-10-23
90003965.SZ,159915,P,1.35,2024-10-23
90003966.SZ,159915,P,1.4,2024-10-23
90003967.SZ,159915,P,1.45,2024-10-23
90003968.SZ,159915,P,1.5,2024-10-23
90003969.SZ,159915,P,1.55,2024-10-23
90003970.SZ,159915,P,1.6,2024-10-23
90003971.SZ,159915,P,1.65,2024-10-23
90003972.SZ,159915,P,1.7,2024-10-23
90004013.SZ,159915,C,1.75,2024-10-23
90004014.SZ,159915,P,1.75,2024-10-23
90004111.SZ,159915,C,1.8,2024-10-23
90004112.SZ,159915,P,1.8,2024-10-23
90004141.SZ,159915,C,1.4,2024-11-27
90004142.SZ,159915,C,1.45,2024-11-27
90004143.SZ,159915,C,1.5,2024-11-27
90004144.SZ,159915,C,1.55,2024-11-27
90004145.SZ,159915,C,1.6,2024-11-27
90004146.SZ,159915,C,1.65,2024-11-27
90004147.SZ,159915,C,1.7,2024-11-27
90004148.SZ,159915,C,1.75,2024-11-27
90004149.SZ,159915,C,1.8,2024-11-27
90004150.SZ,159915,P,1.4,2024-11-27
90004151.SZ,159915,P,1.45,2024-11-27
90004152.SZ,159915,P,1.5,2024-11-27
90004153.SZ,159915,P,1.55,2024-11-27
90004154.SZ,159915,P,1.6,2024-11-27
90004155.SZ,159915,P,1.65,2024-11-27
90004156.SZ,159915,P,1.7,2024-11-27
90004157.SZ,159915,P,1.75,2024-11-27
90004158.SZ,159915,P,1.8,2024-11-27
90004215.SZ,159915,C,1.85,2024-10-23
90004216.SZ,159915,C,1.9,2024-10-23
90004217.SZ,159915,P,1.85,2024-10-23
90004218.SZ,159915,P,1.9,2024-10-23
90004219.SZ,159915,C,1.85,2024-11-27
90004220.SZ,159915,C,1.9,2024-11-27
90004221.SZ,159915,P,1.85,2024-11-27
90004222.SZ,159915,P,1.9,2024-11-27
90004223.SZ,159915,C,1.9,2025-03-26
90004224.SZ,159915,P,1.9,2025-03-26
90004257.SZ,159915,C,1.95,2024-10-23
90004258.SZ,159915,C,2.0,2024-10-23
90004259.SZ,159915,C,2.05,2024-10-23
90004260.SZ,159915,P,1.95,2024-10-23
90004261.SZ,159915,P,2.0,2024-10-23
90004262.SZ,159915,P,2.05,2024-10-23
90004263.SZ,159915,C,1.95,2024-11-27
90004264.SZ,159915,C,2.0,2024-11-27
90004265.SZ,159915,C,2.05,2024-11-27
90004266.SZ,159915,P,1.95,2024-11-27
90004267.SZ,159915,P,2.0,2024-11-27
90004268.SZ,159915,P,2.05,2024-11-27
90004269.SZ,159915,C,1.95,2025-03-26
90004270.SZ,159915,C,2.0,2025-03-26
90004271.SZ,159915,C,2.05,2025-03-26
90004272.SZ,159915,P,1.95,2025-03-26
90004273.SZ,159915,P,2.0,2025-03-26
90004274.SZ,159915,P,2.05,2025-03-26
90004359.SZ,159915,C,2.1,2024-10-23
90004360.SZ,159915,C,2.15,2024-10-23
90004361.SZ,159915,C,2.2,2024-10-23
90004362.SZ,159915,C,2.25,2024-10-23
90004363.SZ,159915,C,2.3,2024-10-23
90004364.SZ,159915,C,2.35,2024-10-23
90004365.SZ,159915,C,2.4,2024-10-23
90004366.SZ,159915,C,2.45,2024-10-23
90004367.SZ,159915,P,2.1,2024-10-23
90004368.SZ,159915,P,2.15,2024-10-23
90004369.SZ,159915,P,2.2,2024-10-23
90004370.SZ,159915,P,2.25,2024-10-23
90004371.SZ,159915,P,2.3,2024-10-23
90004372.SZ,159915,P,2.35,2024-10-23
90004373.SZ,159915,P,2.4,2024-10-23
90004374.SZ,159915,P,2.45,2024-10-23
90004375.SZ,159915,C,2.1,2024-11-27
90004376.SZ,159915,C,2.15,2024-11-27
90004377.SZ,159915,C,2.2,2024-11-27
90004378.SZ,159915,C,2.25,2024-11-27
90004379.SZ,159915,C,2.3,2024-11-27
90004380.SZ,159915,C,2.35,2024-11-27
90004381.SZ,159915,C,2.4,2024-11-27
90004382.SZ,159915,C,2.45,2024-11-27
90004383.SZ,159915,P,2.1,2024-11-27
90004384.SZ,159915,P,2.15,2024-11-27
90004385.SZ,159915,P,2.2,2024-11-27
90004386.SZ,159915,P,2.25,2024-11-27
90004387.SZ,159915,P,2.3,2024-11-27
90004388.SZ,159915,P,2.35,2024-11-27
90004389.SZ,159915,P,2.4,2024-11-27
90004390.SZ,159915,P,2.45,2024-11-27
90004391.SZ,159915,C,2.1,2024-12-25
90004392.SZ,159915,C,2.15,2024-12-25
90004393.SZ,159915,C,2.2,2024-12-25
90004394.SZ,159915,C,2.25,2024-12-25
90004395.SZ,159915,C,2.3,2024-12-25
90004396.SZ,159915,C,2.35,2024-12-25
90004397.SZ,159915,C,2.4,2024-12-25
90004398.SZ,159915,C,2.45,2024-12-25
90004399.SZ,159915,P,2.1,2024-12-25
90004400.SZ,159915,P,2.15,2024-12-25
90004401.SZ,159915,P,2.2,2024-12-25
90004402.SZ,159915,P,2.25,2024-12-25
90004403.SZ,159915,P,2.3,2024-12-25
90004404.SZ,159915,P,2.35,2024-12-25
90004405.SZ,159915,P,2.4,2024-12-25
90004406.SZ,159915,P,2.45,2024-12-25
90004407.SZ,159915,C,2.1,2025-03-26
90004408.SZ,159915,C,2.15,2025-03-26
90004409.SZ,159915,C,2.2,2025-03-26
90004410.SZ,159915,C,2.25,2025-03-26
90004411.SZ,159915,C,2.3,2025-03-26
90004412.SZ,159915,C,2.35,2025-03-26
90004413.SZ,159915,C,2.4,2025-03-26
90004414.SZ,159915,C,2.45,2025-03-26
90004415.SZ,159915,P,2.1,2025-03-26
90004416.SZ,159915,P,2.15,2025-03-26
90004417.SZ,159915,P,2.2,2025-03-26
90004418.SZ,159915,P,2.25,2025-03-26
90004419.SZ,159915,P,2.3,2025-03-26
90004420.SZ,159915,P,2.35,2025-03-26
90004421.SZ,159915,P,2.4,2025-03-26
90004422.SZ,159915,P,2.45,2025-03-26
90004495.SZ,159915,C,2.5,2024-10-23
90004496.SZ,159915,C,2.55,2024-10-23
90004497.SZ,159915,C,2.6,2024-10-23
90004498.SZ,159915,C,2.65,2024-10-23
90004499.SZ,159915,C,2.7,2024-10-23
90004500.SZ,159915,C,2.75,2024-10-23
90004501.SZ,159915,C,2.8,2024-10-23
90004502.SZ,159915,C,2.85,2024-10-23
90004503.SZ,159915,C,2.9,2024-10-23
90004504.SZ,159915,P,2.5,2024-10-23
90004505.SZ,159915,P,2.55,2024-10-23
90004506.SZ,159915,P,2.6,2024-10-23
90004507.SZ,159915,P,2.65,2024-10-23
90004508.SZ,159915,P,2.7,2024-10-23
90004509.SZ,159915,P,2.75,2024-10-23
90004510.SZ,159915,P,2.8,2024-10-23
90004511.SZ,159915,P,2.85,2024-10-23
90004512.SZ,159915,P,2.9,2024-10-23
90004513.SZ,159915,C,2.5,2024-11-27
90004514.SZ,159915,C,2.55,2024-11-27
90004515.SZ,159915,C,2.6,2024-11-27
90004516.SZ,159915,C,2.65,2024-11-27
90004517.SZ,159915,C,2.7,2024-11-27
90004518.SZ,159915,C,2.75,2024-11-27
90004519.SZ,159915,C,2.8,2024-11-27
90004520.SZ,159915,C,2.85,2024-11-27
90004521.SZ,159915,C,2.9,2024-11-27
90004522.SZ,159915,P,2.5,2024-11-27
90004523.SZ,159915,P,2.55,2024-11-27
90004524.SZ,159915,P,2.6,2024-11-27
90004525.SZ,159915,P,2.65,2024-11-27
90004526.SZ,159915,P,2.7,2024-11-27
90004527.SZ,159915,P,2.75,2024-11-27
90004528.SZ,159915,P,2.8,2024-11-27
90004529.SZ,159915,P,2.85,2024-11-27
90004530.SZ,159915,P,2.9,2024-11-27
90004531.SZ,159915,C,2.5,2024-12-25
90004532.SZ,159915,C,2.55,2024-12-25
90004533.SZ,159915,C,2.6,2024-12-25
90004534.SZ,159915,C,2.65,2024-12-25
90004535.SZ,159915,C,2.7,2024-12-25
90004536.SZ,159915,C,2.75,2024-12-25
90004537.SZ,159915,C,2.8,2024-12-25
90004538.SZ,159915,C,2.85,2024-12-25
90004539.SZ,159915,C,2.9,2024-12-25
90004540.SZ,159915,P,2.5,2024-12-25
90004541.SZ,159915,P,2.55,2024-12-25
90004542.SZ,159915,P,2.6,2024-12-25
90004543.SZ,159915,P,2.65,2024-12-25
90004544.SZ,159915,P,2.7,2024-12-25
90004545.SZ,159915,P,2.75,2024-12-25
90004546.SZ,159915,P,2.8,2024-12-25
90004547.SZ,159915,P,2.85,2024-12-25
90004548.SZ,159915,P,2.9,2024-12-25
90004549.SZ,159915,C,2.5,2025-03-26
90004550.SZ,159915,C,2.55,2025-03-26
90004551.SZ,159915,C,2.6,2025-03-26
90004552.SZ,159915,C,2.65,2025-03-26
90004553.SZ,159915,C,2.7,2025-03-26
90004554.SZ,159915,C,2.75,2025-03-26
90004555.SZ,159915,C,2.8,2025-03-26
90004556.SZ,159915,C,2.85,2025-03-26
90004557.SZ,159915,C,2.9,2025-03-26
90004558.SZ,159915,P,2.5,2025-03-26
90004559.SZ,159915,P,2.55,2025-03-26
90004560.SZ,159915,P,2.6,2025-03-26
90004561.SZ,159915,P,2.65,2025-03-26
90004562.SZ,159915,P,2.7,2025-03-26
90004563.SZ,159915,P,2.75,2025-03-26
90004564.SZ,159915,P,2.8,2025-03-26
90004565.SZ,159915,P,2.85,2025-03-26
90004566.SZ,159915,P,2.9,2025-03-26
90004617.SZ,159915,C,1.95,2025-06-25
90004618.SZ,159915,C,2.0,2025-06-25
90004619.SZ,159915,C,2.05,2025-06-25
90004620.SZ,159915,C,2.1,2025-06-25
90004621.SZ,159915,C,2.15,2025-06-25
90004622.SZ,159915,C,2.2,2025-06-25
90004623.SZ,159915,C,2.25,2025-06-25
90004624.SZ,159915,C,2.3,2025-06-25
90004625.SZ,159915,C,2.35,2025-06-25
90004626.SZ,159915,P,1.95,2025-06-25
90004627.SZ,159915,P,2.0,2025-06-25
90004628.SZ,159915,P,2.05,2025-06-25
90004629.SZ,159915,P,2.1,2025-06-25
90004630.SZ,159915,P,2.15,2025-06-25
90004631.SZ,159915,P,2.2,2025-06-25
90004632.SZ,159915,P,2.25,2025-06-25
90004633.SZ,159915,P,2.3,2025-06-25
90004634.SZ,159915,P,2.35,2025-06-25
90004675.SZ,159915,C,2.4,2025-06-25
90004676.SZ,159915,P,2.4,2025-06-25
90004679.SZ,159915,C,1.9,2025-06-25
90004680.SZ,159915,P,1.9,2025-06-25
90004685.SZ,159915,C,2.45,2025-06-25
90004686.SZ,159915,P,2.45,2025-06-25
90004691.SZ,159915,C,2.5,2025-06-25
90004692.SZ,159915,P,2.5,2025-06-25
90004699.SZ,159915,C,2.55,2025-06-25
90004700.SZ,159915,P,2.55,2025-06-25
90004729.SZ,159915,C,1.95,2025-01-22
90004730.SZ,159915,C,2.0,2025-01-22
90004731.SZ,159915,C,2.05,2025-01-22
90004732.SZ,159915,C,2.1,2025-01-22
90004733.SZ,159915,C,2.15,2025-01-22
90004734.SZ,159915,C,2.2,2025-01-22
90004735.SZ,159915,C,2.25,2025-01-22
90004736.SZ,159915,C,2.3,2025-01-22
90004737.SZ,159915,C,2.35,2025-01-22
90004738.SZ,159915,P,1.95,2025-01-22
90004739.SZ,159915,P,2.0,2025-01-22
90004740.SZ,159915,P,2.05,2025-01-22
90004741.SZ,159915,P,2.1,2025-01-22
90004742.SZ,159915,P,2.15,2025-01-22
90004743.SZ,159915,P,2.2,2025-01-22
90004744.SZ,159915,P,2.25,2025-01-22
90004745.SZ,159915,P,2.3,2025-01-22
90004746.SZ,159915,P,2.35,2025-01-22
90004857.SZ,159915,C,2.4,2025-01-22
90004858.SZ,159915,P,2.4,2025-01-22
90004873.SZ,159915,C,2.45,2025-01-22
90004874.SZ,159915,P,2.45,2025-01-22
90004901.SZ,159915,C,1.95,2025-02-26
90004902.SZ,159915,C,2.0,2025-02-26
90004903.SZ,159915,C,2.05,2025-02-26
90004904.SZ,159915,C,2.1,2025-02-26
90004905.SZ,159915,C,2.15,2025-02-26
90004906.SZ,159915,C,2.2,2025-02-26
90004907.SZ,159915,C,2.25,2025-02-26
90004908.SZ,159915,C,2.3,2025-02-26
90004909.SZ,159915,C,2.35,2025-02-26
90004910.SZ,159915,P,1.95,2025-02-26
90004911.SZ,159915,P,2.0,2025-02-26
90004912.SZ,159915,P,2.05,2025-02-26
90004913.SZ,159915,P,2.1,2025-02-26
90004914.SZ,159915,P,2.15,2025-02-26
90004915.SZ,159915,P,2.2,2025-02-26
90004916.SZ,159915,P,2.25,2025-02-26
90004917.SZ,159915,P,2.3,2025-02-26
90004918.SZ,159915,P,2.35,2025-02-26
90004959.SZ,159915,C,1.9,2025-01-22
90004960.SZ,159915,P,1.9,2025-01-22
90004961.SZ,159915,C,1.9,2025-02-26
90004962.SZ,159915,P,1.9,2025-02-26
90004979.SZ,159915,C,1.8,2025-01-22
90004980.SZ,159915,C,1.85,2025-01-22
90004981.SZ,159915,P,1.8,2025-01-22
90004982.SZ,159915,P,1.85,2025-01-22
90004983.SZ,159915,C,1.8,2025-02-26
90004984.SZ,159915,C,1.85,2025-02-26
90004985.SZ,159915,P,1.8,2025-02-26
90004986.SZ,159915,P,1.85,2025-02-26
90004987.SZ,159915,C,1.8,2025-06-25
90004988.SZ,159915,C,1.85,2025-06-25
90004989.SZ,159915,P,1.8,2025-06-25
90004990.SZ,159915,P,1.85,2025-06-25
90005025.SZ,159915,C,1.75,2025-01-22
90005026.SZ,159915,P,1.75,2025-01-22
90005027.SZ,159915,C,1.75,2025-02-26
90005028.SZ,159915,P,1.75,2025-02-26
90005029.SZ,159915,C,1.75,2025-06-25
90005030.SZ,159915,P,1.75,2025-06-25
90005061.SZ,159915,C,1.85,2025-09-24
90005062.SZ,159915,C,1.9,2025-09-24
90005063.SZ,159915,C,1.95,2025-09-24
90005064.SZ,159915,C,2.0,2025-09-24
90005065.SZ,159915,C,2.05,2025-09-24
90005066.SZ,159915,C,2.1,2025-09-24
90005067.SZ,159915,C,2.15,2025-09-24
90005068.SZ,159915,C,2.2,2025-09-24
90005069.SZ,159915,C,2.25,2025-09-24
90005070.SZ,159915,P,1.85,2025-09-24
90005071.SZ,159915,P,1.9,2025-09-24
90005072.SZ,159915,P,1.95,2025-09-24
90005073.SZ,159915,P,2.0,2025-09-24
90005074.SZ,159915,P,2.05,2025-09-24
90005075.SZ,159915,P,2.1,2025-09-24
90005076.SZ,159915,P,2.15,2025-09-24
90005077.SZ,159915,P,2.2,2025-09-24
90005078.SZ,159915,P,2.25,2025-09-24
90005117.SZ,159915,C,2.3,2025-09-24
90005118.SZ,159915,P,2.3,2025-09-24
90005119.SZ,159915,C,1.8,2025-09-24
90005120.SZ,159915,P,1.8,2025-09-24
90005125.SZ,159915,C,2.35,2025-09-24
90005126.SZ,159915,P,2.35,2025-09-24
90005137.SZ,159915,C,2.4,2025-02-26
90005138.SZ,159915,P,2.4,2025-02-26
90005139.SZ,159915,C,2.4,2025-09-24
90005140.SZ,159915,P,2.4,2025-09-24
90005141.SZ,159915,C,2.45,2025-02-26
90005142.SZ,159915,P,2.45,2025-02-26
90005143.SZ,159915,C,2.45,2025-09-24
90005144.SZ,159915,P,2.45,2025-09-24
90005165.SZ,159915,C,2.0,2025-04-23
90005166.SZ,159915,C,2.05,2025-04-23
90005167.SZ,159915,C,2.1,2025-04-23
90005168.SZ,159915,C,2.15,2025-04-23
90005169.SZ,159915,C,2.2,2025-04-23
90005170.SZ,159915,C,2.25,2025-04-23
90005171.SZ,159915,C,2.3,2025-04-23
90005172.SZ,159915,C,2.35,2025-04-23
90005173.SZ,159915,C,2.4,2025-04-23
90005174.SZ,159915,P,2.0,2025-04-23
90005175.SZ,159915,P,2.05,2025-04-23
90005176.SZ,159915,P,2.1,2025-04-23
90005177.SZ,159915,P,2.15,2025-04-23
90005178.SZ,159915,P,2.2,2025-04-23
90005179.SZ,159915,P,2.25,2025-04-23
90005180.SZ,159915,P,2.3,2025-04-23
90005181.SZ,159915,P,2.35,2025-04-23
90005182.SZ,159915,P,2.4,2025-04-23
90005221.SZ,159915,C,1.95,2025-04-23
90005222.SZ,159915,P,1.95,2025-04-23
90005233.SZ,159915,C,1.9,2025-04-23
90005234.SZ,159915,P,1.9,2025-04-23
90005253.SZ,159915,C,1.9,2025-05-28
90005254.SZ,159915,C,1.95,2025-05-28
90005255.SZ,159915,C,2.0,2025-05-28
90005256.SZ,159915,C,2.05,2025-05-28
90005257.SZ,159915,C,2.1,2025-05-28
90005258.SZ,159915,C,2.15,2025-05-28
90005259.SZ,159915,C,2.2,2025-05-28
90005260.SZ,159915,C,2.25,2025-05-28
90005261.SZ,159915,C,2.3,2025-05-28
90005262.SZ,159915,P,1.9,2025-05-28
90005263.SZ,159915,P,1.95,2025-05-28
90005264.SZ,159915,P,2.0,2025-05-28
90005265.SZ,159915,P,2.05,2025-05-28
90005266.SZ,159915,P,2.1,2025-05-28
90005267.SZ,159915,P,2.15,2025-05-28
90005268.SZ,159915,P,2.2,2025-05-28
90005269.SZ,159915,P,2.25,2025-05-28
90005270.SZ,159915,P,2.3,2025-05-28
90005383.SZ,159915,C,1.85,2025-04-23
90005384.SZ,159915,P,1.85,2025-04-23
90005385.SZ,159915,C,1.85,2025-05-28
90005386.SZ,159915,P,1.85,2025-05-28
90005427.SZ,159915,C,1.6,2025-04-23
90005428.SZ,159915,C,1.65,2025-04-23
90005429.SZ,159915,C,1.7,2025-04-23
90005430.SZ,159915,C,1.75,2025-04-23
90005431.SZ,159915,C,1.8,2025-04-23
90005432.SZ,159915,P,1.6,2025-04-23
90005433.SZ,159915,P,1.65,2025-04-23
90005434.SZ,159915,P,1.7,2025-04-23
90005435.SZ,159915,P,1.75,2025-04-23
90005436.SZ,159915,P,1.8,2025-04-23
90005437.SZ,159915,C,1.6,2025-05-28
90005438.SZ,159915,C,1.65,2025-05-28
90005439.SZ,159915,C,1.7,2025-05-28
90005440.SZ,159915,C,1.75,2025-05-28
90005441.SZ,159915,C,1.8,2025-05-28
90005442.SZ,159915,P,1.6,2025-05-28
90005443.SZ,159915,P,1.65,2025-05-28
90005444.SZ,159915,P,1.7,2025-05-28
90005445.SZ,159915,P,1.75,2025-05-28
90005446.SZ,159915,P,1.8,2025-05-28
90005447.SZ,159915,C,1.6,2025-06-25
90005448.SZ,159915,C,1.65,2025-06-25
90005449.SZ,159915,C,1.7,2025-06-25
90005450.SZ,159915,P,1.6,2025-06-25
90005451.SZ,159915,P,1.65,2025-06-25
90005452.SZ,159915,P,1.7,2025-06-25
90005453.SZ,159915,C,1.6,2025-09-24
90005454.SZ,159915,C,1.65,2025-09-24
90005455.SZ,159915,C,1.7,2025-09-24
90005456.SZ,159915,C,1.75,2025-09-24
90005457.SZ,159915,P,1.6,2025-09-24
90005458.SZ,159915,P,1.65,2025-09-24
90005459.SZ,159915,P,1.7,2025-09-24
90005460.SZ,159915,P,1.75,2025-09-24
90005531.SZ,159915,C,1.7,2025-12-24
90005532.SZ,159915,C,1.75,2025-12-24
90005533.SZ,159915,C,1.8,2025-12-24
90005534.SZ,159915,C,1.85,2025-12-24
90005535.SZ,159915,C,1.9,2025-12-24
90005536.SZ,159915,C,1.95,2025-12-24
90005537.SZ,159915,C,2.0,2025-12-24
90005538.SZ,159915,C,2.05,2025-12-24
90005539.SZ,159915,C,2.1,2025-12-24
90005540.SZ,159915,P,1.7,2025-12-24
90005541.SZ,159915,P,1.75,2025-12-24
90005542.SZ,159915,P,1.8,2025-12-24
90005543.SZ,159915,P,1.85,2025-12-24
90005544.SZ,159915,P,1.9,2025-12-24
90005545.SZ,159915,P,1.95,2025-12-24
90005546.SZ,159915,P,2.0,2025-12-24
90005547.SZ,159915,P,2.05,2025-12-24
90005548.SZ,159915,P,2.1,2025-12-24
90005587.SZ,159915,C,2.15,2025-12-24
90005588.SZ,159915,P,2.15,2025-12-24
90005593.SZ,159915,C,2.2,2025-12-24
90005594.SZ,159915,P,2.2,2025-12-24
90005597.SZ,159915,C,2.25,2025-12-24
90005598.SZ,159915,P,2.25,2025-12-24
90005627.SZ,159915,C,1.75,2025-07-23
90005628.SZ,159915,C,1.8,2025-07-23
90005629.SZ,159915,C,1.85,2025-07-23
90005630.SZ,159915,C,1.9,2025-07-23
90005631.SZ,159915,C,1.95,2025-07-23
90005632.SZ,159915,C,2.0,2025-07-23
90005633.SZ,159915,C,2.05,2025-07-23
90005634.SZ,159915,C,2.1,2025-07-23
90005635.SZ,159915,C,2.15,2025-07-23
90005636.SZ,159915,P,1.75,2025-07-23
90005637.SZ,159915,P,1.8,2025-07-23
90005638.SZ,159915,P,1.85,2025-07-23
90005639.SZ,159915,P,1.9,2025-07-23
90005640.SZ,159915,P,1.95,2025-07-23
90005641.SZ,159915,P,2.0,2025-07-23
90005642.SZ,159915,P,2.05,2025-07-23
90005643.SZ,159915,P,2.1,2025-07-23
90005644.SZ,159915,P,2.15,2025-07-23
90005681.SZ,159915,C,2.2,2025-07-23
90005682.SZ,159915,P,2.2,2025-07-23
90005687.SZ,159915,C,2.25,2025-07-23
90005688.SZ,159915,P,2.25,2025-07-23
90005713.SZ,159915,C,1.9,2025-08-27
90005714.SZ,159915,C,1.95,2025-08-27
90005715.SZ,159915,C,2.0,2025-08-27
90005716.SZ,159915,C,2.05,2025-08-27
90005717.SZ,159915,C,2.1,2025-08-27
90005718.SZ,159915,C,2.15,2025-08-27
90005719.SZ,159915,C,2.2,2025-08-27
90005720.SZ,159915,C,2.25,2025-08-27
90005721.SZ,159915,C,2.3,2025-08-27
90005722.SZ,159915,P,1.9,2025-08-27
90005723.SZ,159915,P,1.95,2025-08-27
90005724.SZ,159915,P,2.0,2025-08-27
90005725.SZ,159915,P,2.05,2025-08-27
90005726.SZ,159915,P,2.1,2025-08-27
90005727.SZ,159915,P,2.15,2025-08-27
90005728.SZ,159915,P,2.2,2025-08-27
90005729.SZ,159915,P,2.25,2025-08-27
90005730.SZ,159915,P,2.3,2025-08-27
90005769.SZ,159915,C,2.3,2025-07-23
90005770.SZ,159915,P,2.3,2025-07-23
90005771.SZ,159915,C,2.3,2025-12-24
90005772.SZ,159915,P,2.3,2025-12-24
90005775.SZ,159915,C,2.35,2025-07-23
90005776.SZ,159915,P,2.35,2025-07-23
90005777.SZ,159915,C,2.35,2025-08-27
90005778.SZ,159915,P,2.35,2025-08-27
90005779.SZ,159915,C,2.35,2025-12-24
90005780.SZ,159915,P,2.35,2025-12-24
90005801.SZ,159915,C,2.4,2025-07-23
90005802.SZ,159915,P,2.4,2025-07-23
90005803.SZ,159915,C,2.4,2025-08-27
90005804.SZ,159915,P,2.4,2025-08-27
90005805.SZ,159915,C,2.4,2025-12-24
90005806.SZ,159915,P,2.4,2025-12-24
90005819.SZ,159915,C,2.45,2025-07-23
90005820.SZ,159915,P,2.45,2025-07-23
90005821.SZ,159915,C,2.45,2025-08-27
90005822.SZ,159915,P,2.45,2025-08-27
90005823.SZ,159915,C,2.45,2025-12-24
90005824.SZ,159915,P,2.45,2025-12-24
90005841.SZ,159915,C,2.5,2025-07-23
90005842.SZ,159915,P,2.5,2025-07-23
90005843.SZ,159915,C,2.5,2025-08-27
90005844.SZ,159915,P,2.5,2025-08-27
90005845.SZ,159915,C,2.5,2025-09-24
90005846.SZ,159915,P,2.5,2025-09-24
90005847.SZ,159915,C,2.5,2025-12-24
90005848.SZ,159915,P,2.5,2025-12-24
90005883.SZ,159915,C,2.1,2026-03-25
90005884.SZ,159915,C,2.15,2026-03-25
90005885.SZ,159915,C,2.2,2026-03-25
90005886.SZ,159915,C,2.25,2026-03-25
90005887.SZ,159915,C,2.3,2026-03-25
90005888.SZ,159915,C,2.35,2026-03-25
90005889.SZ,159915,C,2.4,2026-03-25
90005890.SZ,159915,C,2.45,2026-03-25
90005891.SZ,159915,C,2.5,2026-03-25
90005892.SZ,159915,P,2.1,2026-03-25
90005893.SZ,159915,P,2.15,2026-03-25
90005894.SZ,159915,P,2.2,2026-03-25
90005895.SZ,159915,P,2.25,2026-03-25
90005896.SZ,159915,P,2.3,2026-03-25
90005897.SZ,159915,P,2.35,2026-03-25
90005898.SZ,159915,P,2.4,2026-03-25
90005899.SZ,159915,P,2.45,2026-03-25
90005900.SZ,159915,P,2.5,2026-03-25
90005939.SZ,159915,C,2.55,2025-08-27
90005940.SZ,159915,P,2.55,2025-08-27
90005941.SZ,159915,C,2.55,2025-09-24
90005942.SZ,159915,P,2.55,2025-09-24
90005943.SZ,159915,C,2.55,2025-12-24
90005944.SZ,159915,P,2.55,2025-12-24
90005945.SZ,159915,C,2.55,2026-03-25
90005946.SZ,159915,P,2.55,2026-03-25
90005963.SZ,159915,C,2.6,2025-08-27
90005964.SZ,159915,P,2.6,2025-08-27
90005965.SZ,159915,C,2.6,2025-09-24
90005966.SZ,159915,P,2.6,2025-09-24
90005967.SZ,159915,C,2.6,2025-12-24
90005968.SZ,159915,P,2.6,2025-12-24
90005969.SZ,159915,C,2.6,2026-03-25
90005970.SZ,159915,P,2.6,2026-03-25
90005987.SZ,159915,C,2.65,2025-08-27
90005988.SZ,159915,P,2.65,2025-08-27
90005989.SZ,159915,C,2.65,2025-09-24
90005990.SZ,159915,P,2.65,2025-09-24
90005991.SZ,159915,C,2.65,2025-12-24
90005992.SZ,159915,P,2.65,2025-12-24
90005993.SZ,159915,C,2.65,2026-03-25
90005994.SZ,159915,P,2.65,2026-03-25
90006003.SZ,159915,C,2.7,2025-08-27
90006004.SZ,159915,P,2.7,2025-08-27
90006005.SZ,159915,C,2.7,2025-09-24
90006006.SZ,159915,P,2.7,2025-09-24
90006007.SZ,159915,C,2.7,2025-12-24
90006008.SZ,159915,P,2.7,2025-12-24
90006009.SZ,159915,C,2.7,2026-03-25
90006010.SZ,159915,P,2.7,2026-03-25
90006019.SZ,159915,C,2.75,2025-08-27
90006020.SZ,159915,C,2.8,2025-08-27
90006021.SZ,159915,P,2.75,2025-08-27
90006022.SZ,159915,P,2.8,2025-08-27
90006023.SZ,159915,C,2.75,2025-09-24
90006024.SZ,159915,C,2.8,2025-09-24
90006025.SZ,159915,P,2.75,2025-09-24
90006026.SZ,159915,P,2.8,2025-09-24
90006027.SZ,159915,C,2.75,2025-12-24
90006028.SZ,159915,C,2.8,2025-12-24
90006029.SZ,159915,P,2.75,2025-12-24
90006030.SZ,159915,P,2.8,2025-12-24
90006031.SZ,159915,C,2.75,2026-03-25
90006032.SZ,159915,C,2.8,2026-03-25
90006033.SZ,159915,P,2.75,2026-03-25
90006034.SZ,159915,P,2.8,2026-03-25
90006067.SZ,159915,C,2.85,2025-08-27
90006068.SZ,159915,P,2.85,2025-08-27
90006069.SZ,159915,C,2.85,2025-09-24
90006070.SZ,159915,P,2.85,2025-09-24
90006071.SZ,159915,C,2.85,2025-12-24
90006072.SZ,159915,P,2.85,2025-12-24
90006073.SZ,159915,C,2.85,2026-03-25
90006074.SZ,159915,P,2.85,2026-03-25
90006091.SZ,159915,C,2.9,2025-08-27
90006092.SZ,159915,C,2.95,2025-08-27
90006093.SZ,159915,P,2.9,2025-08-27
90006094.SZ,159915,P,2.95,2025-08-27
90006095.SZ,159915,C,2.9,2025-09-24
90006096.SZ,159915,C,2.95,2025-09-24
90006097.SZ,159915,P,2.9,2025-09-24
90006098.SZ,159915,P,2.95,2025-09-24
90006099.SZ,159915,C,2.9,2025-12-24
90006100.SZ,159915,C,2.95,2025-12-24
90006101.SZ,159915,P,2.9,2025-12-24
90006102.SZ,159915,P,2.95,2025-12-24
90006103.SZ,159915,C,2.9,2026-03-25
90006104.SZ,159915,C,2.95,2026-03-25
90006105.SZ,159915,P,2.9,2026-03-25
90006106.SZ,159915,P,2.95,2026-03-25
90006141.SZ,159915,C,2.5,2025-10-22
90006142.SZ,159915,C,2.55,2025-10-22
90006143.SZ,159915,C,2.6,2025-10-22
90006144.SZ,159915,C,2.65,2025-10-22
90006145.SZ,159915,C,2.7,2025-10-22
90006146.SZ,159915,C,2.75,2025-10-22
90006147.SZ,159915,C,2.8,2025-10-22
90006148.SZ,159915,C,2.85,2025-10-22
90006149.SZ,159915,C,2.9,2025-10-22
90006150.SZ,159915,P,2.5,2025-10-22
90006151.SZ,159915,P,2.55,2025-10-22
90006152.SZ,159915,P,2.6,2025-10-22
90006153.SZ,159915,P,2.65,2025-10-22
90006154.SZ,159915,P,2.7,2025-10-22
90006155.SZ,159915,P,2.75,2025-10-22
90006156.SZ,159915,P,2.8,2025-10-22
90006157.SZ,159915,P,2.85,2025-10-22
90006158.SZ,159915,P,2.9,2025-10-22
90006197.SZ,159915,C,3.0,2025-09-24
90006198.SZ,159915,P,3.0,2025-09-24
90006199.SZ,159915,C,2.95,2025-10-22
90006200.SZ,159915,C,3.0,2025-10-22
90006201.SZ,159915,P,2.95,2025-10-22
90006202.SZ,159915,P,3.0,2025-10-22
90006203.SZ,159915,C,3.0,2025-12-24
90006204.SZ,159915,P,3.0,2025-12-24
90006205.SZ,159915,C,3.0,2026-03-25
90006206.SZ,159915,P,3.0,2026-03-25
90006225.SZ,159915,C,3.1,2025-09-24
90006226.SZ,159915,P,3.1,2025-09-24
90006227.SZ,159915,C,3.1,2025-10-22
90006228.SZ,159915,P,3.1,2025-10-22
90006229.SZ,159915,C,3.1,2025-12-24
90006230.SZ,159915,P,3.1,2025-12-24
90006231.SZ,159915,C,3.1,2026-03-25
90006232.SZ,159915,P,3.1,2026-03-25
90006233.SZ,159915,C,3.2,2025-09-24
90006234.SZ,159915,C,3.3,2025-09-24
90006235.SZ,159915,P,3.2,2025-09-24
90006236.SZ,159915,P,3.3,2025-09-24
90006237.SZ,159915,C,3.2,2025-10-22
90006238.SZ,159915,C,3.3,2025-10-22
90006239.SZ,159915,P,3.2,2025-10-22
90006240.SZ,159915,P,3.3,2025-10-22
90006241.SZ,159915,C,3.2,2025-12-24
90006242.SZ,159915,C,3.3,2025-12-24
90006243.SZ,159915,P,3.2,2025-12-24
90006244.SZ,159915,P,3.3,2025-12-24
90006245.SZ,159915,C,3.2,2026-03-25
90006246.SZ,159915,C,3.3,2026-03-25
90006247.SZ,159915,P,3.2,2026-03-25
90006248.SZ,159915,P,3.3,2026-03-25
90006277.SZ,159915,C,3.4,2025-09-24
90006278.SZ,159915,P,3.4,2025-09-24
90006279.SZ,159915,C,3.4,2025-10-22
90006280.SZ,159915,P,3.4,2025-10-22
90006281.SZ,159915,C,3.4,2025-12-24
90006282.SZ,159915,P,3.4,2025-12-24
90006283.SZ,159915,C,3.4,2026-03-25
90006284.SZ,159915,P,3.4,2026-03-25
90006285.SZ,159915,C,3.5,2025-09-24
90006286.SZ,159915,P,3.5,2025-09-24
90006287.SZ,159915,C,3.5,2025-10-22
90006288.SZ,159915,P,3.5,2025-10-22
90006289.SZ,159915,C,3.5,2025-12-24
90006290.SZ,159915,P,3.5,2025-12-24
90006291.SZ,159915,C,3.5,2026-03-25
90006292.SZ,159915,P,3.5,2026-03-25
90006319.SZ,159915,C,2.9,2025-11-26
90006320.SZ,159915,C,2.95,2025-11-26
90006321.SZ,159915,C,3.0,2025-11-26
90006322.SZ,159915,C,3.1,2025-11-26
90006323.SZ,159915,C,3.2,2025-11-26
90006324.SZ,159915,C,3.3,2025-11-26
90006325.SZ,159915,C,3.4,2025-11-26
90006326.SZ,159915,C,3.5,2025-11-26
90006327.SZ,159915,C,3.6,2025-11-26
90006328.SZ,159915,P,2.9,2025-11-26
90006329.SZ,159915,P,2.95,2025-11-26
90006330.SZ,159915,P,3.0,2025-11-26
90006331.SZ,159915,P,3.1,2025-11-26
90006332.SZ,159915,P,3.2,2025-11-26
90006333.SZ,159915,P,3.3,2025-11-26
90006334.SZ,159915,P,3.4,2025-11-26
90006335.SZ,159915,P,3.5,2025-11-26
90006336.SZ,159915,P,3.6,2025-11-26
90006379.SZ,159915,C,3.6,2025-10-22
90006380.SZ,159915,P,3.6,2025-10-22
90006381.SZ,159915,C,3.6,2025-12-24
90006382.SZ,159915,P,3.6,2025-12-24
90006383.SZ,159915,C,3.6,2026-03-25
90006384.SZ,159915,P,3.6,2026-03-25
90006387.SZ,159915,C,2.85,2025-11-26
90006388.SZ,159915,P,2.85,2025-11-26
90006431.SZ,159915,C,2.75,2025-11-26
90006432.SZ,159915,C,2.8,2025-11-26
90006433.SZ,159915,P,2.75,2025-11-26
90006434.SZ,159915,P,2.8,2025-11-26
90006437.SZ,159915,C,2.7,2025-11-26
90006438.SZ,159915,P,2.7,2025-11-26
90006459.SZ,159915,C,2.8,2026-06-24
90006460.SZ,159915,C,2.85,2026-06-24
90006461.SZ,159915,C,2.9,2026-06-24
90006462.SZ,159915,C,2.95,2026-06-24
90006463.SZ,159915,C,3.0,2026-06-24
90006464.SZ,159915,C,3.1,2026-06-24
90006465.SZ,159915,C,3.2,2026-06-24
90006466.SZ,159915,C,3.3,2026-06-24
90006467.SZ,159915,C,3.4,2026-06-24
90006468.SZ,159915,P,2.8,2026-06-24
90006469.SZ,159915,P,2.85,2026-06-24
90006470.SZ,159915,P,2.9,2026-06-24
90006471.SZ,159915,P,2.95,2026-06-24
90006472.SZ,159915,P,3.0,2026-06-24
90006473.SZ,159915,P,3.1,2026-06-24
90006474.SZ,159915,P,3.2,2026-06-24
90006475.SZ,159915,P,3.3,2026-06-24
90006476.SZ,159915,P,3.4,2026-06-24
90006517.SZ,159915,C,3.5,2026-06-24
90006518.SZ,159915,P,3.5,2026-06-24
90006521.SZ,159915,C,3.6,2026-06-24
90006522.SZ,159915,P,3.6,2026-06-24
90006529.SZ,159915,C,3.7,2025-11-26
90006530.SZ,159915,P,3.7,2025-11-26
90006531.SZ,159915,C,3.7,2025-12-24
90006532.SZ,159915,P,3.7,2025-12-24
90006533.SZ,159915,C,3.7,2026-03-25
90006534.SZ,159915,P,3.7,2026-03-25
90006535.SZ,159915,C,3.7,2026-06-24
90006536.SZ,159915,P,3.7,2026-06-24
90006619.SZ,159915,C,2.7,2026-06-24
90006620.SZ,159915,C,2.75,2026-06-24
90006621.SZ,159915,P,2.7,2026-06-24
90006622.SZ,159915,P,2.75,2026-06-24
90006653.SZ,159915,C,2.8,2026-01-28
90006654.SZ,159915,C,2.85,2026-01-28
90006655.SZ,159915,C,2.9,2026-01-28
90006656.SZ,159915,C,2.95,2026-01-28
90006657.SZ,159915,C,3.0,2026-01-28
90006658.SZ,159915,C,3.1,2026-01-28
90006659.SZ,159915,C,3.2,2026-01-28
90006660.SZ,159915,C,3.3,2026-01-28
90006661.SZ,159915,C,3.4,2026-01-28
90006662.SZ,159915,P,2.8,2026-01-28
90006663.SZ,159915,P,2.85,2026-01-28
90006664.SZ,159915,P,2.9,2026-01-28
90006665.SZ,159915,P,2.95,2026-01-28
90006666.SZ,159915,P,3.0,2026-01-28
90006667.SZ,159915,P,3.1,2026-01-28
90006668.SZ,159915,P,3.2,2026-01-28
90006669.SZ,159915,P,3.3,2026-01-28
90006670.SZ,159915,P,3.4,2026-01-28
90006709.SZ,159915,C,3.5,2026-01-28
90006710.SZ,159915,P,3.5,2026-01-28
90006863.SZ,159915,C,3.6,2026-01-28
90006864.SZ,159915,P,3.6,2026-01-28
90006907.SZ,159915,C,2.9,2026-02-25
90006908.SZ,159915,C,2.95,2026-02-25
90006909.SZ,159915,C,3.0,2026-02-25
90006910.SZ,159915,C,3.1,2026-02-25
90006911.SZ,159915,C,3.2,2026-02-25
90006912.SZ,159915,C,3.3,2026-02-25
90006913.SZ,159915,C,3.4,2026-02-25
90006914.SZ,159915,C,3.5,2026-02-25
90006915.SZ,159915,C,3.6,2026-02-25
90006916.SZ,159915,P,2.9,2026-02-25
90006917.SZ,159915,P,2.95,2026-02-25
90006918.SZ,159915,P,3.0,2026-02-25
90006919.SZ,159915,P,3.1,2026-02-25
90006920.SZ,159915,P,3.2,2026-02-25
90006921.SZ,159915,P,3.3,2026-02-25
90006922.SZ,159915,P,3.4,2026-02-25
90006923.SZ,159915,P,3.5,2026-02-25
90006924.SZ,159915,P,3.6,2026-02-25
90006983.SZ,159915,C,3.7,2026-01-28
90006984.SZ,159915,P,3.7,2026-01-28
90006985.SZ,159915,C,3.7,2026-02-25
90006986.SZ,159915,P,3.7,2026-02-25
90007019.SZ,159915,C,3.8,2026-01-28
90007020.SZ,159915,P,3.8,2026-01-28
90007021.SZ,159915,C,3.8,2026-02-25
90007022.SZ,159915,P,3.8,2026-02-25
90007023.SZ,159915,C,3.8,2026-03-25
90007024.SZ,159915,P,3.8,2026-03-25
90007025.SZ,159915,C,3.8,2026-06-24
90007026.SZ,159915,P,3.8,2026-06-24
90007069.SZ,159915,C,2.95,2026-09-23
90007070.SZ,159915,C,3.0,2026-09-23
90007071.SZ,159915,C,3.1,2026-09-23
90007072.SZ,159915,C,3.2,2026-09-23
90007073.SZ,159915,C,3.3,2026-09-23
90007074.SZ,159915,C,3.4,2026-09-23
90007075.SZ,159915,C,3.5,2026-09-23
90007076.SZ,159915,C,3.6,2026-09-23
90007077.SZ,159915,C,3.7,2026-09-23
90007078.SZ,159915,P,2.95,2026-09-23
90007079.SZ,159915,P,3.0,2026-09-23
90007080.SZ,159915,P,3.1,2026-09-23
90007081.SZ,159915,P,3.2,2026-09-23
90007082.SZ,159915,P,3.3,2026-09-23
90007083.SZ,159915,P,3.4,2026-09-23
90007084.SZ,159915,P,3.5,2026-09-23
90007085.SZ,159915,P,3.6,2026-09-23
90007086.SZ,159915,P,3.7,2026-09-23
90007137.SZ,159915,C,2.9,2026-09-23
90007138.SZ,159915,P,2.9,2026-09-23
90007157.SZ,159915,C,2.95,2026-04-22
90007158.SZ,159915,C,3.0,2026-04-22
90007159.SZ,159915,C,3.1,2026-04-22
90007160.SZ,159915,C,3.2,2026-04-22
90007161.SZ,159915,C,3.3,2026-04-22
90007162.SZ,159915,C,3.4,2026-04-22
90007163.SZ,159915,C,3.5,2026-04-22
90007164.SZ,159915,C,3.6,2026-04-22
90007165.SZ,159915,C,3.7,2026-04-22
90007166.SZ,159915,P,2.95,2026-04-22
90007167.SZ,159915,P,3.0,2026-04-22
90007168.SZ,159915,P,3.1,2026-04-22
90007169.SZ,159915,P,3.2,2026-04-22
90007170.SZ,159915,P,3.3,2026-04-22
90007171.SZ,159915,P,3.4,2026-04-22
90007172.SZ,159915,P,3.5,2026-04-22
90007173.SZ,159915,P,3.6,2026-04-22
90007174.SZ,159915,P,3.7,2026-04-22
90007215.SZ,159915,C,2.9,2026-04-22
90007216.SZ,159915,P,2.9,2026-04-22
90007261.SZ,159915,C,2.95,2026-05-27
90007262.SZ,159915,C,3.0,2026-05-27
90007263.SZ,159915,C,3.1,2026-05-27
90007264.SZ,159915,C,3.2,2026-05-27
90007265.SZ,159915,C,3.3,2026-05-27
90007266.SZ,159915,C,3.4,2026-05-27
90007267.SZ,159915,C,3.5,2026-05-27
90007268.SZ,159915,C,3.6,2026-05-27
90007269.SZ,159915,C,3.7,2026-05-27
90007270.SZ,159915,P,2.95,2026-05-27
90007271.SZ,159915,P,3.0,2026-05-27
90007272.SZ,159915,P,3.1,2026-05-27
90007273.SZ,159915,P,3.2,2026-05-27
90007274.SZ,159915,P,3.3,2026-05-27
90007275.SZ,159915,P,3.4,2026-05-27
90007276.SZ,159915,P,3.5,2026-05-27
90007277.SZ,159915,P,3.6,2026-05-27
90007278.SZ,159915,P,3.7,2026-05-27
90007317.SZ,159915,C,2.9,2026-05-27
90007318.SZ,159915,P,2.9,2026-05-27
90007319.SZ,159915,C,2.85,2026-04-22
90007320.SZ,159915,P,2.85,2026-04-22
90007321.SZ,159915,C,2.85,2026-05-27
90007322.SZ,159915,P,2.85,2026-05-27
90007323.SZ,159915,C,2.85,2026-09-23
90007324.SZ,159915,P,2.85,2026-09-23
90007339.SZ,159915,C,3.8,2026-04-22
90007340.SZ,159915,P,3.8,2026-04-22
90007341.SZ,159915,C,3.8,2026-05-27
90007342.SZ,159915,P,3.8,2026-05-27
90007343.SZ,159915,C,3.8,2026-09-23
90007344.SZ,159915,P,3.8,2026-09-23
90007345.SZ,159915,C,3.9,2026-04-22
90007346.SZ,159915,P,3.9,2026-04-22
90007347.SZ,159915,C,3.9,2026-05-27
90007348.SZ,159915,P,3.9,2026-05-27
90007349.SZ,159915,C,3.9,2026-06-24
90007350.SZ,159915,P,3.9,2026-06-24
90007351.SZ,159915,C,3.9,2026-09-23
90007352.SZ,159915,P,3.9,2026-09-23
90007361.SZ,159915,C,4.0,2026-04-22
90007362.SZ,159915,P,4.0,2026-04-22
90007363.SZ,159915,C,4.0,2026-05-27
90007364.SZ,159915,P,4.0,2026-05-27
90007365.SZ,159915,C,4.0,2026-06-24
90007366.SZ,159915,P,4.0,2026-06-24
90007367.SZ,159915,C,4.0,2026-09-23
90007368.SZ,159915,P,4.0,2026-09-23
90007381.SZ,159915,C,4.1,2026-04-22
90007382.SZ,159915,P,4.1,2026-04-22
90007383.SZ,159915,C,4.1,2026-05-27
90007384.SZ,159915,P,4.1,2026-05-27
90007385.SZ,159915,C,4.1,2026-06-24
90007386.SZ,159915,P,4.1,2026-06-24
90007387.SZ,159915,C,4.1,2026-09-23
90007388.SZ,159915,P,4.1,2026-09-23
90007411.SZ,159915,C,3.4,2026-12-23
90007412.SZ,159915,C,3.5,2026-12-23
90007413.SZ,159915,C,3.6,2026-12-23
90007414.SZ,159915,C,3.7,2026-12-23
90007415.SZ,159915,C,3.8,2026-12-23
90007416.SZ,159915,C,3.9,2026-12-23
90007417.SZ,159915,C,4.0,2026-12-23
90007418.SZ,159915,C,4.1,2026-12-23
90007419.SZ,159915,C,4.2,2026-12-23
90007420.SZ,159915,P,3.4,2026-12-23
90007421.SZ,159915,P,3.5,2026-12-23
90007422.SZ,159915,P,3.6,2026-12-23
90007423.SZ,159915,P,3.7,2026-12-23
90007424.SZ,159915,P,3.8,2026-12-23
90007425.SZ,159915,P,3.9,2026-12-23
90007426.SZ,159915,P,4.0,2026-12-23
90007427.SZ,159915,P,4.1,2026-12-23
90007428.SZ,159915,P,4.2,2026-12-23
90007471.SZ,159915,C,4.2,2026-05-27
90007472.SZ,159915,P,4.2,2026-05-27
90007473.SZ,159915,C,4.2,2026-06-24
90007474.SZ,159915,P,4.2,2026-06-24
90007475.SZ,159915,C,4.2,2026-09-23
90007476.SZ,159915,P,4.2,2026-09-23
90007481.SZ,159915,C,3.3,2026-12-23
90007482.SZ,159915,P,3.3,2026-12-23
90007485.SZ,159915,C,3.2,2026-12-23
90007486.SZ,159915,P,3.2,2026-12-23
90007499.SZ,159915,C,4.3,2026-05-27
90007500.SZ,159915,P,4.3,2026-05-27
90007501.SZ,159915,C,4.3,2026-06-24
90007502.SZ,159915,P,4.3,2026-06-24
90007503.SZ,159915,C,4.3,2026-09-23
90007504.SZ,159915,P,4.3,2026-09-23
90007505.SZ,159915,C,4.3,2026-12-23
90007506.SZ,159915,P,4.3,2026-12-23
90007523.SZ,159915,C,4.4,2026-05-27
90007524.SZ,159915,P,4.4,2026-05-27
90007525.SZ,159915,C,4.4,2026-06-24
90007526.SZ,159915,P,4.4,2026-06-24
90007527.SZ,159915,C,4.4,2026-09-23
90007528.SZ,159915,P,4.4,2026-09-23
90007529.SZ,159915,C,4.4,2026-12-23
90007530.SZ,159915,P,4.4,2026-12-23
90007539.SZ,159915,C,4.5,2026-05-27
90007540.SZ,159915,P,4.5,2026-05-27
90007541.SZ,159915,C,4.5,2026-06-24
90007542.SZ,159915,P,4.5,2026-06-24
90007543.SZ,159915,C,4.5,2026-09-23
90007544.SZ,159915,P,4.5,2026-09-23
90007545.SZ,159915,C,4.5,2026-12-23
90007546.SZ,159915,P,4.5,2026-12-23
90007565.SZ,159915,C,3.7,2026-07-22
90007566.SZ,159915,C,3.8,2026-07-22
90007567.SZ,159915,C,3.9,2026-07-22
90007568.SZ,159915,C,4.0,2026-07-22
90007569.SZ,159915,C,4.1,2026-07-22
90007570.SZ,159915,C,4.2,2026-07-22
90007571.SZ,159915,C,4.3,2026-07-22
90007572.SZ,159915,C,4.4,2026-07-22
90007573.SZ,159915,C,4.5,2026-07-22
90007574.SZ,159915,P,3.7,2026-07-22
90007575.SZ,159915,P,3.8,2026-07-22
90007576.SZ,159915,P,3.9,2026-07-22
90007577.SZ,159915,P,4.0,2026-07-22
90007578.SZ,159915,P,4.1,2026-07-22
90007579.SZ,159915,P,4.2,2026-07-22
90007580.SZ,159915,P,4.3,2026-07-22
90007581.SZ,159915,P,4.4,2026-07-22
90007582.SZ,159915,P,4.5,2026-07-22
