source_experiment,source_file,etf_code,sleeve_name,display_name,sample_scope,sample_start,sample_end,moneyness_label,moneyness_axis,avg_realized_moneyness,median_realized_moneyness,coverage_label,coverage_axis,avg_active_coverage,avg_entry_delta,median_entry_delta,annualized_return_cagr,sharpe_daily_mean,max_drawdown,option_leg_annualized_pnl_contribution,classification,recommendation_status,point_role,notes,reason,caveat,n_trading_days,arithmetic_annualized_return,annualized_volatility,cagr_vol_ratio,sortino_ratio,calmar_ratio,monthly_win_rate,premium_capture_ratio_agg,payoff_burden_agg,premium_capture_ratio_period_mean,payoff_burden_period_mean,positive_option_leg_period_rate,assignment_rate,p95_short_call_mtm_loss,p99_short_call_mtm_loss,max_short_call_mtm_loss,avg_actual_dte,gap_periods,early_close_rate,cumulative_return,max_drawdown_start,max_drawdown_trough,max_drawdown_recovery,drawdown_duration,worst_month_return,best_month_return
ver3_0_stepA_single_etf_sleeves,outputs/ver3_0_stepA_single_etf_sleeves/summary/ver3_0_stepA_single_etf_sleeve_summary.csv,159915,159915_DTE30_D40_Q100_Hold,159915 D40_Q100,common_portfolio_sample,2022-09-19,2026-05-27,Delta 40,0.0218407855834636,0.0212035065086027,0.0218407855834636,Q100,1.0,1.0,0.3999137848070514,0.4001996374537553,0.1082395190775613,0.6372662754172195,0.293758691735,-0.0907138057283969,Stress Test Only,diagnostic_only,diagnostic,near-delta diagnostic stress test,Q100 is retained as a full-coverage stress test.,Do not promote by default even when in-sample metrics look good.,890,0.120855834421382,0.1896473092699869,0.5707411272757301,1.0345682364680489,0.3684640561212886,0.6136363636363636,-0.3909932317678875,1.3654932317678905,-0.3734525043228755,1.3479525043228784,0.7045454545454546,0.3636363636363636,0.0488898458020928,0.1690314353499409,0.5159549228944247,29.613636363636363,0,0.0,,,,,,,
ver3_0_stepA_single_etf_sleeves,outputs/ver3_0_stepA_single_etf_sleeves/summary/ver3_0_stepA_single_etf_sleeve_summary.csv,159915,159915_DTE30_OTM5up_Q50_TP80,159915 OTM5up_Q50_TP80,common_portfolio_sample,2022-09-19,2026-05-27,OTM +5%,0.0621260846987554,0.0631153810706109,0.0621260846987554,Q50,0.3179775280898876,0.3179775280898876,0.2025380324511793,0.1922907766456512,0.1660249733496515,0.7463928197935858,0.3889796587343167,-0.0276716034662265,Diagnostic Only,diagnostic_only,diagnostic,TP80 path-management diagnostic,TP80 close-and-wait is a path-management diagnostic.,Closed cycles wait to original expiry; no immediate rewrite.,890,0.1838784773390576,0.2463561712583316,0.6739225264852651,1.366249862736278,0.426821736359872,0.5,-0.5174044549816128,1.4891379626814307,-0.1986450706196936,1.1700092855134634,0.8636363636363636,0.1590909090909091,0.0118120944891906,0.0743769276393832,0.2511269276393831,29.613636363636363,0,0.8409090909090909,,,,,,,
ver3_0_stepA_single_etf_sleeves,outputs/ver3_0_stepA_single_etf_sleeves/summary/ver3_0_stepA_single_etf_sleeve_summary.csv,159915,159915_DTE30_OTM5up_Q50_TouchK,159915 OTM5up_Q50_TouchK,common_portfolio_sample,2022-09-19,2026-05-27,OTM +5%,0.0621260846987554,0.0631153810706109,0.0621260846987554,Q50,0.4078651685393258,0.4078651685393258,0.2025380324511793,0.1922907766456512,0.1626162610304855,0.6475771546234903,0.3993618786902783,-0.016195581929577,Stress Test Only,diagnostic_only,diagnostic,Touch-K rejected appendix diagnostic,Touch-K is retained as rejected appendix diagnostic.,Not a default portfolio-layer sleeve.,890,0.1953674077863215,0.3016897776449675,0.5390181341240354,1.1951368898761805,0.4071902445065399,0.4772727272727273,-0.3028254669668884,1.2460356656808664,-0.2512698209885016,1.196025703621716,0.6590909090909091,0.0,0.0027480166022598,0.0062385533261037,0.0137898686679174,29.613636363636363,0,0.3863636363636363,,,,,,,
ver3_0_stepA_single_etf_sleeves,outputs/ver3_0_stepA_single_etf_sleeves/summary/ver3_0_stepA_single_etf_sleeve_summary.csv,159915,159915_DTE30_OTM5up_Q50_Hold,159915 OTM5up_Q50,common_portfolio_sample,2022-09-19,2026-05-27,OTM +5%,0.0621260846987554,0.0631153810706109,0.0621260846987554,Q50,0.5,0.5,0.2025380324511793,0.1922907766456512,0.1580198809533903,0.7224810714784208,0.3865037917772869,-0.0350557307911543,Defensive Overlay,primary_for_portfolio_layer,primary,high-beta OTM candidate,"Net option leg is not positive, but drawdown improves enough with similar Sharpe.","Use as risk-control sleeve, not income enhancement.",890,0.1764860439091522,0.2442777407967339,0.6468861241224609,1.3149096121753725,0.4088443226565947,0.5,-0.6554730847497399,1.629973084749745,-0.4936788714856437,1.468178871485649,0.8181818181818182,0.25,0.0137603170954178,0.0743769276393832,0.2511269276393831,29.613636363636363,0,0.0,,,,,,,
ver3_0_stepA_single_etf_sleeves,outputs/ver3_0_stepA_single_etf_sleeves/summary/ver3_0_stepA_single_etf_sleeve_summary.csv,159915,159915_DTE30_OTM5up_Q100_TP80,159915 OTM5up_Q100_TP80,common_portfolio_sample,2022-09-19,2026-05-27,OTM +5%,0.0621260846987554,0.0631153810706109,0.0621260846987554,Q100,0.6359550561797753,0.6359550561797753,0.2025380324511793,0.1922907766456512,0.1401689426061241,0.6986749259082754,0.372777179261559,-0.0553432069324531,Stress Test Only,diagnostic_only,diagnostic,high-coverage TP80 stress test,Q100 is retained as a full-coverage stress test.,Do not promote by default even when in-sample metrics look good.,890,0.1562197183326289,0.2235942818894549,0.6268896566658341,1.2115864318420373,0.3760126703136368,0.5,-0.5174044549816128,1.4891379626814307,-0.1986450706196936,1.1700092855134634,0.8636363636363636,0.1590909090909091,0.0236241889783813,0.1487538552787665,0.5022538552787663,29.613636363636363,0,0.8409090909090909,,,,,,,
ver3_0_stepA_single_etf_sleeves,outputs/ver3_0_stepA_single_etf_sleeves/summary/ver3_0_stepA_single_etf_sleeve_summary.csv,159915,159915_DTE30_OTM5up_Q100_Hold,159915 OTM5up_Q100,common_portfolio_sample,2022-09-19,2026-05-27,OTM +5%,0.0621260846987554,0.0631153810706109,0.0621260846987554,Q100,1.0,1.0,0.2025380324511793,0.1922907766456512,0.1244244321554051,0.6441299306208238,0.3676846528367775,-0.0701114615823086,Stress Test Only,diagnostic_only,diagnostic,high-coverage stress test,Q100 is retained as a full-coverage stress test.,Do not promote by default even when in-sample metrics look good.,890,0.1414348514728184,0.2195750340874566,0.566660197378573,1.10367377182324,0.3383998521435148,0.5,-0.6554730847497399,1.629973084749745,-0.4936788714856437,1.468178871485649,0.8181818181818182,0.25,0.0275206341908356,0.1487538552787665,0.5022538552787663,29.613636363636363,0,0.0,,,,,,,
ver3_0_stepA_extension_510050_sleeve_clarification,outputs/ver3_0_stepA_extension_510050_sleeve_clarification/summary/ver3_0_stepA_extension_510050_sleeve_summary.csv,510050,510050_DTE30_ATM_Q100_Hold,510050 ATM_Q100,common_portfolio_sample,2022-09-19,2026-05-27,ATM,-0.0009804551019561,-0.0003832612898528,-0.0009804551019561,Q100,1.0,1.0,0.5277215933374235,0.5325851042006456,0.0614789756338669,0.6954509998250282,0.1032484031391877,0.0218350568567073,Stress / Diagnostic Only,diagnostic_only,diagnostic,ATM full coverage stress diagnostic,"Q100 is retained as a stress diagnostic, not a default sleeve.",Do not promote Q100 by default.,890,0.0638949918319183,0.0918756200623681,0.6691544023554131,1.0538357500181637,0.5954472298325817,0.7045454545454546,0.0921327892217356,0.8823672107782671,0.0356092283231111,0.9388907716768916,0.6818181818181818,0.5681818181818182,0.0272711002922959,0.0916245967741935,0.1789112903225806,30.38636363636364,0,0.0,0.2342685110899012,2022-09-20,2022-10-31,2023-07-13,194.0,-0.0886563073022806,0.0710898496921614
ver3_0_stepA_extension_510050_sleeve_clarification,outputs/ver3_0_stepA_extension_510050_sleeve_clarification/summary/ver3_0_stepA_extension_510050_sleeve_summary.csv,510050,510050_DTE30_D40_Q50_Hold,510050 D40_Q50,common_portfolio_sample,2022-09-19,2026-05-27,Delta 40,0.0151805431650992,0.0139715327650809,0.0151805431650992,Q50,0.5,0.5,0.4068328500743159,0.4005536638408816,0.0424599952282438,0.3855386265876245,0.1670521388287906,0.0079283418955365,Positive Carry Overlay,backup_for_portfolio_layer,backup,medium coverage D40 candidate,Net option leg is positive while Sharpe improves and max drawdown is lower than BuyHold.,This is structural risk compensation with path and sample risk.,890,0.0499726337718039,0.1296177096808903,0.32757865674974,0.6451777846565948,0.2541721137240899,0.5454545454545454,0.1088299634742108,0.8656700365257932,0.114724326985561,0.8597756730144432,0.7045454545454546,0.4545454545454545,0.0107346308757205,0.0458122983870967,0.0894556451612903,30.38636363636364,0,0.0,0.1580026202935003,2023-01-20,2024-01-17,2024-09-30,408.0,-0.110433229397143,0.1135938558491744
ver3_0_stepA_extension_510050_sleeve_clarification,outputs/ver3_0_stepA_extension_510050_sleeve_clarification/summary/ver3_0_stepA_extension_510050_sleeve_summary.csv,510050,510050_DTE30_D40_Q70_Hold,510050 D40_Q70,common_portfolio_sample,2022-09-19,2026-05-27,Delta 40,0.0151805431650992,0.0139715327650809,0.0151805431650992,Q70,0.7,0.7,0.4068328500743159,0.4005536638408816,0.0472196362661978,0.4488270511954484,0.1469770109210938,0.0110996786537512,Positive Carry Overlay,primary_for_portfolio_layer,primary,main 510050 covered-call candidate,Net option leg is positive while Sharpe improves and max drawdown is lower than BuyHold.,This is structural risk compensation with path and sample risk.,890,0.053147537837958,0.1184142927579784,0.3987663580671626,0.7310991208990056,0.321272258636068,0.5909090909090909,0.1088299634742108,0.865670036525793,0.114724326985561,0.8597756730144432,0.7045454545454546,0.4545454545454545,0.0150284832260087,0.0641372177419355,0.1252379032258064,30.38636363636364,0,0.0,0.1767625114485478,2023-01-20,2024-01-17,2024-09-30,408.0,-0.1067368396046911,0.1055300033938586
ver3_0_stepA_extension_510050_sleeve_clarification,outputs/ver3_0_stepA_extension_510050_sleeve_clarification/summary/ver3_0_stepA_extension_510050_sleeve_summary.csv,510050,510050_DTE30_D40_Q100_Hold,510050 D40_Q100,common_portfolio_sample,2022-09-19,2026-05-27,Delta 40,0.0151805431650992,0.0139715327650809,0.0151805431650992,Q100,1.0,1.0,0.4068328500743159,0.4005536638408816,0.0536911073985826,0.547012816058177,0.1194591306557047,0.0158566837910731,Stress / Diagnostic Only,diagnostic_only,diagnostic,full coverage D40 stress diagnostic,"Q100 is retained as a stress diagnostic, not a default sleeve.",Do not promote Q100 by default.,890,0.0579098939371891,0.1058656986402859,0.5071624528830257,0.852032520526431,0.4494516836333481,0.6363636363636364,0.1088299634742108,0.8656700365257932,0.114724326985561,0.8597756730144432,0.7045454545454546,0.4545454545454545,0.021469261751441,0.0916245967741935,0.1789112903225806,30.38636363636364,0,0.0,0.2026175225682862,2022-09-19,2022-10-31,2023-01-13,311.0,-0.1011700717351773,0.0934278507685493
ver3_0_stepA_single_etf_sleeves,outputs/ver3_0_stepA_single_etf_sleeves/summary/ver3_0_stepA_single_etf_sleeve_summary.csv,510300,510300_DTE30_ATM_Q100_Hold,510300 ATM_Q100,common_portfolio_sample,2022-09-19,2026-05-27,ATM,0.0013714075376489,0.0008398285566092,0.0013714075376489,Q100,1.0,1.0,0.5130250759493543,0.5100086424763388,0.0738434553695277,0.7597667877017306,0.1283347811559818,0.000754623996188,Stress Test Only,diagnostic_only,diagnostic,ATM defensive baseline; Q100 stress-style reference,Q100 is retained as a full-coverage stress test.,Do not promote by default even when in-sample metrics look good.,890,0.076309554491243,0.1004381288132861,0.7352133720730927,1.160479453084184,0.5753970568569112,0.6590909090909091,0.003372328987205,0.9711276710127974,0.0386008814055381,0.9358991185944644,0.6590909090909091,0.4545454545454545,0.0305123165618447,0.0735181318681318,0.1817582417582417,29.613636363636363,0,0.0,,,,,,,
ver3_0_stepA_single_etf_sleeves,outputs/ver3_0_stepA_single_etf_sleeves/summary/ver3_0_stepA_single_etf_sleeve_summary.csv,510300,510300_DTE30_D40_Q100_TouchK,510300 D40_Q100_TouchK,common_portfolio_sample,2022-09-19,2026-05-27,Delta 40,0.0149753682624139,0.0146035826085634,0.0149753682624139,Q100,0.4842696629213483,0.4842696629213483,0.3966910870158797,0.3972324896861363,0.0430982539283251,0.3434930492155457,0.2439311658089413,-0.0204578665986532,Stress Test Only,diagnostic_only,diagnostic,Touch-K rejected appendix diagnostic,Touch-K is retained as rejected appendix diagnostic.,Not a default portfolio-layer sleeve.,890,0.0549960086533751,0.1601080685008695,0.2691822737721119,0.573397610495683,0.1766820315288524,0.5,-0.1352376567209095,1.082143009966762,-0.0839022810158813,1.0320841355591293,0.3863636363636363,0.0,0.0,0.0038991773581337,0.0064362964916908,29.613636363636363,0,0.6818181818181818,,,,,,,
ver3_0_stepA_single_etf_sleeves,outputs/ver3_0_stepA_single_etf_sleeves/summary/ver3_0_stepA_single_etf_sleeve_summary.csv,510300,510300_DTE30_D40_Q50_Hold,510300 D40_Q50,common_portfolio_sample,2022-09-19,2026-05-27,Delta 40,0.0149753682624139,0.0146035826085634,0.0149753682624139,Q50,0.5,0.5,0.3966910870158797,0.3972324896861363,0.0732627803354455,0.5782784454826436,0.1893374329235755,0.004910348925371,Positive Carry Overlay,backup_for_portfolio_layer,backup,medium coverage candidate,Net option leg is positive while Sharpe and drawdown are at least as good as BuyHold.,Still sample-limited and not an arbitrage claim.,890,0.0803512634543437,0.138949089460322,0.5272634791634694,0.988352131378652,0.3869429262042305,0.5681818181818182,0.0649201693780609,0.909579830621942,0.1038678798287147,0.8706321201712889,0.7272727272727273,0.3863636363636363,0.010171645702306,0.030309478021978,0.0840521978021978,29.613636363636363,0,0.0,,,,,,,
ver3_0_stepA_single_etf_sleeves,outputs/ver3_0_stepA_single_etf_sleeves/summary/ver3_0_stepA_single_etf_sleeve_summary.csv,510300,510300_DTE30_D40_Q70_TP80,510300 D40_Q70_TP80,common_portfolio_sample,2022-09-19,2026-05-27,Delta 40,0.0149753682624139,0.0146035826085634,0.0149753682624139,Q70,0.5293258426966292,0.5293258426966292,0.3966910870158797,0.3972324896861363,0.0771450007419882,0.6358028180512275,0.1732309375887918,0.0073346989980601,Diagnostic Only,diagnostic_only,diagnostic,TP80 path-management appendix,TP80 close-and-wait is a path-management diagnostic.,Closed cycles wait to original expiry; no immediate rewrite.,890,0.0827949391394074,0.1302210949507564,0.5924155435120624,1.0721512569177238,0.4453303885308972,0.5681818181818182,0.0692662300040944,0.9032532554770444,0.1300013574249736,0.8423936737467003,0.7727272727272727,0.3181818181818182,0.0142403039832284,0.0424332692307692,0.1176730769230769,29.613636363636363,0,0.6818181818181818,,,,,,,
ver3_0_stepA_single_etf_sleeves,outputs/ver3_0_stepA_single_etf_sleeves/summary/ver3_0_stepA_single_etf_sleeve_summary.csv,510300,510300_DTE30_D40_Q70_Hold,510300 D40_Q70,common_portfolio_sample,2022-09-19,2026-05-27,Delta 40,0.0149753682624139,0.0146035826085634,0.0149753682624139,Q70,0.7,0.7,0.3966910870158797,0.3972324896861363,0.0769978555832706,0.6449520606698768,0.1718763984229173,0.0068744884955194,Positive Carry Overlay,primary_for_portfolio_layer,primary,high coverage candidate,Net option leg is positive while Sharpe and drawdown are at least as good as BuyHold.,Still sample-limited and not an arbitrage claim.,890,0.0823342109647597,0.1276594277088496,0.6031505621259572,1.0753475019792094,0.4479838784718452,0.5681818181818182,0.0649201693780609,0.9095798306219424,0.1038678798287147,0.8706321201712889,0.7272727272727273,0.3863636363636363,0.0142403039832284,0.0424332692307692,0.1176730769230769,29.613636363636363,0,0.0,,,,,,,
ver3_0_stepA_single_etf_sleeves,outputs/ver3_0_stepA_single_etf_sleeves/summary/ver3_0_stepA_single_etf_sleeve_summary.csv,510300,510300_DTE30_D40_Q100_TP80,510300 D40_Q100_TP80,common_portfolio_sample,2022-09-19,2026-05-27,Delta 40,0.0149753682624139,0.0146035826085634,0.0149753682624139,Q100,0.7561797752808989,0.7561797752808989,0.3966910870158797,0.3972324896861363,0.0820064735789687,0.7195720791740003,0.1537717850515622,0.0104781414258002,Stress Test Only,diagnostic_only,diagnostic,high-coverage TP80 stress test,Q100 is retained as a full-coverage stress test.,Do not promote by default even when in-sample metrics look good.,890,0.0859668153370252,0.1194693593944151,0.6864226442215466,1.1627798914076013,0.5332998739103576,0.5681818181818182,0.0692662300040944,0.9032532554770444,0.1300013574249736,0.8423936737467003,0.7727272727272727,0.3181818181818182,0.020343291404612,0.060618956043956,0.1681043956043956,29.613636363636363,0,0.6818181818181818,,,,,,,
ver3_0_stepA_single_etf_sleeves,outputs/ver3_0_stepA_single_etf_sleeves/summary/ver3_0_stepA_single_etf_sleeve_summary.csv,510300,510300_DTE30_D40_Q100_Hold,510300 D40_Q100,common_portfolio_sample,2022-09-19,2026-05-27,Delta 40,0.0149753682624139,0.0146035826085634,0.0149753682624139,Q100,1.0,1.0,0.3966910870158797,0.3972324896861363,0.0817620149473512,0.737149341761305,0.1483936644646655,0.009820697850742,Stress Test Only,diagnostic_only,diagnostic,full coverage stress test,Q100 is retained as a full-coverage stress test.,Do not promote by default even when in-sample metrics look good.,890,0.0853086322303857,0.1157277466009179,0.7065031278048124,1.1698814377047158,0.5509804966560407,0.6136363636363636,0.0649201693780609,0.909579830621942,0.1038678798287147,0.8706321201712889,0.7272727272727273,0.3863636363636363,0.020343291404612,0.060618956043956,0.1681043956043956,29.613636363636363,0,0.0,,,,,,,
ver3_0_stepA_single_etf_sleeves,outputs/ver3_0_stepA_single_etf_sleeves/summary/ver3_0_stepA_single_etf_sleeve_summary.csv,510500,510500_DTE30_D40_Q100_Hold,510500 D40_Q100,common_portfolio_sample,2022-09-19,2026-05-27,Delta 40,0.0187647398946318,0.0174423468143857,0.0187647398946318,Q100,1.0,1.0,0.38982471251847,0.3900953404945682,0.0658835991718935,0.4907904855994632,0.2392536513631095,-0.0544788492446674,Stress Test Only,diagnostic_only,diagnostic,near-delta diagnostic stress test,Q100 is retained as a full-coverage stress test.,Do not promote by default even when in-sample metrics look good.,890,0.0757532868957473,0.1543495424594886,0.426846740988466,0.753265371662236,0.2753713424916705,0.6363636363636364,-0.3162674829828677,1.2907674829828713,-0.4106943889833985,1.3851943889834029,0.6590909090909091,0.4318181818181818,0.0364245688675844,0.096557597312784,0.1857340446552065,29.613636363636363,0,0.0,,,,,,,
ver3_0_stepA_single_etf_sleeves,outputs/ver3_0_stepA_single_etf_sleeves/summary/ver3_0_stepA_single_etf_sleeve_summary.csv,510500,510500_DTE30_OTM5up_Q50_TP80,510500 OTM5up_Q50_TP80,common_portfolio_sample,2022-09-19,2026-05-27,OTM +5%,0.0666650128097303,0.0678905706313673,0.0666650128097303,Q50,0.3123595505617977,0.3123595505617977,0.1293225496633284,0.1271497883953432,0.1033115146868819,0.5901111914484156,0.294858026111669,-0.0117488118513725,Diagnostic Only,diagnostic_only,diagnostic,TP80 path-management diagnostic,TP80 close-and-wait is a path-management diagnostic.,Closed cycles wait to original expiry; no immediate rewrite.,890,0.1184301512013902,0.2006912475438839,0.5147783769907128,1.0033741608206237,0.3503771494683874,0.5,-0.4737807515539128,1.4453173921288145,-0.2086346004925086,1.1799458068291229,0.8863636363636364,0.1136363636363636,0.0059158278450155,0.031160343805572,0.0770796285319107,29.613636363636363,0,0.8863636363636364,,,,,,,
ver3_0_stepA_single_etf_sleeves,outputs/ver3_0_stepA_single_etf_sleeves/summary/ver3_0_stepA_single_etf_sleeve_summary.csv,510500,510500_DTE30_OTM5up_Q50_TouchK,510500 OTM5up_Q50_TouchK,common_portfolio_sample,2022-09-19,2026-05-27,OTM +5%,0.0666650128097303,0.0678905706313673,0.0666650128097303,Q50,0.448314606741573,0.448314606741573,0.1293225496633284,0.1271497883953432,0.0941508905992627,0.5370297496008327,0.2942111359246147,-0.0186285142110095,Stress Test Only,diagnostic_only,diagnostic,Touch-K rejected appendix diagnostic,Touch-K is retained as rejected appendix diagnostic.,Not a default portfolio-layer sleeve.,890,0.1115427101439354,0.2077030373584399,0.4532956850158308,0.8975529000249389,0.3200113085569503,0.4772727272727273,-0.7512105542990525,1.6827991753281926,-0.0610385002005833,1.0097888836670783,0.7727272727272727,0.0,0.0016575280946775,0.0042976271765107,0.0179707567674372,29.613636363636363,0,0.2272727272727272,,,,,,,
ver3_0_stepA_single_etf_sleeves,outputs/ver3_0_stepA_single_etf_sleeves/summary/ver3_0_stepA_single_etf_sleeve_summary.csv,510500,510500_DTE30_OTM5up_Q50_Hold,510500 OTM5up_Q50,common_portfolio_sample,2022-09-19,2026-05-27,OTM +5%,0.0666650128097303,0.0678905706313673,0.0666650128097303,Q50,0.5,0.5,0.1293225496633284,0.1271497883953432,0.1013730510425026,0.5841725021259542,0.2942111359246132,-0.0137910654942749,Pure ETF Preferred,rejected,diagnostic,high-beta OTM candidate,Covered-call sleeve does not improve the ETF baseline enough.,Keep as pure ETF or diagnostic reference.,890,0.116385600310295,0.199231562401068,0.5088202382232544,0.9884117182867992,0.3445588513293997,0.5,-0.5561363529575426,1.530636352957548,-0.2054679187543661,1.179967918754369,0.8409090909090909,0.1590909090909091,0.0070154302318255,0.031160343805572,0.0770796285319107,29.613636363636363,0,0.0,,,,,,,
ver3_0_stepA_single_etf_sleeves,outputs/ver3_0_stepA_single_etf_sleeves/summary/ver3_0_stepA_single_etf_sleeve_summary.csv,510500,510500_DTE30_OTM5up_Q100_TP80,510500 OTM5up_Q100_TP80,common_portfolio_sample,2022-09-19,2026-05-27,OTM +5%,0.0666650128097303,0.0678905706313673,0.0666650128097303,Q100,0.6247191011235955,0.6247191011235955,0.1293225496633284,0.1271497883953432,0.092635018836368,0.5608519694383945,0.2904031170336965,-0.023497623702745,Stress Test Only,diagnostic_only,diagnostic,high-coverage TP80 stress test,Q100 is retained as a full-coverage stress test.,Do not promote by default even when in-sample metrics look good.,890,0.1066897390190103,0.1902279831982107,0.486968411686548,0.9294691975218804,0.3189876878133483,0.5227272727272727,-0.4737807515539128,1.4453173921288145,-0.2086346004925086,1.1799458068291229,0.8863636363636364,0.1136363636363636,0.011831655690031,0.062320687611144,0.1541592570638214,29.613636363636363,0,0.8863636363636364,,,,,,,
ver3_0_stepA_single_etf_sleeves,outputs/ver3_0_stepA_single_etf_sleeves/summary/ver3_0_stepA_single_etf_sleeve_summary.csv,510500,510500_DTE30_OTM5up_Q100_Hold,510500 OTM5up_Q100,common_portfolio_sample,2022-09-19,2026-05-27,OTM +5%,0.0666650128097303,0.0678905706313673,0.0666650128097303,Q100,1.0,1.0,0.1293225496633284,0.1271497883953432,0.0887290213705791,0.5472562720370053,0.289100603175152,-0.0275821309885499,Stress Test Only,diagnostic_only,diagnostic,high-coverage stress test,Q100 is retained as a full-coverage stress test.,Do not promote by default even when in-sample metrics look good.,890,0.1026006372368216,0.1874818845929715,0.4732671722562015,0.8972465356932393,0.3069139960141229,0.5454545454545454,-0.5561363529575426,1.530636352957548,-0.2054679187543661,1.179967918754369,0.8409090909090909,0.1590909090909091,0.014030860463651,0.062320687611144,0.1541592570638214,29.613636363636363,0,0.0,,,,,,,
ver3_0_stepA_extension_588000_sleeve_clarification,outputs/ver3_0_stepA_extension_588000_sleeve_clarification/summary/ver3_0_stepA_extension_588000_sleeve_summary.csv,588000,588000_DTE30_ATM_Q100_Hold,588000 ATM_Q100,short_sample_extension,2023-06-30,2026-05-27,ATM,0.0053619302949061,0.0006032826838843,0.0053619302949061,Q100,1.0,1.0,0.5322309121912694,0.4975911905824409,0.0529936291070554,0.3793124653597281,0.1921378274057315,-0.2048820349678159,Stress / Diagnostic Only,diagnostic_only,diagnostic,ATM full-coverage stress diagnostic,Q100/ATM full coverage is retained only as stress diagnostic.,Do not use as default sleeve.,703,0.0674642280100402,0.177859243160014,0.2979526290875915,0.5899232810658227,0.2758104940738733,0.6,-0.5809554618717575,1.555455461871758,-0.7104598982096955,1.6849598982096956,0.7428571428571429,0.4285714285714285,0.1040875232774674,0.3484342857142861,0.6202857142857143,30.34285714285714,0,0.0,0.1547067759273661,2023-07-04,2024-02-02,2024-10-09,304.0,-0.1274290372353609,0.1297713341451487
ver3_0_stepA_extension_588000_sleeve_clarification,outputs/ver3_0_stepA_extension_588000_sleeve_clarification/summary/ver3_0_stepA_extension_588000_sleeve_summary.csv,588000,588000_DTE30_D40_Q50_Hold,588000 D40_Q50,short_sample_extension,2023-06-30,2026-05-27,Delta 40,0.0261194029850746,0.0261916974255231,0.0261194029850746,Q50,0.5,0.5,0.4030350485456822,0.405084226446597,0.1369292555145311,0.6335178060602831,0.2895515450136243,-0.1124333705821529,Defensive Overlay,rejected,diagnostic,D40 cross-ETF reference candidate,"Drawdown improves, but option leg is negative and upside give-up is material.",Use only when drawdown control is more important than growth capture.,703,0.1600445856498137,0.2526283935807551,0.5420184705831983,1.127790567606134,0.4729011392706891,0.4571428571428571,-0.9065367775945764,1.8810367775945764,-0.7335802849382607,1.7080802849382608,0.8,0.3142857142857143,0.0462042695748211,0.174217142857143,0.3101428571428571,30.34285714285714,0,0.0,0.4297412433428835,2023-07-04,2024-02-02,2024-11-11,327.0,-0.1780483461079407,0.1726925600021542
ver3_0_stepA_extension_588000_sleeve_clarification,outputs/ver3_0_stepA_extension_588000_sleeve_clarification/summary/ver3_0_stepA_extension_588000_sleeve_summary.csv,588000,588000_DTE30_D40_Q100_Hold,588000 D40_Q100,short_sample_extension,2023-06-30,2026-05-27,Delta 40,0.0261194029850746,0.0261916974255231,0.0261194029850746,Q100,1.0,1.0,0.4030350485456822,0.405084226446597,0.0276008820567077,0.2359850928289436,0.2432295247197696,-0.2248667411643059,Stress / Diagnostic Only,diagnostic_only,diagnostic,full-coverage D40 stress diagnostic,Q100/ATM full coverage is retained only as stress diagnostic.,Do not use as default sleeve.,703,0.0474510535711044,0.2010764875114373,0.1372655868336559,0.3740070053975665,0.1134766928007911,0.5428571428571428,-0.9065367775945764,1.8810367775945764,-0.7335802849382607,1.7080802849382608,0.8,0.3142857142857143,0.0924085391496423,0.3484342857142861,0.6202857142857143,30.34285714285714,0,0.0,0.0787966532727868,2023-07-04,2024-02-02,2025-02-24,395.0,-0.1607246549078752,0.1453582650642957
ver3_0_stepA_extension_588000_sleeve_clarification,outputs/ver3_0_stepA_extension_588000_sleeve_clarification/summary/ver3_0_stepA_extension_588000_sleeve_summary.csv,588000,588000_DTE30_OTM5up_Q50_Hold,588000 OTM5up_Q50,short_sample_extension,2023-06-30,2026-05-27,OTM +5%,0.0501355013550135,0.0534362639948709,0.0501355013550135,Q50,0.5,0.5,0.2843714510576153,0.2870695712298968,0.1529110886220701,0.6684563408545622,0.3088489849705672,-0.0953500970982511,Defensive Overlay,backup_defensive_overlay,backup,main defensive covered-call candidate,"Drawdown improves, but option leg is negative and upside give-up is material.",Use only when drawdown control is more important than growth capture.,703,0.1771521942811285,0.2650168506961205,0.5769862867980589,1.2097496687684357,0.4950998580637793,0.4571428571428571,-1.1317479805688777,2.1062479805688774,-2.0921203155601704,3.0666203155601703,0.8,0.2,0.0352740688685874,0.1475785714285716,0.2835,30.34285714285714,0,0.0,0.4864335120234664,2023-07-04,2024-09-23,2025-02-10,385.0,-0.1823978530627291,0.1970058726334762
ver3_0_stepA_extension_588000_sleeve_clarification,outputs/ver3_0_stepA_extension_588000_sleeve_clarification/summary/ver3_0_stepA_extension_588000_sleeve_summary.csv,588000,588000_DTE30_OTM5up_Q100_Hold,588000 OTM5up_Q100,short_sample_extension,2023-06-30,2026-05-27,OTM +5%,0.0501355013550135,0.0534362639948709,0.0501355013550135,Q100,1.0,1.0,0.2843714510576153,0.2870695712298968,0.0593721270912037,0.3728705453738862,0.2653729614950737,-0.1907001941965022,Stress / Diagnostic Only,diagnostic_only,diagnostic,full-coverage OTM5 stress diagnostic,Q100/ATM full coverage is retained only as stress diagnostic.,Do not use as default sleeve.,703,0.0816662708337345,0.2190204397932418,0.2710803025838676,0.6093033754119801,0.2237308833451215,0.4857142857142857,-1.1317479805688777,2.1062479805688774,-2.0921203155601704,3.0666203155601703,0.8,0.2,0.0705481377371749,0.2951571428571433,0.567,30.34285714285714,0,0.0,0.1742973521720865,2023-07-04,2024-02-02,2025-08-12,511.0,-0.1695283640652974,0.1536542728398011
