etf_code,strategy,style_bucket,cumulative_return,annualized_return,annualized_volatility,sharpe_ratio,sortino_ratio,max_drawdown,calmar_ratio,excess_return_total,excess_return_annualized,information_ratio,upside_capture_ratio,downside_capture_ratio,average_premium_yield,total_premium_contribution,total_upside_truncation_cost,total_transaction_cost_drag,net_option_contribution,assignment_frequency,average_coverage_ratio,average_selected_delta,average_moneyness,option_sale_success_rate
510300,S0_BuyHold,A股核心宽基,-0.07161555721765134,-0.013805871590977903,0.18935321230079916,-0.07291068064399368,-0.14851360804037445,-0.39640314724615966,-0.03482785564869567,0.0,0.0,,1.0,1.0,0.0,0.0,0.0,0.0,0.0,0.0,0.0,,,0.0
510300,S1_ATM_100_Monthly,A股核心宽基,0.026352372575497274,0.005788153723119915,0.09731756925423582,0.05947696564428916,0.07696873198958352,-0.24330524268148068,0.023789679413926103,0.09796792979314861,0.007028433210583354,0.0442838335713782,0.48131299564490554,0.4480146526997187,0.018339961628616782,1.192097505860091,0.8298334110705116,0.0005960487529300455,0.36166804603664937,0.46153846153846156,1.0,0.5186441373689967,-0.0003531426495601282,1.0
510300,S4_OTM5_100_Monthly,A股核心宽基,-0.1612887243079797,-0.038275247660335854,0.1386213303724135,-0.276113694461793,-0.41896010006882706,-0.3990176669737936,-0.0959236916766637,-0.08967316709032835,-0.03290496309051802,-0.2534854853830937,0.6868466144413834,0.8066942186128915,0.004538834158249098,0.29502422028619135,0.11318246190737613,0.00014751211014309566,0.1816942462686721,0.07692307692307693,1.0,0.1593821211180691,0.05054570913285901,1.0
510300,S5_IVTiming_ATM_Monthly,A股核心宽基,-0.08074780998004771,-0.016816757353304346,0.16560678987037633,-0.10154630354508502,-0.18319286992866712,-0.39533415357374,-0.04253808379894399,-0.009132252762396376,-0.0073210210950371895,-0.0873661664866794,0.7781154139597799,0.8055790346891105,0.0072554296748631696,0.471602928866106,0.3837685307084253,0.00023580146443305305,0.08759859669324777,0.2153846153846154,0.36923076923076925,0.5082574016747924,0.0005630126414595885,0.49230769230769234
510300,S6_IVTiming_OTM5_Monthly,A股核心宽基,-0.10115163261597393,-0.021252124346479828,0.17695589928554703,-0.12009842244471364,-0.2240451488499347,-0.4336730293880622,-0.0490049482128686,-0.029536075398322592,-0.009935828295784856,-0.17079989582673788,0.8653689846092661,0.9048308046446157,0.0024781523283091524,0.1610799013400949,0.08638167058043675,8.053995067004748e-05,0.07461769080898811,0.06153846153846154,0.36923076923076925,0.18413045843618425,0.04856830420790842,0.49230769230769234
510050,S0_BuyHold,大盘蓝筹/金融权重,-0.19114470842332654,-0.03890980129647681,0.17950575083651127,-0.21676075064533587,-0.3782312010601234,-0.3876569596580286,-0.10037173415073232,0.0,0.0,,1.0,1.0,0.0,0.0,0.0,0.0,0.0,0.0,0.0,,,0.0
510050,S1_ATM_100_Monthly,大盘蓝筹/金融权重,-0.003648452420549453,-0.0008106866283019709,0.09496756082977577,-0.008536458357134,-0.010467249400692184,-0.23847778298588496,-0.003399422026453315,0.18749625600277708,0.03236771331692052,0.22443215667519786,0.44821491513593503,0.38749821695834313,0.018606977769687734,1.2094535550297028,0.813527648127646,0.0006047267775148514,0.395321180124542,0.4461538461538462,1.0,0.5158491036325342,0.0006406979657041759,1.0
510050,S4_OTM5_100_Monthly,大盘蓝筹/金融权重,-0.16411756390691223,-0.038995930627697684,0.13430402426924054,-0.2903556378141148,-0.4335425227501899,-0.3626445742156704,-0.10753209450889561,0.027027144516414303,-0.0020825147026507624,-0.017578852491040076,0.685279664633455,0.7259721638083979,0.005275084183290529,0.3428804719138844,0.10264983810734368,0.0001714402359569422,0.24005919357058378,0.09230769230769231,1.0,0.17496020976291532,0.04844353036637926,1.0
510050,S5_IVTiming_ATM_Monthly,大盘蓝筹/金融权重,-0.23341748347011038,-0.05174656156007751,0.1623520277260366,-0.31873061448544415,-0.4918586754401837,-0.4608299415642966,-0.11228992930542395,-0.04227277504678384,-0.0144404684158612,-0.1778741354396725,0.7759050463724355,0.8582138210934224,0.006407190892729074,0.4164674080273898,0.30026778457877346,0.00020823370401369489,0.11599138974460267,0.2,0.3153846153846154,0.510833061481345,0.0015026650603339106,0.4307692307692308
510050,S6_IVTiming_OTM5_Monthly,大盘蓝筹/金融权重,-0.256241932023069,-0.057458633069930265,0.16887872897038775,-0.3402360582664346,-0.5471250467989295,-0.47161235948117086,-0.12183445135564626,-0.06509722359974246,-0.0194150624217369,-0.3102215991831364,0.85012184337981,0.9448810425879468,0.0025501083448467646,0.1657570424150397,0.07456937320328164,8.287852120751984e-05,0.09110479069055051,0.06153846153846154,0.3153846153846154,0.19953857713916662,0.047336132420171165,0.4307692307692308
588000,S0_BuyHold,科创/硬科技,0.24267211997273397,0.04148389579167877,0.32663376781531145,0.12700430843125507,0.27384918611792713,-0.5626892792247122,0.07372434009909759,0.0,0.0,,1.0,1.0,0.0,0.0,0.0,0.0,0.0,0.0,0.0,,,0.0
588000,S1_ATM_100_Monthly,科创/硬科技,-0.2778167074518313,-0.0644224915566971,0.208113578092178,-0.3095544853309042,-0.4835600015364633,-0.5580809775903853,-0.11543574166396561,-0.5204888274245653,-0.14391702805761272,-0.570308934783874,0.48557842504333315,0.714233792157143,0.018862566228790796,1.2260668048714018,1.3477003482394352,0.0006130334024357009,-0.1222465767704689,0.2153846153846154,0.5538461538461539,0.5261865581459994,-0.0006836751114439044,0.5538461538461539
588000,S4_OTM5_100_Monthly,科创/硬科技,-0.2691496043984307,-0.06213614884080232,0.238175266586592,-0.26088413684303297,-0.4638953178685463,-0.6152603948699157,-0.10099162786829428,-0.5118217243711647,-0.13514301374932425,-0.5995691913558157,0.614861993537403,0.8534333695366091,0.010013884171754825,0.6509024711640636,0.7299390993674801,0.00032545123558203184,-0.07936207943899856,0.12307692307692308,0.5538461538461539,0.29128058014944824,0.04983217189875851,0.5538461538461539
588000,S5_IVTiming_ATM_Monthly,科创/硬科技,-0.18772669841821,-0.03979139409635646,0.2551065162666649,-0.1559795283894755,-0.24805235555087055,-0.5735627044215625,-0.06937583944982274,-0.43039881839094396,-0.10262984871708067,-0.5099668858693601,0.6856888542344884,0.8735725904725541,0.010023124717212614,0.6515031066188198,0.7852830235527979,0.00032575155330940995,-0.13410566848728755,0.16923076923076924,0.2153846153846154,0.536715164749734,-0.0027571833564719274,0.2923076923076923
588000,S6_IVTiming_OTM5_Monthly,科创/硬科技,-0.08036220851069265,-0.016227521991903804,0.2731937633298052,-0.05939931349133179,-0.10276337634130762,-0.5735627044215625,-0.02829249856520787,-0.3230343284834266,-0.07410658182038043,-0.3878464660533901,0.7816870233522362,0.9194592315400385,0.006356005367580025,0.4131403488927016,0.40098469150709687,0.0002065701744463509,0.011949087211158508,0.1076923076923077,0.2153846153846154,0.33033884981249956,0.04841356636734318,0.2923076923076923
159915,S0_BuyHold,成长/科技/医药权重,0.3684384285242652,0.06043854488098632,0.3215011749968314,0.1879885660809233,0.4762934621380992,-0.547253396337862,0.1104397803383808,0.0,0.0,,1.0,1.0,0.0,0.0,0.0,0.0,0.0,0.0,0.0,,,0.0
159915,S1_ATM_100_Monthly,成长/科技/医药权重,-0.08724770205205412,-0.018935535636545264,0.19139504076087224,-0.09893430655919243,-0.14845412226192228,-0.46177968659965896,-0.04100556214583227,-0.45568613057631935,-0.1185865551879307,-0.4565566088752774,0.46856956871064753,0.6198074034492559,0.020275766358481245,1.3179248133012809,1.3693452372636856,0.0006589624066506404,-0.052079386369055534,0.3384615384615385,0.6923076923076923,0.5346885454402983,-0.0028907400086068758,0.6923076923076923
159915,S4_OTM5_100_Monthly,成长/科技/医药权重,-0.11400033658302922,-0.02502807445010813,0.21923673014931588,-0.11416004258530138,-0.19684386765881137,-0.5735526859951083,-0.04363692309571293,-0.48243876510729444,-0.1192198851208733,-0.512337667468973,0.5935330300846733,0.7861206765754659,0.008918910192148275,0.5797291624896379,0.6345430516010621,0.00028986458124481907,-0.055103753692668914,0.18461538461538463,0.6923076923076923,0.25140764191727333,0.047692289437181776,0.6923076923076923
159915,S5_IVTiming_ATM_Monthly,成长/科技/医药权重,0.25118131326378057,0.045480346978870934,0.2860756108543818,0.15898016207338045,0.37155659138174285,-0.5271021238819487,0.08628374828756495,-0.11725711526048466,-0.030676853772843665,-0.23251173624049434,0.7732577840650038,0.7886197407398079,0.010085387974148399,0.6555502183196459,0.7608580096265688,0.000327775109159823,-0.1056355664160828,0.2153846153846154,0.27692307692307694,0.5308343187541038,-0.0032149286470869454,0.38461538461538464
159915,S6_IVTiming_OTM5_Monthly,成长/科技/医药权重,0.2988397807066303,0.05326637651533006,0.2953900464863364,0.18032556326434634,0.4367539687851896,-0.5544830822013804,0.09606492646061375,-0.06959864781763492,-0.020616684378687293,-0.17759700264274664,0.8320616172276806,0.8374516203334038,0.005789138509228912,0.37629400309987926,0.4310547060326215,0.00018814700154993965,-0.05494884993429225,0.15384615384615385,0.27692307692307694,0.2857021695585411,0.04533853306329438,0.38461538461538464
510500,S0_BuyHold,中盘成长/均衡,0.2037300683371288,0.035298706362052235,0.23433134646469989,0.15063587050812982,0.24922480115910373,-0.4294017922015021,0.08220437595539397,0.0,0.0,,1.0,1.0,0.0,0.0,0.0,0.0,0.0,0.0,0.0,,,0.0
510500,S1_ATM_100_Monthly,中盘成长/均衡,-0.2270571671583227,-0.052504739385303534,0.16066105912987744,-0.3268043897486012,-0.3954695185332651,-0.4606753549660735,-0.11397340625953445,-0.4307872354954515,-0.10897462278767692,-0.6681043892756942,0.5301569763453502,0.8000232526506476,0.013896667022155421,0.9032833564401024,0.9599483339874119,0.0004516416782200512,-0.057116619225529464,0.38461538461538464,0.6923076923076923,0.5214857852119213,0.0013037601541111702,0.6923076923076923
510500,S4_OTM5_100_Monthly,中盘成长/均衡,-0.2598265958925564,-0.061061287534831976,0.18544095822797174,-0.32927616486842304,-0.4648611228484621,-0.5247012637601076,-0.11637343332709997,-0.4635566642296852,-0.11379689601414963,-0.8096389421481106,0.6891124284678554,1.014014787160353,0.004052162564313118,0.26339056668035266,0.34340349674238296,0.00013169528334017633,-0.08014462534537053,0.12307692307692308,0.6923076923076923,0.1721952751673772,0.052641720785453115,0.6923076923076923
510500,S5_IVTiming_ATM_Monthly,中盘成长/均衡,-0.012695581304081882,-0.00252721545793011,0.184676391299727,-0.013684561627741997,-0.019276698270905057,-0.45965415583186153,-0.0054980802976891795,-0.2164256496412107,-0.05007566016253425,-0.3668655468128603,0.7538513631825453,0.8806918528454886,0.00665756164797931,0.43274150711865517,0.3861330201044905,0.00021637075355932758,0.0463921162606053,0.2,0.2846153846153846,0.505822589372878,0.0036417712212839337,0.38461538461538464
510500,S6_IVTiming_OTM5_Monthly,中盘成长/均衡,-0.06935477652881883,-0.014134189689031573,0.19274185835873045,-0.07333222689347049,-0.10682998236779667,-0.4820032551401724,-0.029323846962239247,-0.27308484486594764,-0.06029265765983812,-0.47486934498516065,0.7868030273225209,0.9594637676662079,0.0026224451258230336,0.1704589331784972,0.17557042686919588,8.522946658924861e-05,-0.005196723157287908,0.06153846153846154,0.2846153846153846,0.20406589498105634,0.05242360330504296,0.38461538461538464
